product_id,sku,product_name,department,supplier_id,supplier_name,unit_of_billing_id,billing_basis,is_scale_item,sell_through_pct,avg_list_price,avg_net_price,avg_unit_cost,order_lines,cases_shipped,pounds_shipped,revenue,cogs,gross_margin,avg_days_of_supply,avg_on_hand_cases,avg_reorder_point_cases,stockout_lines
P10286,EL-1286,Portable Speaker Northgate Value Single,Electronics,S1015,Sandhill Home Goods,1,each,false,97.43,1915.7317,1829.4215,1577.7527,628,1827.0,32456.13,3295406.33,2884661.9,410744.43,35.37,15.6,4.94,33
P10837,EL-1837,Bluetooth Headphones Northgate Value Bulk,Electronics,S1023,Fairmont Global,1,each,false,99.0,1550.6702,1480.5996,1251.3011,592,1803.0,27407.5,2621625.77,2262725.28,358900.49,36.07,16.65,5.18,23
P10459,EL-1459,Smart Watch Northgate Select Value Bundle,Electronics,S1007,Northwind Distribution,1,each,false,99.0,1403.8999,1341.0686,1308.3534,588,1858.0,24610.9,2450989.15,2433943.43,17045.71,36.9,16.99,5.4,22
P10117,EL-1117,Wireless Router Everyday Basics Family Size,Electronics,S1018,Ridgemont Home Goods,1,each,false,95.41,1366.3621,1304.9541,1138.1151,578,1844.0,25569.42,2364574.21,2095003.78,269570.43,36.51,18.53,5.34,25
P10856,EL-1856,Tablet Premium Label Multipack,Electronics,S1043,Stonebridge Consumer Products,1,each,false,97.43,1248.4538,1191.1076,1088.6059,595,1929.0,26452.53,2263075.43,2101724.15,161351.27,39.81,20.45,5.45,24
P10275,EL-1275,Streaming Stick Premium Label Travel Size,Electronics,S1039,Brightwater Manufacturing,1,each,false,88.8,1281.6154,1222.8239,1026.9874,594,1798.0,24830.55,2163066.68,1847586.77,315479.92,36.13,15.97,5.09,28
P10473,EL-1473,Bluetooth Headphones Exclusive Brand Bulk,Electronics,S1024,Redstone Consumer Products,1,each,false,90.83,1214.1425,1159.7746,1015.0927,610,1813.0,25083.11,2070936.02,1838130.37,232805.66,37.53,16.58,5.0,22
P10079,EL-1079,Streaming Stick Premium Label Family Size,Electronics,S1017,Grayrock Home Goods,1,each,false,93.23,1154.8519,1102.991,989.3049,610,1908.0,21975.97,2063191.08,1885200.03,177991.05,37.46,17.67,5.35,29
P10725,EL-1725,Tablet Exclusive Brand Multipack,Electronics,S1012,Silverbrook Distribution,1,each,false,91.71,1197.5601,1142.895,920.0386,596,1757.0,15826.7,1981435.34,1614166.85,367268.49,34.35,15.33,5.01,29
P10623,EL-1623,4K Smart TV Everyday Basics Club Pack,Electronics,S1028,Ridgemont Partners,1,each,false,92.17,963.633,919.9162,793.0945,654,2116.0,19213.19,1925032.54,1681884.14,243148.4,37.23,18.35,5.39,35
P10012,EL-1012,Smart Watch Northgate Select Value Bundle,Electronics,S1020,Thornbury Global,1,each,false,92.63,1075.5435,1026.4231,897.9055,589,1881.0,16790.79,1892243.04,1695367.3,196875.74,38.14,18.72,5.44,19
P10543,EL-1543,Smart Watch Northgate Value Value Bundle,Electronics,S1036,Crestline Manufacturing,1,each,false,99.0,1084.3407,1034.8702,1026.1314,620,1819.0,20615.81,1853327.84,1856968.99,-3641.15,36.26,15.55,4.96,31
P10041,EL-1041,Wireless Router Northgate Select Club Pack,Electronics,S1029,Silverbrook Partners,1,each,false,85.41,1042.0889,996.2052,919.632,647,1841.0,14647.15,1811902.85,1697225.98,114676.87,36.31,15.05,4.84,26
P10544,EL-1544,4K Smart TV Northgate Value 2-Pack,Electronics,S1001,Blackpine Foods,1,each,false,99.0,1055.5822,1008.4936,889.0521,604,1800.0,17270.9,1783666.02,1600714.28,182951.74,36.08,15.89,5.12,25
P10592,EL-1592,Bluetooth Headphones Northgate Select Travel Size,Electronics,S1013,Silverbrook Consumer Products,1,each,false,95.37,1117.374,1066.5482,986.93,578,1679.0,17478.3,1768135.01,1658812.04,109322.97,35.54,15.51,4.94,23
P10129,EL-1129,Tablet Premium Label Bulk,Electronics,S1008,Ridgemont Distribution,1,each,false,97.27,924.7141,883.0574,756.9424,633,1928.0,22447.09,1679885.86,1462248.77,217637.1,37.91,17.78,5.22,22
P10484,EL-1484,4K Smart TV Northgate Value Club Pack,Electronics,S1021,Blackpine Distribution,1,each,false,95.61,1010.9816,965.9873,819.0689,587,1736.0,15338.15,1645506.35,1418197.02,227309.32,36.1,15.94,5.0,21
P10066,EL-1066,Smart Watch Everyday Basics Club Pack,Electronics,S1036,Crestline Manufacturing,1,each,false,94.89,853.6856,814.8829,708.1289,630,1977.0,16752.18,1578880.69,1400869.26,178011.43,36.88,17.62,5.28,22
P10753,EL-1753,4K Smart TV Everyday Basics Value Bundle,Electronics,S1028,Ridgemont Partners,1,each,false,99.0,724.7672,691.8699,641.4413,615,1956.0,18418.8,1334454.88,1253807.18,80647.7,37.33,18.07,5.4,24
P10410,EL-1410,Wireless Router National Brand Bulk,Electronics,S1038,Thornbury Industries,1,each,false,93.58,701.3443,669.4824,579.3136,620,1878.0,17228.26,1237751.54,1088241.59,149509.95,36.45,16.64,4.99,26
P10113,HK-1113,Table Lamp Premium Label Single,Home & Kitchen,S1043,Stonebridge Consumer Products,1,each,false,88.73,659.2831,629.4363,375.4705,601,1993.0,40472.66,1236836.24,748312.71,488523.53,39.74,19.23,5.37,11
P10255,EL-1255,Bluetooth Headphones National Brand Bulk,Electronics,S1030,Sandhill Supply Co,1,each,false,99.0,636.5391,607.2116,573.045,622,1943.0,16217.31,1160695.21,1115021.56,45673.65,37.58,17.64,5.29,24
P10846,HK-1846,Area Rug Exclusive Brand Travel Size,Home & Kitchen,S1012,Silverbrook Distribution,1,each,false,88.15,536.3751,511.922,318.079,625,2038.0,30972.48,1027873.07,648245.0,379628.07,38.48,18.86,5.31,12
P10676,HK-1676,Bed Sheet Set National Brand Club Pack,Home & Kitchen,S1011,Redstone Manufacturing,1,each,false,97.64,544.0038,519.7489,319.9519,626,1937.0,36348.32,992669.45,619746.83,372922.62,37.95,17.86,5.09,10
P10612,HK-1612,Bath Towel Set Exclusive Brand Family Size,Home & Kitchen,S1036,Crestline Manufacturing,1,each,false,86.4,477.2128,455.2319,295.2968,621,1991.0,29482.15,893731.98,586769.64,306962.34,40.15,18.85,5.2,7
P10060,HK-1060,Area Rug Exclusive Brand Multipack,Home & Kitchen,S1005,Thornbury Brands,1,each,false,95.6,440.2834,420.2251,269.1687,624,1951.0,23902.41,806129.67,525148.13,280981.54,39.9,18.03,5.09,13
P10324,HK-1324,Bed Sheet Set National Brand Multipack,Home & Kitchen,S1010,Copper Creek Partners,1,each,false,86.93,390.9601,372.8058,228.9108,577,2095.0,37819.07,765275.64,479568.13,285707.51,39.63,20.12,6.02,6
P10173,HK-1173,Table Lamp Everyday Basics Multipack,Home & Kitchen,S1001,Blackpine Foods,1,each,false,88.83,395.6009,377.8068,220.2901,641,2040.0,30073.33,759418.21,449391.8,310026.4,38.72,17.96,5.2,4
P10212,TS-1212,Ride-On Toy National Brand 2-Pack,Toys & Seasonal,S1029,Silverbrook Partners,1,each,false,75.48,388.7041,371.05,273.3348,677,2056.0,37547.87,753387.04,561976.35,191410.69,35.28,16.3,5.27,32
P10071,HK-1071,Storage Bin Northgate Value Family Size,Home & Kitchen,S1042,Northwind Foods,1,each,false,92.47,382.2548,365.1666,248.5713,589,1934.0,30328.82,695917.33,480736.89,215180.43,38.94,17.91,5.36,8
P10563,HK-1563,Cookware Set Premium Label Travel Size,Home & Kitchen,S1030,Sandhill Supply Co,1,each,false,92.63,376.2425,359.3603,235.478,623,1960.0,30476.12,694709.75,461536.88,233172.87,40.19,19.02,5.12,8
P10200,HK-1200,Area Rug National Brand Multipack,Home & Kitchen,S1021,Blackpine Distribution,1,each,false,87.83,348.7222,332.8838,204.9895,639,2066.0,33039.14,676707.51,423508.31,253199.2,38.86,18.08,5.29,7
P10545,HK-1545,Bed Sheet Set National Brand Bulk,Home & Kitchen,S1034,Brightwater Brands,1,each,false,92.13,374.5457,357.4644,225.7333,585,1870.0,25044.67,656482.5,422121.27,234361.23,38.02,17.19,5.13,6
P10328,HK-1328,Cookware Set Exclusive Brand Bulk,Home & Kitchen,S1045,Thornbury Manufacturing,1,each,false,97.67,344.5696,328.8613,204.8728,634,2017.0,28143.38,654272.7,413228.44,241044.26,38.91,18.13,5.21,13
P10745,HK-1745,Air Fryer Premium Label Single,Home & Kitchen,S1043,Stonebridge Consumer Products,1,each,false,99.0,375.4063,357.9941,221.3847,577,1822.0,16789.62,644855.57,403362.92,241492.65,38.28,17.34,5.18,5
P10686,HK-1686,Coffee Maker Northgate Select Multipack,Home & Kitchen,S1019,Kingsford Home Goods,1,each,false,94.27,351.7257,335.597,230.4687,603,1943.0,25576.1,639057.62,447800.68,191256.93,40.32,18.61,5.16,7
P10518,AP-1518,Work Boot National Brand 2-Pack,Apparel,S1009,Ridgemont Supply Co,1,each,false,78.47,359.901,343.5641,181.7395,600,1871.0,36581.51,633601.88,340034.6,293567.28,39.28,17.78,5.08,15
P10783,HK-1783,Bath Towel Set Exclusive Brand Travel Size,Home & Kitchen,S1000,Kingsford Partners,1,each,false,93.32,329.2822,314.6523,178.71,624,2035.0,18896.46,630104.85,363674.85,266430.0,39.19,18.45,5.28,4
P10834,AP-1834,Mens Tee Northgate Select Bulk,Apparel,S1028,Ridgemont Partners,1,each,false,77.16,339.2982,323.8985,208.5671,595,1959.0,35635.71,625445.6,408582.95,216862.65,38.45,18.75,5.4,11
P10525,AP-1525,Sleepwear Set Everyday Basics Family Size,Apparel,S1023,Fairmont Global,1,each,false,75.4,331.6691,316.8877,191.7204,643,2005.0,30963.23,624010.61,384399.4,239611.21,37.18,17.76,5.21,14
P10364,HK-1364,Coffee Maker Northgate Value Club Pack,Home & Kitchen,S1032,Blackpine Brands,1,each,false,89.87,314.7151,300.3117,197.5122,594,2097.0,26281.54,616525.12,414183.08,202342.04,38.21,19.93,5.72,12
P10339,TS-1339,Board Game Everyday Basics Multipack,Toys & Seasonal,S1022,Sandhill Partners,1,each,false,74.22,368.1816,351.608,258.4088,600,1779.0,33501.68,616109.81,459709.26,156400.55,34.43,15.86,5.15,37
P10303,AP-1303,Kids Hoodie Exclusive Brand Multipack,Apparel,S1011,Redstone Manufacturing,1,each,false,87.24,324.2214,309.8547,171.5722,597,2006.0,26390.7,612485.17,344173.83,268311.33,38.6,19.44,5.51,8
P10736,AP-1736,Sleepwear Set Premium Label Travel Size,Apparel,S1023,Fairmont Global,1,each,false,93.31,316.6069,302.3219,168.6035,623,2019.0,36207.35,600289.8,340410.47,259879.34,39.22,18.53,5.34,18
P10014,HW-1014,Toothpaste Everyday Basics Club Pack,Health & Wellness,S1021,Blackpine Distribution,1,each,false,99.0,314.5145,300.5796,208.1062,650,2016.0,32042.56,598074.05,419542.1,178531.95,38.71,17.82,4.97,3
P10350,AP-1350,Baby Onesie Northgate Select Multipack,Apparel,S1039,Brightwater Manufacturing,1,each,false,78.57,343.7162,328.1335,175.1581,610,1835.0,28386.46,593357.98,321415.11,271942.87,37.93,16.19,4.95,8
P10674,TS-1674,Artificial Tree Northgate Select Value Bundle,Toys & Seasonal,S1019,Kingsford Home Goods,1,each,false,79.45,309.4114,295.0585,192.7292,610,2014.0,27344.36,584276.69,388156.61,196120.08,35.12,18.69,5.62,35
P10309,AP-1309,Activewear Legging Exclusive Brand Value Bundle,Apparel,S1030,Sandhill Supply Co,1,each,false,76.76,315.2098,301.0585,169.85,623,1943.0,25410.32,575669.92,330018.55,245651.37,37.68,17.22,5.04,17
P10385,TS-1385,Ride-On Toy Northgate Value Multipack,Toys & Seasonal,S1034,Brightwater Brands,1,each,false,88.04,311.1682,296.7645,182.525,618,1973.0,28082.64,574729.15,360121.82,214607.33,35.63,18.48,5.66,35
P10779,AP-1779,Kids Hoodie National Brand Value Bundle,Apparel,S1027,Grayrock Distribution,1,each,false,79.29,346.8026,331.3032,190.9694,546,1678.0,30102.22,549951.67,320446.65,229505.02,39.3,17.95,4.97,14
P10209,HK-1209,Bath Towel Set Northgate Select Travel Size,Home & Kitchen,S1026,Stonebridge Distribution,1,each,false,98.15,316.308,301.8891,196.5859,590,1803.0,24729.39,537386.97,354444.38,182942.59,38.5,17.8,4.97,10
P10749,HK-1749,Coffee Maker National Brand Travel Size,Home & Kitchen,S1031,Fairmont Industries,1,each,false,92.75,265.6618,253.4064,168.242,640,2150.0,27261.33,535404.98,361720.3,173684.68,38.75,20.58,5.45,5
P10733,HK-1733,Bed Sheet Set Exclusive Brand 2-Pack,Home & Kitchen,S1043,Stonebridge Consumer Products,1,each,false,91.09,333.5,318.5945,203.8554,552,1695.0,18574.68,531816.52,345534.9,186281.62,37.2,16.6,5.01,7
P10722,AP-1722,Work Boot Northgate Value Multipack,Apparel,S1035,Fairmont Foods,1,each,false,95.7,291.7142,278.7768,152.5115,617,1920.0,26650.68,528898.37,292822.08,236076.29,36.11,16.0,5.18,12
P10355,AP-1355,Womens Denim Northgate Select Multipack,Apparel,S1022,Sandhill Partners,1,each,false,77.46,281.5732,268.8516,149.8841,621,1989.0,21122.5,526884.57,298119.47,228765.1,39.29,18.65,5.24,11
P10570,HK-1570,Area Rug Northgate Value Club Pack,Home & Kitchen,S1029,Silverbrook Partners,1,each,false,95.88,284.6673,272.1124,165.0403,612,1931.0,22381.06,516262.14,318692.82,197569.32,40.39,18.52,5.13,6
P10263,TS-1263,Board Game Northgate Select 2-Pack,Toys & Seasonal,S1040,Copper Creek Foods,1,each,false,77.84,294.7084,281.5688,199.0225,584,1843.0,24706.26,511094.26,366798.47,144295.79,34.75,16.18,5.41,33
P10788,HK-1788,Air Fryer Northgate Value Multipack,Home & Kitchen,S1029,Silverbrook Partners,1,each,false,87.71,282.7261,270.2191,168.4412,615,1903.0,28171.52,505700.81,320543.6,185157.2,39.24,16.7,4.93,8
P10319,HK-1319,Bed Sheet Set Exclusive Brand Multipack,Home & Kitchen,S1000,Kingsford Partners,1,each,false,87.27,272.1864,259.7746,151.8833,630,1974.0,16810.89,505385.06,299817.63,205567.43,39.53,17.22,5.12,11
P10583,HK-1583,Storage Bin Everyday Basics Club Pack,Home & Kitchen,S1006,Alderwood Brands,1,each,false,91.66,268.021,255.7086,162.9466,631,1974.0,27689.93,496902.55,321656.59,175245.96,37.86,16.93,5.05,10
P10743,AP-1743,Mens Tee National Brand Family Size,Apparel,S1026,Stonebridge Distribution,1,each,false,89.19,263.2604,251.3657,147.1679,633,1990.0,28025.99,493369.62,292864.12,200505.5,37.08,17.18,5.16,13
P10265,HW-1265,Cold & Flu Everyday Basics Multipack,Health & Wellness,S1009,Ridgemont Supply Co,1,each,false,99.0,270.129,258.0099,165.4918,627,1930.0,26825.04,491344.96,319399.17,171945.78,36.41,16.2,4.96,4
P10182,HK-1182,Table Lamp Everyday Basics Single,Home & Kitchen,S1045,Thornbury Manufacturing,1,each,false,94.35,285.0137,272.1899,143.1331,580,1829.0,15572.14,491206.86,261790.44,229416.42,36.97,17.57,5.18,15
P10414,AP-1414,Work Boot Exclusive Brand Single,Apparel,S1034,Brightwater Brands,1,each,false,82.65,245.0011,233.9599,128.5852,647,2078.0,23985.87,478156.76,267200.05,210956.72,35.85,16.64,5.29,9
P10048,AP-1048,Kids Hoodie Premium Label Single,Apparel,S1030,Sandhill Supply Co,1,each,false,77.31,249.7933,238.5397,155.8313,665,2018.0,26716.96,475189.58,314467.56,160722.01,38.2,16.76,4.96,12
P10291,HK-1291,Bed Sheet Set Northgate Value Travel Size,Home & Kitchen,S1041,Ridgemont Industries,1,each,false,99.0,232.3928,221.7705,138.57,618,2177.0,16601.45,474524.37,301666.89,172857.48,38.84,19.26,5.77,7
P10547,TS-1547,Board Game Northgate Select Single,Toys & Seasonal,S1042,Northwind Foods,1,each,false,89.98,266.7898,254.7382,166.8147,613,1890.0,24355.05,473524.52,315279.78,158244.74,35.7,18.03,5.2,40
P10167,AP-1167,Mens Tee National Brand 2-Pack,Apparel,S1044,Redstone Distribution,1,each,false,80.13,244.7849,233.7112,130.0268,603,2053.0,27318.76,471988.5,266945.02,205043.48,40.01,19.16,5.59,5
P10426,MS-1426,Ribeye Steak Premium Label Multipack,Meat & Seafood,S1002,Larkspur Manufacturing,3,weight,true,96.27,13.6865,13.0683,9.9315,641,2066.0,36480.05,469869.82,362301.66,107568.16,8.3,4.05,2.74,18
P10695,HK-1695,Bath Towel Set Premium Label Family Size,Home & Kitchen,S1018,Ridgemont Home Goods,1,each,false,91.21,264.1826,252.1726,167.4124,574,1858.0,19328.92,462307.34,311052.24,151255.1,39.24,19.26,5.3,11
P10317,HK-1317,Storage Bin Exclusive Brand Club Pack,Home & Kitchen,S1041,Ridgemont Industries,1,each,false,86.91,260.7371,249.0734,154.2982,601,1882.0,18745.38,461478.86,290389.21,171089.65,37.28,16.89,5.11,11
P10218,MS-1218,Chicken Breast Everyday Basics 2-Pack,Meat & Seafood,S1024,Redstone Consumer Products,3,weight,true,95.07,11.6053,11.0953,9.1493,632,1995.0,41196.24,450182.69,376916.75,73265.94,8.59,4.04,2.63,11
P10772,HW-1772,Shampoo Northgate Value Bulk,Health & Wellness,S1004,Sandhill Foods,1,each,false,98.68,246.2763,234.8364,162.8519,619,1927.0,32942.73,444258.81,313815.61,130443.2,37.88,17.01,5.04,10
P10755,HW-1755,Toothpaste Northgate Select Family Size,Health & Wellness,S1028,Ridgemont Partners,1,each,false,99.0,221.4289,211.5056,141.5576,596,2118.0,34820.8,439054.01,299819.0,139235.01,38.93,19.23,5.78,5
P10172,HW-1172,Cold & Flu Premium Label Family Size,Health & Wellness,S1007,Northwind Distribution,1,each,false,99.0,230.5635,220.1737,152.8007,623,2019.0,34151.6,439020.71,308504.61,130516.1,38.92,18.17,5.23,3
P10828,HK-1828,Cookware Set Premium Label 2-Pack,Home & Kitchen,S1018,Ridgemont Home Goods,1,each,false,99.0,252.1526,240.4809,178.7971,613,1836.0,21270.41,434443.54,328271.48,106172.07,40.96,17.69,4.88,9
P10400,AP-1400,Baby Onesie Northgate Select Family Size,Apparel,S1004,Sandhill Foods,1,each,false,84.95,235.4316,224.8195,111.2433,609,1945.0,25489.15,430044.76,216368.22,213676.54,38.9,18.14,5.2,15
P10044,HK-1044,Coffee Maker Premium Label Value Bundle,Home & Kitchen,S1029,Silverbrook Partners,1,each,false,97.14,256.081,244.7844,153.4783,598,1777.0,18098.0,427660.99,272730.94,154930.05,39.61,17.38,4.88,12
P10586,HW-1586,First Aid National Brand Club Pack,Health & Wellness,S1019,Kingsford Home Goods,1,each,false,99.0,202.8082,193.4352,129.8328,652,2221.0,37664.2,423121.72,288358.65,134763.07,39.39,20.1,5.48,3
P10192,HK-1192,Bath Towel Set Exclusive Brand Club Pack,Home & Kitchen,S1022,Sandhill Partners,1,each,false,92.81,264.1549,251.8697,157.404,556,1702.0,16932.45,422836.38,267901.61,154934.77,41.28,19.15,4.93,9
P10143,AP-1143,Work Boot Exclusive Brand Value Bundle,Apparel,S1036,Crestline Manufacturing,1,each,false,81.18,238.8283,228.1486,144.4638,602,1864.0,20710.96,419682.04,270630.64,149051.4,39.68,17.48,5.11,11
P10597,AP-1597,Socks 6pk Northgate Select Family Size,Apparel,S1003,Brightwater Home Goods,1,each,false,82.17,218.9904,208.7907,113.936,646,2043.0,24590.97,418718.28,232771.25,185947.03,39.17,18.3,5.24,21
P10268,TS-1268,Beach Set Everyday Basics Value Bundle,Toys & Seasonal,S1043,Stonebridge Consumer Products,1,each,false,81.64,240.5702,229.4801,158.9343,570,1840.0,22101.35,414705.49,292439.11,122266.38,34.47,17.46,5.59,43
P10843,AP-1843,Winter Jacket Everyday Basics Family Size,Apparel,S1015,Sandhill Home Goods,1,each,false,79.55,215.1744,205.588,128.1032,646,2038.0,15689.28,413463.99,261074.32,152389.67,37.32,17.22,5.24,16
P10847,AP-1847,Sleepwear Set National Brand Family Size,Apparel,S1011,Redstone Manufacturing,1,each,false,84.55,222.3569,212.1424,124.5723,617,1965.0,28007.29,410455.63,244784.57,165671.06,36.47,16.94,5.24,12
P10138,AP-1138,Winter Jacket National Brand Family Size,Apparel,S1039,Brightwater Manufacturing,1,each,false,82.89,211.2881,201.8289,113.1502,638,2065.0,25456.96,409921.2,233655.16,176266.04,37.6,18.32,5.28,12
P10298,AP-1298,Work Boot Northgate Select Club Pack,Apparel,S1029,Silverbrook Partners,1,each,false,81.2,230.9993,220.4841,127.4449,612,1884.0,19436.92,409558.44,240106.19,169452.24,36.44,17.13,5.13,16
P10151,AP-1151,Baby Onesie National Brand Value Bundle,Apparel,S1012,Silverbrook Distribution,1,each,false,78.75,233.5107,222.6133,123.7793,599,1852.0,22461.82,405456.1,229239.26,176216.83,41.14,17.88,5.05,8
P10590,HW-1590,First Aid Premium Label Club Pack,Health & Wellness,S1004,Sandhill Foods,1,each,false,99.0,211.4333,201.5457,147.1932,617,2036.0,29017.48,401999.78,299685.36,102314.42,40.48,19.67,5.28,4
P10063,MS-1063,Ground Beef Everyday Basics 2-Pack,Meat & Seafood,S1016,Grayrock Supply Co,3,weight,true,98.37,12.9594,12.3798,9.1232,630,2031.0,32458.66,395504.57,296126.83,99377.74,8.45,3.97,2.78,12
P10102,HW-1102,Pain Relief Northgate Value Travel Size,Health & Wellness,S1006,Alderwood Brands,1,each,false,99.0,218.3884,208.4613,144.8005,632,1916.0,30637.39,394020.94,277437.76,116583.18,40.06,17.85,4.91,6
P10169,HW-1169,Skin Care Exclusive Brand 2-Pack,Health & Wellness,S1001,Blackpine Foods,1,each,false,99.0,193.9721,185.3328,123.9177,642,2145.0,32203.35,389959.88,265803.47,124156.41,39.11,18.23,5.36,3
P10789,HW-1789,Razors Northgate Select Multipack,Health & Wellness,S1008,Ridgemont Distribution,1,each,false,94.88,211.7294,201.8197,130.541,606,1953.0,34483.19,388060.92,254946.57,133114.35,38.16,18.45,5.21,6
P10269,HW-1269,Vitamins National Brand Bulk,Health & Wellness,S1006,Alderwood Brands,1,each,false,98.21,199.6203,190.5669,124.9351,632,2071.0,28782.31,386834.15,258740.59,128093.56,39.67,18.88,5.25,4
P10799,HK-1799,Air Fryer Everyday Basics Club Pack,Home & Kitchen,S1004,Sandhill Foods,1,each,false,88.12,197.5784,188.7751,129.1384,599,2053.0,22411.02,381360.09,265121.14,116238.95,37.6,18.73,5.6,10
P10191,MS-1191,Salmon Fillet Northgate Value Family Size,Meat & Seafood,S1000,Kingsford Partners,3,weight,true,84.97,14.1313,13.4935,10.1995,618,1939.0,28695.53,378666.76,292680.06,85986.7,8.59,3.94,2.66,19
P10081,HW-1081,Pain Relief Northgate Select Family Size,Health & Wellness,S1000,Kingsford Partners,1,each,false,96.6,218.4357,208.4637,144.5106,597,1837.0,28739.01,376584.78,265465.97,111118.81,39.42,17.41,5.06,3
P10084,HW-1084,First Aid Exclusive Brand Family Size,Health & Wellness,S1006,Alderwood Brands,1,each,false,99.0,200.8697,192.0186,129.9429,601,1981.0,24547.25,375337.01,257416.88,117920.13,40.17,18.66,5.29,2
P10031,HW-1031,Razors Northgate Value Bulk,Health & Wellness,S1004,Sandhill Foods,1,each,false,98.52,196.5451,187.6957,119.3638,670,2027.0,23074.09,373840.35,241950.42,131889.93,38.47,16.91,4.92,11
P10052,HE-1052,Paper Towels Everyday Basics Value Bundle,Household Essentials,S1003,Brightwater Home Goods,1,each,false,99.0,191.0843,182.2664,135.7486,629,2080.0,39128.99,373146.44,282357.09,90789.35,38.06,17.9,5.37,6
P10825,TS-1825,Action Figure Northgate Value Bulk,Toys & Seasonal,S1024,Redstone Consumer Products,1,each,false,79.3,221.4838,211.3546,134.2435,592,1785.0,21205.95,371921.66,239624.65,132297.01,36.92,16.96,5.22,42
P10061,MS-1061,Salmon Fillet National Brand Multipack,Meat & Seafood,S1000,Kingsford Partners,3,weight,true,91.79,8.8398,8.4218,6.4078,659,2139.0,44072.24,365107.4,282406.11,82701.29,8.61,4.08,2.77,20
P10234,HW-1234,Vitamins Northgate Select Value Bundle,Health & Wellness,S1040,Copper Creek Foods,1,each,false,99.0,187.8683,179.245,122.1176,646,2046.0,21672.1,360793.28,249852.61,110940.67,37.89,18.43,5.08,10
P10576,AP-1576,Mens Tee National Brand Bulk,Apparel,S1020,Thornbury Global,1,each,false,79.38,195.19,186.2142,109.2163,621,1956.0,18231.48,358762.63,213627.08,145135.55,38.65,18.61,5.15,10
P10047,HK-1047,Table Lamp Northgate Value Single,Home & Kitchen,S1029,Silverbrook Partners,1,each,false,99.0,201.147,192.1258,126.539,603,1888.0,18397.42,357326.16,238905.63,118420.53,38.27,17.92,5.15,11
P10512,AP-1512,Baby Onesie Northgate Select Single,Apparel,S1001,Blackpine Foods,1,each,false,86.02,188.8755,180.3375,103.0733,599,2008.0,23193.61,355446.34,206971.19,148475.15,38.66,19.46,5.48,11
P10611,AP-1611,Work Boot Premium Label Value Bundle,Apparel,S1018,Ridgemont Home Goods,1,each,false,81.52,195.4006,186.5113,99.4352,584,1935.0,16436.68,354983.8,192407.11,162576.69,38.13,18.51,5.41,15
P10126,HW-1126,Toothpaste National Brand Family Size,Health & Wellness,S1008,Ridgemont Distribution,1,each,false,99.0,182.2529,174.1878,110.9944,620,2042.0,23770.78,349506.34,226650.56,122855.78,40.62,19.42,5.31,8
P10599,HW-1599,Razors Exclusive Brand Travel Size,Health & Wellness,S1036,Crestline Manufacturing,1,each,false,98.1,189.8168,180.8611,131.9652,646,1957.0,25773.47,347547.98,257755.1,89792.88,38.25,17.28,4.86,6
P10107,HK-1107,Air Fryer National Brand Family Size,Home & Kitchen,S1020,Thornbury Global,1,each,false,74.19,178.3656,170.0965,113.4585,648,2049.0,14220.38,342888.78,232476.47,110412.31,40.23,18.05,5.18,5
P10820,HK-1820,Table Lamp National Brand Value Bundle,Home & Kitchen,S1020,Thornbury Global,1,each,false,99.0,192.758,184.0986,115.7487,579,1886.0,20481.87,341655.1,218302.05,123353.05,38.26,17.62,5.27,6
P10277,MS-1277,Deli Turkey National Brand 2-Pack,Meat & Seafood,S1042,Northwind Foods,3,weight,true,92.69,10.5341,10.0485,7.3275,592,2036.0,34502.18,341548.26,252814.69,88733.56,8.65,4.42,2.87,16
P10646,TS-1646,Building Blocks Everyday Basics Single,Toys & Seasonal,S1043,Stonebridge Consumer Products,1,each,false,84.53,201.1139,191.8537,119.1239,598,1791.0,17773.3,337277.23,213350.9,123926.33,36.61,17.28,5.14,38
P10637,EL-1637,Smart Watch Northgate Value Bulk,Electronics,S1005,Thornbury Brands,1,each,false,89.58,198.3759,189.625,172.4125,586,1802.0,3734.13,334842.35,310667.28,24175.07,36.99,17.33,5.23,21
P10463,HW-1463,Allergy Relief Northgate Value Travel Size,Health & Wellness,S1018,Ridgemont Home Goods,1,each,false,99.0,207.3002,197.8593,139.9295,568,1721.0,20563.11,334651.4,240818.67,93832.73,38.61,16.87,4.88,5
P10710,AP-1710,Winter Jacket Exclusive Brand Single,Apparel,S1029,Silverbrook Partners,1,each,false,84.7,184.9175,176.388,98.9701,641,1910.0,19526.28,332160.01,189032.89,143127.12,38.37,18.34,4.9,13
P10587,MS-1587,Chicken Breast Premium Label Single,Meat & Seafood,S1038,Thornbury Industries,3,weight,true,91.32,10.2289,9.7569,6.7407,561,1744.0,34386.85,331051.13,231791.42,99259.71,8.5,3.91,2.65,10
P10585,HW-1585,Pain Relief Exclusive Brand Travel Size,Health & Wellness,S1002,Larkspur Manufacturing,1,each,false,99.0,184.2376,175.6624,114.7689,597,1911.0,28937.44,330080.95,219323.37,110757.58,39.92,19.47,5.16,3
P10797,HK-1797,Table Lamp Everyday Basics Club Pack,Home & Kitchen,S1042,Northwind Foods,1,each,false,99.0,168.4043,160.7761,101.1809,636,2083.0,16037.83,328764.09,210759.81,118004.28,40.54,19.69,5.29,9
P10540,TS-1540,Ride-On Toy National Brand Club Pack,Toys & Seasonal,S1003,Brightwater Home Goods,1,each,false,74.37,187.6889,178.9307,109.0713,607,1840.0,13239.4,323019.77,200691.19,122328.58,36.08,17.59,5.19,35
P10038,HW-1038,Toothpaste Premium Label Single,Health & Wellness,S1040,Copper Creek Foods,1,each,false,97.55,164.0392,156.607,110.6602,650,2066.0,23492.34,317940.22,228623.97,89316.24,39.06,18.71,5.11,4
P10313,HK-1313,Area Rug Exclusive Brand Bulk,Home & Kitchen,S1036,Crestline Manufacturing,1,each,false,84.41,189.0296,180.5422,122.5543,599,1786.0,14966.15,317052.13,218506.87,98545.26,38.48,16.55,4.84,8
P10114,HW-1114,Shampoo Northgate Select Club Pack,Health & Wellness,S1043,Stonebridge Consumer Products,1,each,false,99.0,172.4455,164.5499,118.705,596,1946.0,25793.42,315161.27,230999.93,84161.34,41.84,20.05,5.32,3
P10760,TS-1760,Building Blocks National Brand 2-Pack,Toys & Seasonal,S1008,Ridgemont Distribution,1,each,false,78.6,184.1535,175.9741,106.689,570,1821.0,12450.55,315078.05,194280.67,120797.38,35.7,18.02,5.55,34
P10090,HW-1090,Shampoo Northgate Value 2-Pack,Health & Wellness,S1000,Kingsford Partners,1,each,false,98.27,178.1582,170.0763,122.3576,566,1884.0,17541.37,314807.56,230521.72,84285.84,42.79,19.64,5.4,5
P10833,MS-1833,Deli Turkey Everyday Basics Travel Size,Meat & Seafood,S1025,Sandhill Global,3,weight,true,97.21,9.4555,9.0253,6.7131,639,1929.0,34814.69,309457.67,233714.5,75743.17,8.54,3.88,2.59,15
P10744,HW-1744,Pain Relief Everyday Basics Multipack,Health & Wellness,S1023,Fairmont Global,1,each,false,99.0,161.9142,154.5603,114.7634,637,2027.0,34397.06,308418.9,232625.41,75793.49,38.26,17.7,5.18,6
P10091,HW-1091,First Aid Northgate Select Family Size,Health & Wellness,S1015,Sandhill Home Goods,1,each,false,99.0,172.3402,164.5103,117.6949,635,1897.0,24047.17,308202.97,223267.23,84935.75,39.07,17.98,4.84,8
P10029,GR-1029,Pasta National Brand Single,Grocery,S1045,Thornbury Manufacturing,1,each,false,97.03,168.3261,160.564,117.7929,609,1949.0,37678.41,308174.97,229578.36,78596.61,39.75,19.44,5.13,2
P10569,AP-1569,Kids Hoodie Everyday Basics Club Pack,Apparel,S1037,Harborview Distribution,1,each,false,82.65,168.9168,161.2426,90.3102,610,1937.0,22512.46,307203.87,174930.86,132273.01,35.97,17.39,5.28,13
P10381,TS-1381,Action Figure Premium Label 2-Pack,Toys & Seasonal,S1019,Kingsford Home Goods,1,each,false,84.18,171.9059,164.2812,102.8611,641,1888.0,24013.43,305024.06,194201.76,110822.31,35.4,17.21,5.16,42
P10222,HK-1222,Area Rug Northgate Value Value Bundle,Home & Kitchen,S1013,Silverbrook Consumer Products,1,each,false,89.91,148.5178,141.9132,91.7988,661,2181.0,18958.21,304079.82,200213.18,103866.64,40.3,19.4,5.33,5
P10424,AP-1424,Winter Jacket Northgate Value Club Pack,Apparel,S1008,Ridgemont Distribution,1,each,false,81.81,159.5606,152.4683,91.3215,667,2013.0,17301.23,302921.85,183830.18,119091.67,40.04,17.65,4.94,11
P10270,HW-1270,Allergy Relief National Brand Club Pack,Health & Wellness,S1026,Stonebridge Distribution,1,each,false,99.0,179.5194,171.4375,122.0699,608,1788.0,23874.11,301745.34,218260.98,83484.36,39.4,16.14,4.79,9
P10377,TS-1377,Board Game Premium Label Club Pack,Toys & Seasonal,S1005,Thornbury Brands,1,each,false,81.41,166.5031,159.0991,107.7568,597,1921.0,21189.87,301578.21,207000.81,94577.4,35.42,18.03,5.6,34
P10175,TS-1175,Building Blocks Exclusive Brand Travel Size,Toys & Seasonal,S1040,Copper Creek Foods,1,each,false,80.45,185.855,177.384,109.2171,576,1713.0,16771.84,300570.97,187088.89,113482.07,35.84,17.36,5.17,39
P10372,HK-1372,Cookware Set National Brand Travel Size,Home & Kitchen,S1015,Sandhill Home Goods,1,each,false,90.59,168.7338,160.7452,105.928,619,1886.0,19888.57,298945.89,199780.21,99165.68,37.9,17.68,4.9,11
P10850,HK-1850,Air Fryer Northgate Select Value Bundle,Home & Kitchen,S1032,Blackpine Brands,1,each,false,89.58,161.0746,153.6975,102.9736,608,1956.0,13063.2,296001.43,201416.36,94585.07,39.48,19.29,5.25,11
P10824,MS-1824,Shrimp Northgate Value Club Pack,Meat & Seafood,S1027,Grayrock Distribution,3,weight,true,96.61,10.2911,9.8209,7.9558,592,1748.0,30357.56,293844.09,241518.68,52325.41,8.43,3.61,2.48,15
P10871,HW-1871,Shampoo Exclusive Brand Travel Size,Health & Wellness,S1008,Ridgemont Distribution,1,each,false,96.21,168.2004,160.6296,111.1555,605,1851.0,30652.53,292429.04,205748.83,86680.21,38.77,17.44,4.94,6
P10682,HE-1682,Air Freshener Exclusive Brand Bulk,Household Essentials,S1014,Northwind Home Goods,1,each,false,92.31,152.7866,145.6215,97.0113,622,2034.0,39157.03,291533.54,197320.98,94212.56,39.36,18.95,5.3,5
P10793,HK-1793,Cookware Set Northgate Select Multipack,Home & Kitchen,S1039,Brightwater Manufacturing,1,each,false,83.41,164.4612,156.7582,110.7696,599,1886.0,19577.45,290838.76,208911.47,81927.29,41.37,18.56,5.09,7
P10024,AP-1024,Activewear Legging Everyday Basics Value Bundle,Apparel,S1015,Sandhill Home Goods,1,each,false,87.16,172.1549,164.3111,103.4192,594,1778.0,17163.73,288430.8,183879.34,104551.46,35.69,15.76,4.97,18
P10610,HW-1610,Skin Care Northgate Value Single,Health & Wellness,S1000,Kingsford Partners,1,each,false,99.0,150.0471,143.1745,96.9543,595,2045.0,22761.55,287994.49,198271.54,89722.95,40.79,19.79,5.51,6
P10259,AP-1259,Socks 6pk Northgate Select Single,Apparel,S1027,Grayrock Distribution,1,each,false,80.12,170.3846,162.6555,98.3633,611,1791.0,17079.66,287170.21,176168.67,111001.54,40.03,17.69,4.84,18
P10809,TS-1809,Building Blocks Northgate Value Value Bundle,Toys & Seasonal,S1019,Kingsford Home Goods,1,each,false,87.55,164.7569,157.1378,105.3118,604,1857.0,15266.68,287085.42,195564.01,91521.41,36.01,18.8,5.37,44
P10448,MS-1448,Pork Chops National Brand 2-Pack,Meat & Seafood,S1002,Larkspur Manufacturing,1,each,false,96.02,145.6801,139.0813,104.0208,636,2073.0,25250.83,283321.64,215635.12,67686.52,36.97,17.99,5.42,13
P10001,HW-1001,Shampoo Premium Label Bulk,Health & Wellness,S1021,Blackpine Distribution,1,each,false,95.26,162.0009,154.6044,113.8362,583,1852.0,23356.91,281281.36,210824.64,70456.72,39.06,17.42,5.11,8
P10461,MS-1461,Rotisserie Chicken Premium Label Travel Size,Meat & Seafood,S1022,Sandhill Partners,3,weight,true,85.26,12.8168,12.2462,9.3368,618,1944.0,23295.47,280823.37,217505.19,63318.18,8.57,3.91,2.62,14
P10639,HW-1639,Pain Relief Everyday Basics Value Bundle,Health & Wellness,S1035,Fairmont Foods,1,each,false,99.0,162.2385,154.9936,105.0829,591,1836.0,22762.29,279622.11,192932.2,86689.91,42.9,18.52,4.99,5
P10575,AP-1575,Work Boot Everyday Basics Multipack,Apparel,S1000,Kingsford Partners,1,each,false,91.47,147.6906,141.0692,76.876,650,2006.0,13638.08,278960.16,154213.26,124746.9,38.06,17.32,5.1,13
P10466,MS-1466,Chicken Breast National Brand Value Bundle,Meat & Seafood,S1005,Thornbury Brands,3,weight,true,89.8,13.7239,13.1194,10.695,595,2021.0,21542.93,278192.35,230401.61,47790.73,8.62,4.41,2.78,11
P10419,MS-1419,Shrimp National Brand Multipack,Meat & Seafood,S1012,Silverbrook Distribution,3,weight,true,96.31,9.2314,8.8049,6.667,648,2003.0,32028.3,277312.18,213532.68,63779.49,8.5,3.92,2.6,17
P10720,AP-1720,Womens Denim Everyday Basics Multipack,Apparel,S1024,Redstone Consumer Products,1,each,false,74.57,131.7512,125.7838,76.1023,656,2223.0,17523.04,274414.09,169175.41,105238.68,37.42,18.59,5.53,9
P10480,MS-1480,Salmon Fillet Northgate Value Single,Meat & Seafood,S1014,Northwind Home Goods,3,weight,true,90.77,12.1347,11.5739,8.2763,605,1835.0,23975.0,273954.47,198424.32,75530.15,8.6,3.9,2.57,11
P10748,AP-1748,Winter Jacket Exclusive Brand Value Bundle,Apparel,S1034,Brightwater Brands,1,each,false,82.32,158.069,150.9978,92.744,569,1837.0,22969.57,271018.54,170370.73,100647.82,36.97,17.58,5.32,10
P10451,HW-1451,First Aid Northgate Value Club Pack,Health & Wellness,S1038,Thornbury Industries,1,each,false,93.19,143.1744,136.3933,98.8763,621,2005.0,18139.07,269818.19,198246.98,71571.21,40.23,19.57,5.29,3
P10027,AP-1027,Mens Tee Exclusive Brand Bulk,Apparel,S1041,Ridgemont Industries,1,each,false,82.38,160.1791,152.9662,98.3814,578,1773.0,20887.97,267720.57,174430.22,93290.35,38.71,17.77,5.04,16
P10465,HW-1465,First Aid Northgate Value Family Size,Health & Wellness,S1037,Harborview Distribution,1,each,false,99.0,132.9485,126.986,100.2695,658,2141.0,33787.12,267358.78,214677.0,52681.79,37.38,17.49,5.21,7
P10202,MS-1202,Bacon National Brand Club Pack,Meat & Seafood,S1028,Ridgemont Partners,3,weight,true,94.33,12.4252,11.8667,9.2793,583,1804.0,22445.54,261955.51,208278.89,53676.62,8.52,3.93,2.56,16
P10730,MS-1730,Pork Chops Exclusive Brand Value Bundle,Meat & Seafood,S1025,Sandhill Global,1,each,false,92.05,142.1054,135.4465,114.2813,599,1961.0,25075.86,261337.82,224105.63,37232.19,35.8,18.57,5.43,30
P10206,MS-1206,Ribeye Steak Northgate Value Family Size,Meat & Seafood,S1019,Kingsford Home Goods,3,weight,true,94.73,10.3476,9.8713,7.7184,626,1867.0,26749.05,260830.34,206459.83,54370.51,8.28,3.73,2.58,16
P10039,HE-1039,Food Storage National Brand Family Size,Household Essentials,S1010,Copper Creek Partners,1,each,false,96.41,145.929,139.4208,98.6847,611,1882.0,29926.78,258322.98,185724.61,72598.38,39.0,17.17,5.0,3
P10462,TS-1462,Action Figure Premium Label 2-Pack,Toys & Seasonal,S1016,Grayrock Supply Co,1,each,false,84.46,148.1078,141.2602,91.2187,587,1861.0,19770.28,257384.15,169758.0,87626.15,36.56,17.48,5.65,34
P10160,HW-1160,Allergy Relief Northgate Value Bulk,Health & Wellness,S1001,Blackpine Foods,1,each,false,98.08,138.886,132.668,96.7915,606,1965.0,20383.58,256660.28,190195.3,66464.99,39.33,18.39,5.17,7
P10120,HW-1120,Shampoo Northgate Value Multipack,Health & Wellness,S1004,Sandhill Foods,1,each,false,99.0,126.5148,120.7098,78.3354,686,2149.0,18716.53,255222.09,168342.77,86879.32,42.1,19.48,5.07,0
P10105,MS-1105,Shrimp Everyday Basics Club Pack,Meat & Seafood,S1031,Fairmont Industries,3,weight,true,96.91,10.2355,9.7707,7.4975,563,1684.0,26528.13,254206.0,198894.64,55311.36,8.62,3.81,2.54,15
P10702,AP-1702,Winter Jacket Northgate Select Club Pack,Apparel,S1043,Stonebridge Consumer Products,1,each,false,79.49,146.9307,140.1493,79.0003,608,1828.0,17862.58,252703.63,144412.55,108291.08,38.49,17.76,4.9,15
P10351,TS-1351,Beach Set Exclusive Brand Travel Size,Toys & Seasonal,S1016,Grayrock Supply Co,1,each,false,83.95,133.9722,127.8316,91.466,614,2011.0,14369.32,252369.23,183938.13,68431.1,36.54,17.41,5.65,31
P10352,HW-1352,Cold & Flu National Brand Club Pack,Health & Wellness,S1025,Sandhill Global,1,each,false,99.0,136.79,130.5686,93.9232,619,1946.0,27365.0,251237.26,182774.55,68462.71,39.39,17.57,5.12,3
P10434,TS-1434,Artificial Tree Northgate Value Travel Size,Toys & Seasonal,S1006,Alderwood Brands,1,each,false,81.78,135.245,129.2192,91.5429,598,1984.0,18120.47,250958.38,181621.11,69337.27,36.68,18.11,5.67,29
P10322,AP-1322,Activewear Legging Northgate Select Club Pack,Apparel,S1042,Northwind Foods,1,each,false,78.58,143.593,136.9099,74.5154,593,1834.0,17816.18,247760.08,136661.24,111098.84,36.43,16.85,5.13,20
P10187,HW-1187,Toothpaste Premium Label Club Pack,Health & Wellness,S1014,Northwind Home Goods,1,each,false,99.0,127.3243,121.6798,92.2121,641,2054.0,26412.32,246896.69,189403.65,57493.04,38.16,18.35,5.21,7
P10706,GR-1706,Soda 12pk National Brand Single,Grocery,S1044,Redstone Distribution,1,each,false,94.35,134.0586,127.9486,89.5122,608,1959.0,34418.52,246891.9,175354.4,71537.5,38.79,17.99,5.25,3
P10842,HE-1842,Air Freshener Northgate Select Club Pack,Household Essentials,S1000,Kingsford Partners,1,each,false,96.87,129.9435,124.1145,89.2771,650,2022.0,28631.85,246772.99,180518.3,66254.7,39.5,17.37,5.01,5
P10781,TS-1781,Ride-On Toy Exclusive Brand Value Bundle,Toys & Seasonal,S1013,Silverbrook Consumer Products,1,each,false,82.6,148.9591,142.1203,86.6171,587,1746.0,12732.56,245057.18,151233.46,93823.72,35.43,15.88,5.19,28
P10018,MS-1018,Chicken Breast Northgate Select Value Bundle,Meat & Seafood,S1019,Kingsford Home Goods,3,weight,true,93.15,9.2708,8.8442,6.7919,619,2046.0,28198.31,244284.77,191520.12,52764.65,8.43,4.18,2.76,17
P10816,MS-1816,Ground Beef National Brand Travel Size,Meat & Seafood,S1027,Grayrock Distribution,1,each,false,88.92,137.3115,131.0925,101.0449,563,1897.0,19605.85,244181.66,191682.18,52499.48,39.66,19.83,5.54,13
P10290,HE-1290,Trash Bags National Brand Travel Size,Household Essentials,S1034,Brightwater Brands,1,each,false,97.06,124.3595,118.658,91.1392,623,2084.0,35493.84,242888.32,189934.09,52954.23,39.82,18.18,5.38,5
P10032,HE-1032,Food Storage National Brand Multipack,Household Essentials,S1041,Ridgemont Industries,1,each,false,99.0,120.9222,115.5019,90.5324,639,2135.0,33629.2,242271.66,193286.67,48984.99,40.02,19.22,5.4,6
P10740,HW-1740,Skin Care Northgate Value Bulk,Health & Wellness,S1021,Blackpine Distribution,1,each,false,94.62,143.4222,136.8495,101.041,605,1798.0,19964.64,242170.04,181671.72,60498.32,38.64,16.6,4.84,5
P10734,HW-1734,Shampoo Everyday Basics Value Bundle,Health & Wellness,S1002,Larkspur Manufacturing,1,each,false,99.0,131.2111,125.2366,80.988,634,1967.0,16971.28,242062.66,159303.4,82759.26,39.78,17.6,5.0,6
P10326,HW-1326,Cold & Flu National Brand Travel Size,Health & Wellness,S1010,Copper Creek Partners,1,each,false,99.0,121.5186,115.9139,80.4751,620,2117.0,24046.08,241575.06,170365.79,71209.28,40.93,20.29,5.53,7
P10233,GR-1233,Breakfast Cereal National Brand Travel Size,Grocery,S1003,Brightwater Home Goods,1,each,false,99.0,118.1451,112.8914,86.58,624,2152.0,44393.6,238879.74,186320.16,52559.58,39.87,19.33,5.6,2
P10407,MS-1407,Ribeye Steak Everyday Basics Multipack,Meat & Seafood,S1013,Silverbrook Consumer Products,3,weight,true,87.08,8.7701,8.3674,6.2558,611,2057.0,29024.96,238664.9,181574.36,57090.54,8.57,4.28,2.82,21
P10296,HE-1296,Dish Soap Northgate Select Bulk,Household Essentials,S1023,Fairmont Global,1,each,false,99.0,134.06,127.9504,95.2251,598,1898.0,28280.1,238479.52,180737.24,57742.28,38.88,17.11,5.11,5
P10568,MS-1568,Ribeye Steak National Brand Club Pack,Meat & Seafood,S1023,Fairmont Global,3,weight,true,86.06,8.0369,7.6728,5.0715,607,1863.0,31343.97,236531.74,158960.93,77570.81,8.19,3.83,2.63,20
P10155,HW-1155,Allergy Relief National Brand Club Pack,Health & Wellness,S1044,Redstone Distribution,1,each,false,93.51,132.3618,126.1901,87.2436,619,1887.0,19203.19,234584.68,164628.67,69956.0,37.07,16.33,4.95,6
P10728,HW-1728,Cold & Flu Northgate Value Club Pack,Health & Wellness,S1012,Silverbrook Distribution,1,each,false,99.0,137.0939,130.868,80.5552,598,1808.0,16117.44,233255.98,145643.8,87612.18,38.82,16.1,4.92,4
P10863,HE-1863,Dish Soap Northgate Select Travel Size,Household Essentials,S1004,Sandhill Foods,1,each,false,91.32,128.835,123.0861,82.7955,635,1913.0,23984.73,233215.04,158387.79,74827.24,39.35,16.95,4.89,5
P10827,HW-1827,First Aid Northgate Select Club Pack,Health & Wellness,S1001,Blackpine Foods,1,each,false,99.0,127.5673,121.932,80.6262,602,1889.0,18431.23,227115.62,152302.89,74812.73,39.88,18.3,5.11,6
P10776,HW-1776,Pain Relief National Brand Multipack,Health & Wellness,S1035,Fairmont Foods,1,each,false,92.13,121.6101,116.1841,91.6229,622,1968.0,24346.32,225401.86,180313.87,45087.99,39.05,18.05,5.14,9
P10532,HE-1532,Paper Towels Premium Label Multipack,Household Essentials,S1002,Larkspur Manufacturing,1,each,false,89.81,116.4665,111.2391,84.6369,625,2040.0,28026.83,222940.25,172659.28,50280.97,40.99,18.96,5.25,6
P10203,HW-1203,First Aid National Brand Single,Health & Wellness,S1007,Northwind Distribution,1,each,false,98.7,121.9135,116.5442,81.7969,612,1937.0,23262.75,222384.69,158440.6,63944.1,39.77,17.7,5.08,5
P10421,HW-1421,Razors Exclusive Brand Club Pack,Health & Wellness,S1002,Larkspur Manufacturing,1,each,false,89.97,120.7846,115.1691,76.3414,632,1938.0,18057.47,220210.63,147949.63,72261.0,40.04,18.27,5.03,9
P10510,MS-1510,Ribeye Steak National Brand Single,Meat & Seafood,S1029,Silverbrook Partners,3,weight,true,97.61,7.5814,7.2419,5.9702,643,2004.0,30872.65,219981.55,184315.9,35665.66,8.47,3.99,2.66,20
P10808,HE-1808,Dish Soap Premium Label Single,Household Essentials,S1035,Fairmont Foods,1,each,false,99.0,121.5899,115.9887,86.5422,608,1925.0,24242.84,219424.93,166593.74,52831.2,40.5,18.74,5.15,5
P10654,MS-1654,Shrimp Northgate Value Single,Meat & Seafood,S1024,Redstone Consumer Products,3,weight,true,90.76,8.4588,8.0664,6.8088,651,2048.0,27502.91,218388.75,187261.82,31126.93,8.47,3.95,2.63,17
P10441,HW-1441,Razors Northgate Select Value Bundle,Health & Wellness,S1028,Ridgemont Partners,1,each,false,93.22,117.6155,112.2547,68.779,631,1956.0,16464.55,216679.98,134531.72,82148.26,38.93,18.54,5.04,7
P10533,HW-1533,Skin Care National Brand Multipack,Health & Wellness,S1010,Copper Creek Partners,1,each,false,99.0,118.7222,113.2907,76.7921,626,1927.0,17299.36,215247.35,147978.38,67268.97,42.06,18.49,4.99,6
P10103,TS-1103,Ride-On Toy Northgate Select Family Size,Toys & Seasonal,S1021,Blackpine Distribution,1,each,false,78.92,112.1532,107.0605,69.2662,629,2026.0,11588.92,213165.43,140333.32,72832.11,36.06,17.96,5.52,34
P10092,MS-1092,Shrimp Northgate Select Single,Meat & Seafood,S1016,Grayrock Supply Co,3,weight,true,92.03,9.795,9.344,7.5441,582,1776.0,23123.83,212105.97,174448.51,37657.46,8.21,3.83,2.61,23
P10709,HW-1709,First Aid Northgate Value Travel Size,Health & Wellness,S1030,Sandhill Supply Co,1,each,false,99.0,115.9599,110.7365,82.2733,613,1938.0,20549.81,212057.47,159445.66,52611.81,38.29,17.13,5.16,5
P10631,HW-1631,Allergy Relief Exclusive Brand Bulk,Health & Wellness,S1007,Northwind Distribution,1,each,false,97.65,119.9084,114.4888,82.0058,611,1875.0,20978.58,211173.08,153760.87,57412.21,40.54,17.71,5.07,8
P10106,MS-1106,Shrimp Everyday Basics Club Pack,Meat & Seafood,S1042,Northwind Foods,1,each,false,98.25,120.2436,114.7647,82.6189,604,1870.0,18603.74,211153.1,154497.34,56655.75,37.62,18.15,5.2,22
P10119,HW-1119,Cold & Flu Premium Label Single,Health & Wellness,S1032,Blackpine Brands,1,each,false,99.0,117.9459,112.6208,73.9292,627,1898.0,24013.63,210731.94,140317.62,70414.32,39.34,16.92,4.92,8
P10162,GR-1162,Soda 12pk National Brand Family Size,Grocery,S1040,Copper Creek Foods,1,each,false,96.95,109.9437,104.8599,84.9978,617,2038.0,41325.37,210558.71,173225.52,37333.19,40.63,20.06,5.32,6
P10677,HE-1677,Paper Towels Exclusive Brand Travel Size,Household Essentials,S1029,Silverbrook Partners,1,each,false,85.25,120.4664,115.0285,84.9433,598,1848.0,24403.43,209953.57,156975.22,52978.35,38.22,17.19,4.97,5
P10700,HW-1700,Allergy Relief National Brand Travel Size,Health & Wellness,S1010,Copper Creek Partners,1,each,false,99.0,121.3137,115.859,76.2754,582,1837.0,21226.48,209280.74,140117.91,69162.83,41.22,18.64,5.07,5
P10375,MS-1375,Ribeye Steak Premium Label Multipack,Meat & Seafood,S1043,Stonebridge Consumer Products,3,weight,true,99.0,8.3503,7.9739,5.9279,593,1875.0,26602.03,209089.55,157694.19,51395.37,8.6,4.08,2.6,12
P10449,HK-1449,Coffee Maker Premium Label Value Bundle,Home & Kitchen,S1006,Alderwood Brands,1,each,false,93.79,117.6169,112.3092,68.5413,607,1883.0,7180.62,208482.63,129063.27,79419.36,41.08,17.77,5.08,7
P10392,HW-1392,Razors Everyday Basics Single,Health & Wellness,S1024,Redstone Consumer Products,1,each,false,99.0,115.7121,110.5447,77.3544,627,1912.0,19705.44,208436.42,147901.61,60534.8,41.53,18.19,4.94,6
P10418,MS-1418,Rotisserie Chicken Northgate Value Value Bundle,Meat & Seafood,S1039,Brightwater Manufacturing,3,weight,true,91.4,7.177,6.853,7.7096,602,2070.0,30860.4,208128.5,237921.3,-29792.81,8.35,4.33,2.85,17
P10475,HE-1475,Air Freshener Everyday Basics Value Bundle,Household Essentials,S1029,Silverbrook Partners,1,each,false,94.62,113.3075,108.1463,77.665,611,1947.0,25235.89,207451.04,151213.76,56237.29,38.77,18.93,5.2,8
P10331,GR-1331,Rice Everyday Basics Family Size,Grocery,S1024,Redstone Consumer Products,1,each,false,99.0,102.4222,97.8118,81.6716,683,2138.0,32247.71,206099.54,174613.88,31485.66,39.63,18.01,5.05,4
P10420,MS-1420,Chicken Breast Northgate Select Value Bundle,Meat & Seafood,S1031,Fairmont Industries,3,weight,true,89.41,8.7885,8.3744,6.7472,562,1706.0,25005.27,205823.24,168715.56,37107.68,8.64,3.87,2.58,18
P10659,MS-1659,Bacon Exclusive Brand Single,Meat & Seafood,S1004,Sandhill Foods,1,each,false,89.83,117.4785,112.1007,83.2642,593,1852.0,23675.85,204376.12,154205.3,50170.82,39.91,19.01,5.25,21
P10037,MS-1037,Bacon National Brand Value Bundle,Meat & Seafood,S1032,Blackpine Brands,1,each,false,95.29,104.5268,99.9079,73.4791,666,2070.0,31639.71,203348.05,152101.74,51246.31,38.7,17.89,5.13,23
P10123,HE-1123,Dish Soap Exclusive Brand Bulk,Household Essentials,S1025,Sandhill Global,1,each,false,99.0,109.1481,104.2226,75.1265,611,1942.0,29714.18,198981.68,145895.66,53086.02,41.14,18.92,5.16,6
P10247,MS-1247,Ground Beef Northgate Select Travel Size,Meat & Seafood,S1015,Sandhill Home Goods,3,weight,true,94.43,7.6244,7.2849,5.916,627,1951.0,27599.77,198915.72,163280.23,35635.49,8.59,4.01,2.71,15
P10184,HW-1184,First Aid Everyday Basics Bulk,Health & Wellness,S1002,Larkspur Manufacturing,1,each,false,95.77,112.1862,107.0323,69.0057,608,1867.0,14212.64,196939.64,128833.64,68106.0,40.69,17.96,4.87,6
P10016,MS-1016,Bacon Northgate Select Multipack,Meat & Seafood,S1036,Crestline Manufacturing,3,weight,true,85.94,7.9096,7.5651,6.4048,604,1784.0,26377.56,196786.38,168454.82,28331.57,8.57,3.8,2.54,17
P10565,HW-1565,Shampoo Northgate Select Family Size,Health & Wellness,S1023,Fairmont Global,1,each,false,95.63,106.9168,101.9842,65.5736,633,1960.0,20453.89,196662.32,128524.26,68138.06,40.23,17.84,5.03,4
P10153,MS-1153,Chicken Breast Northgate Select Multipack,Meat & Seafood,S1019,Kingsford Home Goods,1,each,false,87.38,110.979,105.8074,80.5046,597,1893.0,26416.59,196535.95,152395.21,44140.74,37.62,18.18,5.26,19
P10165,HE-1165,Food Storage National Brand Single,Household Essentials,S1003,Brightwater Home Goods,1,each,false,99.0,105.1146,100.2462,68.6876,620,1992.0,26939.34,196417.4,136825.7,59591.7,41.72,19.89,5.19,6
P10629,MS-1629,Ribeye Steak Exclusive Brand Club Pack,Meat & Seafood,S1003,Brightwater Home Goods,3,weight,true,91.65,8.6104,8.2147,6.8787,645,2057.0,24152.53,195312.05,166138.04,29174.01,8.51,3.92,2.68,11
P10183,MS-1183,Ribeye Steak Premium Label Family Size,Meat & Seafood,S1008,Ridgemont Distribution,3,weight,true,95.82,8.0862,7.7107,5.4366,614,1862.0,25762.62,195276.14,140061.03,55215.11,8.37,3.8,2.58,20
P10696,MS-1696,Chicken Breast National Brand Multipack,Meat & Seafood,S1011,Redstone Manufacturing,1,each,false,87.4,100.4966,95.8763,76.4659,623,2060.0,28788.96,194416.61,157519.75,36896.86,37.1,18.08,5.56,25
P10712,MS-1712,Shrimp Everyday Basics Value Bundle,Meat & Seafood,S1029,Silverbrook Partners,3,weight,true,93.7,7.315,6.9865,5.5869,631,1993.0,28038.85,193303.2,156650.26,36652.93,8.4,4.02,2.66,18
P10643,MS-1643,Shrimp National Brand Single,Meat & Seafood,S1037,Harborview Distribution,3,weight,true,92.04,8.0239,7.655,6.4479,642,1967.0,25531.62,193053.84,164625.33,28428.51,8.49,3.87,2.56,16
P10668,HW-1668,Pain Relief National Brand Multipack,Health & Wellness,S1043,Stonebridge Consumer Products,1,each,false,99.0,124.8924,119.2519,81.3618,578,1637.0,17426.25,192992.69,133189.27,59803.42,38.24,15.91,4.58,4
P10507,HW-1507,Skin Care Premium Label Single,Health & Wellness,S1002,Larkspur Manufacturing,1,each,false,99.0,111.2369,106.1037,79.4121,579,1847.0,20747.68,192530.67,146674.15,45856.52,38.31,17.06,5.08,2
P10276,GR-1276,Snack Crackers Exclusive Brand Bulk,Grocery,S1044,Redstone Distribution,1,each,false,99.0,105.6516,100.8901,79.9078,575,1931.0,40527.73,191885.75,154301.96,37583.79,38.1,18.44,5.44,4
P10045,MS-1045,Rotisserie Chicken Northgate Select Single,Meat & Seafood,S1034,Brightwater Brands,3,weight,true,93.77,8.9016,8.493,6.6636,556,1830.0,22898.85,190640.23,152588.77,38051.46,8.39,4.09,2.75,15
P10302,MS-1302,Shrimp Exclusive Brand Family Size,Meat & Seafood,S1037,Harborview Distribution,3,weight,true,88.14,5.6521,5.3981,4.2435,612,1903.0,35725.37,190456.61,151600.62,38856.0,8.65,3.96,2.59,18
P10325,GR-1325,Baking Mix Northgate Value 2-Pack,Grocery,S1001,Blackpine Foods,1,each,false,99.0,94.7367,90.5804,67.0243,635,2127.0,33838.34,189322.93,142560.69,46762.24,39.4,20.91,5.41,2
P10125,HE-1125,Trash Bags Northgate Value Travel Size,Household Essentials,S1029,Silverbrook Partners,1,each,false,91.01,104.6309,99.8427,67.2934,614,1915.0,23426.53,188740.32,128866.86,59873.46,41.0,18.0,5.06,8
P10513,HW-1513,Shampoo Exclusive Brand Single,Health & Wellness,S1038,Thornbury Industries,1,each,false,99.0,119.3766,114.1475,82.2493,553,1671.0,14809.68,188702.5,137438.58,51263.92,40.58,16.91,4.88,4
P10650,GR-1650,Baby Formula Exclusive Brand Family Size,Grocery,S1036,Crestline Manufacturing,1,each,false,99.0,99.6645,95.092,84.8698,634,2010.0,31692.01,187922.78,170155.31,17767.47,38.04,16.53,5.11,2
P10073,MS-1073,Ribeye Steak National Brand 2-Pack,Meat & Seafood,S1022,Sandhill Partners,3,weight,true,89.58,9.2728,8.8483,6.8175,577,1859.0,21536.84,187471.69,146827.38,40644.31,8.34,4.09,2.77,20
P10573,HE-1573,Bath Tissue Premium Label Single,Household Essentials,S1039,Brightwater Manufacturing,1,each,false,99.0,95.8141,91.3924,68.1114,610,2061.0,25576.4,185429.23,140377.6,45051.63,39.17,18.65,5.46,7
P10626,GR-1626,Baking Mix National Brand Single,Grocery,S1022,Sandhill Partners,1,each,false,99.0,106.6453,101.979,80.0294,587,1839.0,27700.47,185263.13,147174.07,38089.06,39.04,17.39,5.08,3
P10190,HW-1190,Vitamins National Brand 2-Pack,Health & Wellness,S1010,Copper Creek Partners,1,each,false,92.31,101.9676,97.2741,72.0384,614,1928.0,16311.82,184940.46,138890.04,46050.42,39.59,17.4,5.09,6
P10609,HW-1609,Toothpaste Northgate Select Bulk,Health & Wellness,S1002,Larkspur Manufacturing,1,each,false,97.27,102.1672,97.5375,68.4176,594,1923.0,11303.77,184903.24,131567.04,53336.19,39.64,19.36,5.22,5
P10829,MS-1829,Ground Beef Northgate Value Family Size,Meat & Seafood,S1025,Sandhill Global,3,weight,true,90.0,12.0247,11.4808,8.133,619,1957.0,16243.71,183574.03,132110.13,51463.91,8.5,3.99,2.68,16
P10064,HW-1064,Pain Relief Northgate Select Bulk,Health & Wellness,S1028,Ridgemont Partners,1,each,false,87.1,97.5746,92.9763,65.7881,658,1992.0,12187.83,182910.96,131049.9,51861.07,40.77,17.56,4.91,6
P10127,HE-1127,Paper Towels Northgate Value 2-Pack,Household Essentials,S1014,Northwind Home Goods,1,each,false,96.84,97.9786,93.5323,73.7755,597,1963.0,23351.69,180892.94,144821.31,36071.64,40.03,19.92,5.31,1
P10460,HW-1460,First Aid Northgate Select Multipack,Health & Wellness,S1039,Brightwater Manufacturing,1,each,false,99.0,96.5129,92.063,61.9125,644,1984.0,16929.6,179805.79,122834.4,56971.39,39.11,18.3,4.98,8
P10649,HW-1649,Vitamins National Brand Travel Size,Health & Wellness,S1032,Blackpine Brands,1,each,false,99.0,99.2809,94.8554,62.7892,580,1897.0,16349.72,176709.99,119111.11,57598.88,41.14,20.15,5.26,6
P10264,HE-1264,Paper Towels Exclusive Brand Bulk,Household Essentials,S1019,Kingsford Home Goods,1,each,false,94.6,101.0093,96.4558,70.3757,594,1851.0,20386.64,175934.9,130265.42,45669.48,40.17,18.53,4.95,6
P10764,MS-1764,Rotisserie Chicken Northgate Select Family Size,Meat & Seafood,S1016,Grayrock Supply Co,3,weight,true,92.92,9.1467,8.7309,7.2008,642,2106.0,20362.07,175206.32,146623.19,28583.14,8.26,4.07,2.73,21
P10348,MS-1348,Chicken Breast Northgate Value Bulk,Meat & Seafood,S1010,Copper Creek Partners,3,weight,true,94.72,10.0726,9.6172,6.9884,616,1932.0,18471.13,175067.75,129083.68,45984.07,8.38,3.93,2.67,15
P10262,HW-1262,Shampoo Northgate Value Travel Size,Health & Wellness,S1041,Ridgemont Industries,1,each,false,99.0,89.6234,85.6296,56.1931,636,2078.0,20276.33,174356.83,116769.26,57587.57,38.58,17.87,5.27,5
P10855,MS-1855,Ground Beef Northgate Value Family Size,Meat & Seafood,S1011,Redstone Manufacturing,3,weight,true,93.38,5.8037,5.5411,4.9452,626,1869.0,31818.33,173776.21,157347.99,16428.22,8.54,3.81,2.54,18
P10634,MS-1634,Chicken Breast Premium Label Value Bundle,Meat & Seafood,S1045,Thornbury Manufacturing,3,weight,true,98.02,12.0944,11.5526,8.9794,591,1813.0,15313.35,173722.88,137504.73,36218.15,8.46,3.9,2.58,20
P10522,MS-1522,Chicken Breast Premium Label Single,Meat & Seafood,S1035,Fairmont Foods,3,weight,true,92.69,8.3469,7.9663,6.1944,584,1796.0,22028.81,173381.11,136455.29,36925.82,8.51,3.83,2.66,19
P10389,HW-1389,Skin Care Premium Label Single,Health & Wellness,S1016,Grayrock Supply Co,1,each,false,99.0,94.1464,89.9588,101.3377,602,1956.0,20733.64,173129.77,198216.54,-25086.77,40.51,19.5,5.25,3
P10074,HE-1074,Bath Tissue Exclusive Brand Value Bundle,Household Essentials,S1020,Thornbury Global,1,each,false,99.0,101.558,97.01,66.3105,598,1797.0,24854.92,171445.03,119159.97,52285.06,39.31,17.22,4.81,9
P10110,DF-1110,Whole Milk Northgate Value 2-Pack,Dairy & Frozen,S1028,Ridgemont Partners,1,each,false,96.53,89.4192,85.4824,62.4435,635,2032.0,32771.27,171434.61,126885.19,44549.41,39.07,19.8,5.21,11
P10373,GR-1373,Rice National Brand Club Pack,Grocery,S1043,Stonebridge Consumer Products,1,each,false,93.03,93.9922,89.7396,68.4569,591,1938.0,29910.43,171390.18,132669.47,38720.71,39.7,18.17,5.2,2
P10577,HE-1577,Dish Soap Northgate Value 2-Pack,Household Essentials,S1033,Bayfield Consumer Products,1,each,false,94.92,90.6861,86.4814,66.7708,604,2012.0,20720.66,171288.25,134342.85,36945.4,41.17,19.71,5.41,7
P10838,MS-1838,Pork Chops Northgate Value Travel Size,Meat & Seafood,S1018,Ridgemont Home Goods,3,weight,true,90.98,7.3475,7.0154,6.1788,597,1875.0,24625.04,170785.41,152153.2,18632.2,8.58,3.99,2.62,15
P10195,DF-1195,Frozen Vegetables National Brand Bulk,Dairy & Frozen,S1009,Ridgemont Supply Co,1,each,false,88.17,88.0279,84.0076,63.0947,636,2060.0,27314.99,170499.92,129975.08,40524.84,40.5,18.67,5.28,10
P10786,HE-1786,Laundry Detergent National Brand Family Size,Household Essentials,S1029,Silverbrook Partners,1,each,false,99.0,82.912,79.2253,57.515,646,2171.0,24826.34,169025.96,124865.06,44160.9,39.66,20.64,5.39,1
P10109,HW-1109,Allergy Relief Exclusive Brand Travel Size,Health & Wellness,S1040,Copper Creek Foods,1,each,false,99.0,91.9789,87.716,63.2586,604,1939.0,17260.72,167402.76,122658.43,44744.33,38.43,17.39,5.21,3
P10841,TS-1841,Building Blocks Northgate Select Travel Size,Toys & Seasonal,S1038,Thornbury Industries,1,each,false,85.46,99.7296,95.2173,107.1142,622,1789.0,19082.0,167134.38,191627.3,-24492.92,34.22,15.33,4.95,38
P10383,HE-1383,Laundry Detergent National Brand 2-Pack,Household Essentials,S1002,Larkspur Manufacturing,1,each,false,99.0,92.1403,87.8582,69.3398,609,1932.0,26125.2,167020.6,133964.49,33056.11,41.75,19.51,5.13,5
P10516,MS-1516,Pork Chops Northgate Value Bulk,Meat & Seafood,S1007,Northwind Distribution,3,weight,true,86.85,10.1478,9.6782,8.0345,580,1844.0,17359.51,166152.46,139474.98,26677.49,8.39,3.91,2.66,12
P10759,HE-1759,Paper Towels Northgate Value 2-Pack,Household Essentials,S1036,Crestline Manufacturing,1,each,false,99.0,88.016,84.0629,57.406,645,1997.0,24010.28,165398.59,114355.29,51043.3,39.08,18.08,5.0,3
P10859,HE-1859,Laundry Detergent Northgate Value Club Pack,Household Essentials,S1045,Thornbury Manufacturing,1,each,false,91.08,92.9656,88.7275,66.2581,589,1893.0,28310.71,165242.75,125426.58,39816.16,39.61,17.65,5.19,7
P10285,GR-1285,Breakfast Cereal Everyday Basics Multipack,Grocery,S1032,Blackpine Brands,1,each,false,99.0,93.0451,88.7188,66.0297,621,1874.0,31696.32,164500.1,123739.66,40760.45,39.91,16.7,4.9,4
P10571,HE-1571,Air Freshener Northgate Select 2-Pack,Household Essentials,S1011,Redstone Manufacturing,1,each,false,99.0,89.7889,85.6878,63.4822,608,1949.0,22754.4,164151.74,123726.81,40424.93,38.15,17.66,5.15,5
P10818,MS-1818,Ribeye Steak Premium Label 2-Pack,Meat & Seafood,S1025,Sandhill Global,3,weight,true,93.42,7.8437,7.4816,6.4299,582,1761.0,22135.82,163518.31,142331.12,21187.19,8.39,3.79,2.55,17
P10042,GR-1042,Rice Everyday Basics Bulk,Grocery,S1031,Fairmont Industries,1,each,false,96.13,88.7372,84.6775,65.4388,597,1962.0,31620.13,163128.77,128390.93,34737.84,40.68,19.24,5.39,6
P10505,HW-1505,Allergy Relief Northgate Value Club Pack,Health & Wellness,S1020,Thornbury Global,1,each,false,96.85,92.1744,88.0906,59.9742,577,1881.0,16279.43,162898.65,112811.47,50087.18,39.37,17.94,5.22,6
P10035,MS-1035,Salmon Fillet Everyday Basics Value Bundle,Meat & Seafood,S1023,Fairmont Global,1,each,false,91.91,92.1075,88.0294,75.0447,603,1867.0,26147.03,162238.5,140108.45,22130.05,37.06,17.78,5.11,18
P10278,HE-1278,Surface Cleaner Everyday Basics Single,Household Essentials,S1001,Blackpine Foods,1,each,false,99.0,91.3297,87.1067,60.7199,557,1890.0,26611.59,162055.44,114760.61,47294.83,38.8,18.97,5.45,2
P10502,HW-1502,Allergy Relief Northgate Select Family Size,Health & Wellness,S1025,Sandhill Global,1,each,false,91.72,97.104,92.6377,67.0896,579,1772.0,18113.18,161387.68,118882.77,42504.91,39.21,18.13,4.88,9
P10651,GR-1651,Breakfast Cereal Northgate Select Travel Size,Grocery,S1016,Grayrock Supply Co,1,each,false,96.69,89.1915,85.1215,64.8766,576,1930.0,35831.47,161264.56,125211.84,36052.72,40.86,20.79,5.37,5
P10662,HW-1662,First Aid Premium Label 2-Pack,Health & Wellness,S1003,Brightwater Home Goods,1,each,false,99.0,86.5607,82.6064,60.1545,610,1975.0,14403.15,160378.75,118805.14,41573.62,39.23,18.65,5.18,4
P10100,FP-1100,Potatoes Premium Label Value Bundle,Fresh & Produce,S1000,Kingsford Partners,3,weight,true,89.91,4.4024,4.1998,2.9959,657,2050.0,38799.76,159692.36,116240.21,43452.15,8.28,3.91,2.76,30
P10411,HW-1411,Shampoo Exclusive Brand Bulk,Health & Wellness,S1034,Brightwater Brands,1,each,false,99.0,95.6838,91.2582,64.6245,607,1771.0,14181.6,159300.86,114449.99,44850.87,39.02,17.05,4.62,2
P10731,HW-1731,Toothpaste National Brand 2-Pack,Health & Wellness,S1011,Redstone Manufacturing,1,each,false,97.82,75.918,72.436,52.9055,649,2232.0,15922.87,159125.59,118085.08,41040.51,39.37,20.05,5.58,6
P10715,GR-1715,Condiments Northgate Value Bulk,Grocery,S1032,Blackpine Brands,1,each,false,99.0,86.0722,82.0888,64.2146,617,1968.0,22769.47,158756.8,126374.33,32382.47,38.89,19.26,5.14,8
P10751,MS-1751,Rotisserie Chicken Everyday Basics Club Pack,Meat & Seafood,S1020,Thornbury Global,1,each,false,89.88,88.686,84.665,70.5282,620,1901.0,31027.34,158186.38,134074.11,24112.27,36.8,16.56,5.14,16
P10213,GR-1213,Condiments National Brand Single,Grocery,S1023,Fairmont Global,1,each,false,94.68,81.7561,78.0704,60.5533,627,2057.0,25907.41,158130.05,124558.14,33571.91,38.64,18.46,5.32,3
P10336,MS-1336,Ribeye Steak Exclusive Brand Travel Size,Meat & Seafood,S1014,Northwind Home Goods,3,weight,true,96.46,10.7531,10.2528,7.8787,624,2034.0,15584.01,157302.05,122781.77,34520.28,8.38,4.08,2.72,15
P10661,HW-1661,Pain Relief Premium Label Family Size,Health & Wellness,S1000,Kingsford Partners,1,each,false,99.0,81.7899,78.0777,52.0925,612,2042.0,17937.53,156280.73,106372.89,49907.84,37.39,18.45,5.45,13
P10619,GR-1619,Baby Formula Northgate Select Multipack,Grocery,S1018,Ridgemont Home Goods,1,each,false,94.1,80.3014,76.6313,57.6809,635,2075.0,34553.29,155764.98,119687.87,36077.11,39.58,18.3,5.22,4
P10387,GR-1387,Pasta Northgate Select Club Pack,Grocery,S1039,Brightwater Manufacturing,1,each,false,99.0,85.7051,81.7966,72.5918,605,1915.0,36054.35,154004.98,139013.3,14991.68,36.2,16.87,5.1,5
P10098,GR-1098,Canned Soup Everyday Basics Club Pack,Grocery,S1032,Blackpine Brands,1,each,false,99.0,87.1342,83.2675,64.3182,598,1882.0,31564.39,153925.76,121046.85,32878.9,39.72,17.98,5.02,6
P10254,MS-1254,Ribeye Steak Northgate Select Club Pack,Meat & Seafood,S1034,Brightwater Brands,1,each,false,93.34,84.7513,80.9141,65.7457,619,1925.0,17316.98,153135.2,126560.47,26574.73,37.51,17.48,5.18,16
P10774,HE-1774,Trash Bags Northgate Value Club Pack,Household Essentials,S1002,Larkspur Manufacturing,1,each,false,99.0,86.1137,82.1584,66.6433,598,1895.0,23173.01,153097.35,126289.05,26808.3,39.62,18.22,5.12,5
P10050,HW-1050,Shampoo National Brand Value Bundle,Health & Wellness,S1014,Northwind Home Goods,1,each,false,99.0,84.727,80.9004,60.1796,601,1913.0,15877.2,151850.45,115123.57,36726.88,39.7,19.31,5.11,7
P10471,HE-1471,Food Storage National Brand 2-Pack,Household Essentials,S1029,Silverbrook Partners,1,each,false,94.29,78.0922,74.5515,62.1188,617,2062.0,27132.11,150938.6,128088.97,22849.63,38.88,17.7,5.35,7
P10023,MS-1023,Pork Chops Premium Label Club Pack,Meat & Seafood,S1035,Fairmont Foods,3,weight,true,78.43,8.1601,7.8005,8.771,646,2126.0,19627.69,150692.43,172154.49,-21462.06,8.54,4.2,2.82,16
P10811,MS-1811,Deli Turkey Premium Label Multipack,Meat & Seafood,S1011,Redstone Manufacturing,3,weight,true,97.15,6.7958,6.4851,5.0558,605,1934.0,23499.07,150573.86,118806.59,31767.27,8.34,4.04,2.7,23
P10343,DF-1343,Eggs Northgate Select Family Size,Dairy & Frozen,S1014,Northwind Home Goods,1,each,false,98.04,82.6537,78.7993,62.8787,609,1937.0,36254.53,150305.04,121796.04,28509.0,39.94,17.35,5.17,8
P10554,HE-1554,Air Freshener Northgate Select Family Size,Household Essentials,S1034,Brightwater Brands,1,each,false,99.0,83.4323,79.6623,64.1995,604,1917.0,19736.63,150286.42,123070.44,27215.98,40.29,18.48,5.14,1
P10236,MS-1236,Salmon Fillet Northgate Value Family Size,Meat & Seafood,S1016,Grayrock Supply Co,3,weight,true,87.86,4.8787,4.6521,3.7193,625,2015.0,32849.04,150172.62,122175.44,27997.18,8.52,4.11,2.73,21
P10539,MS-1539,Pork Chops Everyday Basics Single,Meat & Seafood,S1039,Brightwater Manufacturing,3,weight,true,98.96,10.0065,9.5508,6.3052,639,2018.0,15926.98,149436.45,100422.81,49013.64,8.28,3.9,2.69,21
P10013,MS-1013,Deli Turkey Premium Label Travel Size,Meat & Seafood,S1036,Crestline Manufacturing,3,weight,true,93.73,6.6038,6.3029,5.7405,631,1867.0,23768.95,148195.61,136560.6,11635.01,8.54,3.77,2.52,12
P10750,GR-1750,Breakfast Cereal Northgate Select Club Pack,Grocery,S1001,Blackpine Foods,1,each,false,85.55,78.497,74.9517,60.3562,613,1988.0,27568.67,146586.76,119988.13,26598.63,40.73,18.48,5.18,2
P10851,HE-1851,Air Freshener Everyday Basics 2-Pack,Household Essentials,S1002,Larkspur Manufacturing,1,each,false,99.0,76.5762,73.116,55.1295,610,2031.0,30121.64,145824.58,111968.01,33856.57,39.08,20.9,5.4,6
P10135,GR-1135,Condiments Everyday Basics Multipack,Grocery,S1018,Ridgemont Home Goods,1,each,false,95.23,76.0169,72.5172,59.7663,623,2041.0,28361.96,145461.77,121983.02,23478.75,40.65,18.93,5.25,2
P10344,MS-1344,Deli Turkey Exclusive Brand Travel Size,Meat & Seafood,S1024,Redstone Consumer Products,3,weight,true,93.52,6.4786,6.1808,4.5701,594,1878.0,23772.46,145147.56,108642.53,36505.02,8.57,3.99,2.64,14
P10581,MS-1581,Salmon Fillet Northgate Select Value Bundle,Meat & Seafood,S1030,Sandhill Supply Co,3,weight,true,84.3,9.3541,8.9201,6.3314,632,1886.0,16453.85,144640.98,104175.92,40465.05,8.38,3.78,2.53,14
P10133,GR-1133,Bottled Water National Brand Family Size,Grocery,S1004,Sandhill Foods,1,each,false,93.64,87.326,83.4768,63.0602,578,1760.0,20651.13,144631.18,110985.95,33645.23,39.17,17.32,4.87,5
P10602,MS-1602,Deli Turkey Everyday Basics Single,Meat & Seafood,S1039,Brightwater Manufacturing,3,weight,true,94.39,6.5883,6.2901,5.0001,578,1815.0,23356.14,144527.64,116783.03,27744.61,8.33,4.01,2.7,18
P10665,HE-1665,Trash Bags National Brand Family Size,Household Essentials,S1040,Copper Creek Foods,1,each,false,99.0,74.2681,70.9078,52.1877,630,2063.0,19821.69,143790.41,107663.23,36127.18,41.79,21.4,5.28,2
P10433,HE-1433,Trash Bags Exclusive Brand Travel Size,Household Essentials,S1036,Crestline Manufacturing,1,each,false,95.84,75.4751,72.1105,52.6699,622,2024.0,16412.99,143752.44,106702.86,37049.58,39.82,18.65,5.25,6
P10504,GR-1504,Snack Crackers National Brand Multipack,Grocery,S1031,Fairmont Industries,1,each,false,99.0,84.0536,80.3513,57.2778,584,1800.0,33577.83,142745.0,103100.04,39644.96,37.36,16.19,4.97,7
P10701,GR-1701,Breakfast Cereal Northgate Value Bulk,Grocery,S1028,Ridgemont Partners,1,each,false,98.27,78.3274,74.7612,51.572,578,1938.0,25357.97,142272.87,99946.54,42326.34,39.6,19.73,5.37,2
P10033,DF-1033,Whole Milk Exclusive Brand Travel Size,Dairy & Frozen,S1044,Redstone Distribution,1,each,false,93.12,81.8873,78.1901,57.9842,568,1840.0,29741.34,141987.37,106690.93,35296.45,39.06,18.88,5.26,4
P10425,MS-1425,Chicken Breast Premium Label Multipack,Meat & Seafood,S1010,Copper Creek Partners,3,weight,true,85.53,11.1277,10.6271,8.0185,603,1876.0,13426.62,140867.96,107661.31,33206.65,8.4,3.99,2.59,21
P10791,HW-1791,Toothpaste Premium Label 2-Pack,Health & Wellness,S1013,Silverbrook Consumer Products,1,each,false,97.78,78.0474,74.5877,53.1781,629,1913.0,14267.95,140852.11,101729.71,39122.41,39.36,17.37,4.91,8
P10684,HW-1684,First Aid National Brand Value Bundle,Health & Wellness,S1032,Blackpine Brands,1,each,false,99.0,79.5379,75.9594,58.4185,601,1869.0,14221.09,139871.62,109184.18,30687.44,40.12,18.83,4.97,6
P10415,DF-1415,Shredded Cheese Northgate Value Travel Size,Dairy & Frozen,S1024,Redstone Consumer Products,1,each,false,94.91,74.6198,71.1741,54.9259,605,1993.0,29486.69,139524.96,109467.32,30057.64,40.98,19.35,5.31,10
P10306,HE-1306,Bath Tissue National Brand Value Bundle,Household Essentials,S1006,Alderwood Brands,1,each,false,99.0,76.7038,73.2253,57.5126,644,1931.0,25012.39,139243.33,111056.83,28186.5,38.12,16.56,4.83,7
P10754,MS-1754,Salmon Fillet Northgate Value 2-Pack,Meat & Seafood,S1000,Kingsford Partners,1,each,false,88.01,78.9124,75.3578,52.3036,611,1871.0,13301.67,139098.43,97860.04,41238.39,36.15,15.65,5.0,15
P10417,GR-1417,Rice Northgate Value Multipack,Grocery,S1022,Sandhill Partners,1,each,false,95.53,73.6211,70.2435,57.5546,634,2009.0,23252.45,138670.11,115627.19,23042.92,40.4,18.08,5.13,9
P10228,GR-1228,Soda 12pk Premium Label 2-Pack,Grocery,S1041,Ridgemont Industries,1,each,false,97.96,76.6224,73.1751,52.9813,617,1926.0,30104.53,138622.99,102041.98,36581.01,39.12,18.23,5.02,6
P10757,GR-1757,Canned Soup Northgate Select Family Size,Grocery,S1041,Ridgemont Industries,1,each,false,96.39,78.8996,75.246,63.1807,624,1861.0,26619.82,138070.15,117579.28,20490.87,39.1,16.5,4.8,1
P10284,GR-1284,Baking Mix Everyday Basics Single,Grocery,S1002,Larkspur Manufacturing,1,each,false,94.46,74.3307,70.9975,53.6741,624,1968.0,32756.43,137994.43,105630.63,32363.8,39.18,18.55,5.1,3
P10248,DF-1248,Ice Cream Premium Label Travel Size,Dairy & Frozen,S1007,Northwind Distribution,1,each,false,99.0,70.1267,66.993,49.1089,631,2088.0,28693.62,137605.14,102539.38,35065.75,39.2,18.82,5.39,6
P10560,DF-1560,Greek Yogurt Northgate Value Value Bundle,Dairy & Frozen,S1014,Northwind Home Goods,1,each,false,88.75,74.5664,71.212,54.9348,604,1959.0,20919.42,137306.17,107617.27,29688.9,37.75,18.07,5.26,5
P10807,GR-1807,Cooking Oil Everyday Basics Single,Grocery,S1013,Silverbrook Consumer Products,1,each,false,98.27,67.7097,64.6632,49.1774,641,2157.0,34972.72,137038.74,106075.65,30963.09,42.97,19.94,5.39,4
P10054,GR-1054,Coffee Exclusive Brand Bulk,Grocery,S1020,Thornbury Global,1,each,false,93.39,75.321,71.9377,61.2983,631,1931.0,30328.7,137028.91,118367.02,18661.89,38.32,17.28,4.83,4
P10261,AP-1261,Activewear Legging Exclusive Brand Club Pack,Apparel,S1018,Ridgemont Home Goods,1,each,false,90.59,79.5908,76.0454,85.9121,587,1820.0,13822.36,135890.13,156360.02,-20469.89,38.34,17.72,5.16,14
P10341,DF-1341,Frozen Vegetables Everyday Basics Family Size,Dairy & Frozen,S1014,Northwind Home Goods,1,each,false,97.8,70.4551,67.2638,49.4338,619,2041.0,32057.67,135629.91,100894.39,34735.52,40.5,19.91,5.35,8
P10368,HE-1368,Laundry Detergent Exclusive Brand Bulk,Household Essentials,S1040,Copper Creek Foods,1,each,false,95.66,73.2081,69.9124,56.7112,616,1969.0,22628.46,135514.5,111664.35,23850.15,39.31,18.85,5.21,6
P10784,HE-1784,Food Storage Everyday Basics Travel Size,Household Essentials,S1016,Grayrock Supply Co,1,each,false,99.0,80.3168,76.6326,56.7558,553,1793.0,21407.33,135121.83,101763.15,33358.68,41.05,19.76,5.29,7
P10469,GR-1469,Snack Crackers Premium Label Multipack,Grocery,S1004,Sandhill Foods,1,each,false,99.0,75.7344,72.2892,55.2119,603,1896.0,34419.8,134883.69,104681.76,30201.92,39.36,17.72,5.07,4
P10606,GR-1606,Breakfast Cereal Northgate Select Single,Grocery,S1015,Sandhill Home Goods,1,each,false,99.0,67.85,64.7613,52.0241,623,2120.0,28207.68,134798.07,110291.09,24506.98,39.99,19.87,5.47,4
P10388,DF-1388,Whole Milk Northgate Value Travel Size,Dairy & Frozen,S1002,Larkspur Manufacturing,1,each,false,89.02,74.1044,70.7309,57.0349,610,1916.0,30065.03,133794.82,109278.87,24515.96,39.92,17.93,5.1,5
P10865,HE-1865,Paper Towels Northgate Value Single,Household Essentials,S1035,Fairmont Foods,1,each,false,95.84,76.4994,72.9524,56.2439,636,1857.0,21722.26,133737.86,104444.92,29292.94,40.77,17.12,4.72,4
P10648,DF-1648,Whole Milk National Brand Single,Dairy & Frozen,S1004,Sandhill Foods,3,weight,true,93.2,6.3089,6.0196,4.785,605,1985.0,22500.96,133344.15,107667.08,25677.07,8.73,4.14,2.71,9
P10145,GR-1145,Canned Soup Northgate Value Family Size,Grocery,S1013,Silverbrook Consumer Products,1,each,false,98.36,70.7585,67.6302,52.5227,630,2002.0,28105.17,133012.63,105150.45,27862.19,40.33,18.3,5.12,6
P10088,MS-1088,Ground Beef Northgate Value Single,Meat & Seafood,S1037,Harborview Distribution,1,each,false,99.0,68.7719,65.6575,46.516,647,2059.0,13703.63,132825.13,95776.44,37048.69,38.11,18.54,5.16,13
P10872,FP-1872,Berries National Brand Value Bundle,Fresh & Produce,S1036,Crestline Manufacturing,3,weight,true,87.39,4.9811,4.7516,3.5104,674,2165.0,28293.02,132317.19,99365.08,32952.11,8.28,4.04,2.79,24
P10796,TS-1796,Action Figure National Brand Travel Size,Toys & Seasonal,S1036,Crestline Manufacturing,1,each,false,83.77,82.0693,78.3289,55.8962,596,1716.0,7768.98,132202.5,95917.19,36285.31,34.01,14.96,4.97,37
P10057,MS-1057,Shrimp Exclusive Brand Bulk,Meat & Seafood,S1009,Ridgemont Supply Co,3,weight,true,99.0,7.0492,6.7431,4.9477,578,1830.0,19754.22,131508.32,97737.96,33770.35,8.46,4.06,2.68,18
P10483,HK-1483,Area Rug Northgate Select Travel Size,Home & Kitchen,S1018,Ridgemont Home Goods,1,each,false,84.43,74.0778,70.6289,45.6185,611,1885.0,8088.78,131455.6,85990.87,45464.72,36.7,17.27,5.08,9
P10878,GR-1878,Soda 12pk Exclusive Brand Club Pack,Grocery,S1012,Silverbrook Distribution,1,each,false,99.0,67.7782,64.7093,45.656,641,2057.0,34219.08,131413.15,93914.39,37498.75,40.73,19.0,5.2,3
P10747,GR-1747,Rice Premium Label Multipack,Grocery,S1020,Thornbury Global,1,each,false,96.7,70.2088,67.001,55.8074,596,1980.0,24950.61,131002.91,110498.65,20504.26,40.65,19.55,5.33,3
P10311,HE-1311,Dish Soap National Brand Single,Household Essentials,S1045,Thornbury Manufacturing,1,each,false,99.0,70.7214,67.5702,47.0662,637,1973.0,16632.01,130996.02,92861.61,38134.41,39.27,18.09,5.01,7
P10301,MS-1301,Bacon Premium Label Multipack,Meat & Seafood,S1022,Sandhill Partners,3,weight,true,92.07,6.7447,6.4442,4.6378,621,1803.0,20476.86,130317.71,94967.59,35350.12,8.41,3.65,2.46,20
P10225,DF-1225,Butter National Brand Travel Size,Dairy & Frozen,S1032,Blackpine Brands,1,each,false,95.83,66.2534,63.2728,49.4253,633,2086.0,26533.12,130066.23,103101.18,26965.05,38.78,18.66,5.36,11
P10523,GR-1523,Breakfast Cereal Northgate Select 2-Pack,Grocery,S1027,Grayrock Distribution,1,each,false,98.21,68.7619,65.5718,52.9992,603,2020.0,31423.48,129797.37,107058.38,22738.99,42.37,20.66,5.37,2
P10635,DF-1635,Frozen Vegetables Northgate Value Multipack,Dairy & Frozen,S1027,Grayrock Distribution,1,each,false,92.95,65.1176,62.1733,47.2001,623,2103.0,28625.58,129441.19,99261.81,30179.38,37.6,18.95,5.44,7
P10468,DF-1468,Eggs Northgate Select Single,Dairy & Frozen,S1044,Redstone Distribution,1,each,false,97.62,65.5571,62.6008,46.3235,629,2095.0,30123.4,128987.75,97047.73,31940.02,38.53,19.09,5.45,4
P10729,HK-1729,Storage Bin Premium Label 2-Pack,Home & Kitchen,S1044,Redstone Distribution,1,each,false,96.37,65.946,62.9654,37.6229,624,2077.0,7031.0,128197.88,78142.76,50055.11,38.17,18.42,5.42,8
P10487,MS-1487,Deli Turkey Everyday Basics 2-Pack,Meat & Seafood,S1026,Stonebridge Distribution,3,weight,true,97.78,7.3527,7.0185,5.1849,619,1932.0,18508.58,128037.06,95965.16,32071.9,8.54,3.99,2.65,20
P10823,GR-1823,Baby Formula Everyday Basics Travel Size,Grocery,S1034,Brightwater Brands,1,each,false,98.24,65.9752,62.94,47.9971,653,2063.0,26883.51,127831.56,99018.02,28813.55,39.66,18.51,5.1,1
P10134,HE-1134,Bath Tissue National Brand 2-Pack,Household Essentials,S1001,Blackpine Foods,1,each,false,98.31,74.1428,70.7967,52.0543,595,1832.0,24025.0,127687.77,95363.48,32324.29,40.36,18.22,4.98,8
P10077,GR-1077,Cooking Oil Northgate Select Travel Size,Grocery,S1029,Silverbrook Partners,3,weight,true,99.0,5.1004,4.8691,3.6148,624,2135.0,26561.3,127551.24,96013.79,31537.45,8.95,4.34,2.79,4
P10332,GR-1332,Baking Mix Exclusive Brand 2-Pack,Grocery,S1031,Fairmont Industries,1,each,false,96.54,71.9413,68.6663,56.1763,620,1872.0,23134.67,127049.52,105162.03,21887.49,42.95,17.84,4.86,1
P10020,GR-1020,Condiments Everyday Basics 2-Pack,Grocery,S1017,Grayrock Home Goods,1,each,false,98.95,69.8683,66.7167,53.9659,603,1928.0,23145.25,126850.9,104046.26,22804.65,37.59,17.86,5.18,7
P10655,MS-1655,Ribeye Steak National Brand Bulk,Meat & Seafood,S1011,Redstone Manufacturing,3,weight,true,96.15,9.9245,9.4729,7.5363,622,2035.0,13558.27,126427.89,102179.21,24248.68,8.47,4.18,2.73,23
P10582,GR-1582,Baking Mix Everyday Basics 2-Pack,Grocery,S1000,Kingsford Partners,3,weight,true,99.0,3.9651,3.7866,2.8122,613,2002.0,33849.19,126362.16,95190.7,31171.46,8.82,4.14,2.68,1
P10500,MS-1500,Bacon Northgate Value Single,Meat & Seafood,S1040,Copper Creek Foods,3,weight,true,78.93,6.4494,6.1496,4.6415,585,1919.0,20782.22,125927.26,96460.66,29466.6,8.52,4.18,2.74,12
P10427,GR-1427,Canned Soup Everyday Basics Travel Size,Grocery,S1041,Ridgemont Industries,1,each,false,95.95,62.3201,59.4837,44.7755,664,2153.0,23882.13,125730.84,96401.65,29329.19,37.12,17.25,5.27,2
P10046,DF-1046,Frozen Vegetables Premium Label Travel Size,Dairy & Frozen,S1031,Fairmont Industries,1,each,false,87.0,63.8763,61.0282,46.5592,620,2089.0,32835.55,125394.47,97262.17,28132.3,38.93,19.39,5.45,7
P10805,GR-1805,Bottled Water Premium Label Single,Grocery,S1011,Redstone Manufacturing,1,each,false,99.0,68.3267,65.3162,47.1754,612,1941.0,22810.94,125377.99,91567.45,33810.54,41.56,19.09,5.08,2
P10501,GR-1501,Soda 12pk National Brand Multipack,Grocery,S1005,Thornbury Brands,1,each,false,99.0,78.0237,74.525,59.7919,526,1707.0,24702.45,124833.16,102064.77,22768.39,39.58,19.37,5.21,6
P10726,GR-1726,Rice Northgate Select 2-Pack,Grocery,S1019,Kingsford Home Goods,1,each,false,99.0,65.2223,62.2125,55.9848,616,2038.0,34239.94,124811.28,114097.02,10714.26,44.57,20.94,5.26,2
P10004,GR-1004,Canned Soup Northgate Value 2-Pack,Grocery,S1041,Ridgemont Industries,1,each,false,92.94,71.8519,68.5249,54.2063,594,1845.0,34702.72,124657.66,100010.62,24647.04,40.17,17.56,5.04,4
P10613,GR-1613,Rice Exclusive Brand Bulk,Grocery,S1005,Thornbury Brands,1,each,false,99.0,67.9259,64.9324,52.5604,595,1943.0,22569.17,124654.79,102124.86,22529.93,40.09,18.9,5.32,0
P10185,GR-1185,Condiments Exclusive Brand Family Size,Grocery,S1030,Sandhill Supply Co,1,each,false,99.0,65.8821,62.9078,51.8424,627,2000.0,28308.07,124017.99,103684.8,20333.19,42.98,18.67,5.11,2
P10065,DF-1065,Shredded Cheese National Brand Travel Size,Dairy & Frozen,S1009,Ridgemont Supply Co,1,each,false,97.83,66.2473,63.2155,48.1077,617,1988.0,21360.38,123388.57,95638.11,27750.46,38.81,17.93,5.34,6
P10055,GR-1055,Breakfast Cereal Northgate Value Single,Grocery,S1032,Blackpine Brands,1,each,false,99.0,62.7567,59.8849,47.2522,663,2089.0,38965.02,123137.16,98709.85,24427.31,41.1,18.36,5.09,4
P10864,GR-1864,Coffee Northgate Value Club Pack,Grocery,S1027,Grayrock Distribution,1,each,false,99.0,58.446,55.7602,41.9577,664,2241.0,35888.37,123035.41,94027.21,29008.2,40.67,19.92,5.42,6
P10229,GR-1229,Canned Soup Premium Label Club Pack,Grocery,S1025,Sandhill Global,1,each,false,99.0,66.823,63.8912,50.7244,579,1963.0,29652.72,123001.93,99572.0,23429.93,40.65,19.47,5.41,0
P10181,GR-1181,Canned Soup Exclusive Brand Single,Grocery,S1026,Stonebridge Distribution,1,each,false,91.09,68.7841,65.6663,50.9124,586,1900.0,23372.8,122574.34,96733.56,25840.78,40.3,19.12,5.23,2
P10180,GR-1180,Cooking Oil National Brand Single,Grocery,S1035,Fairmont Foods,1,each,false,99.0,69.1395,66.0171,50.1044,584,1886.0,29199.7,122119.83,94496.9,27622.93,39.93,19.05,5.16,4
P10141,GR-1141,Coffee Premium Label Travel Size,Grocery,S1007,Northwind Distribution,1,each,false,93.6,60.826,58.0607,45.9408,658,2128.0,24461.03,121703.49,97762.02,23941.46,39.01,19.27,5.23,6
P10632,GR-1632,Breakfast Cereal National Brand Bulk,Grocery,S1033,Bayfield Consumer Products,3,weight,true,98.02,5.6642,5.4148,4.5046,639,2221.0,22882.02,121669.03,103074.36,18594.68,9.17,4.52,2.83,4
P10485,DF-1485,Greek Yogurt Exclusive Brand Club Pack,Dairy & Frozen,S1034,Brightwater Brands,1,each,false,94.38,64.8097,61.8485,49.9671,650,1982.0,34613.78,120984.27,99034.79,21949.48,38.77,17.59,5.0,10
P10446,DF-1446,Whole Milk Northgate Select Family Size,Dairy & Frozen,S1010,Copper Creek Partners,1,each,false,99.0,62.4329,59.555,43.942,636,2060.0,27703.27,120881.22,90520.52,30360.7,41.05,18.4,5.3,9
P10049,DF-1049,Frozen Entree Premium Label Single,Dairy & Frozen,S1007,Northwind Distribution,1,each,false,98.52,64.5236,61.6986,43.371,639,1984.0,26282.34,120746.33,86048.06,34698.27,38.16,16.98,5.08,6
P10208,GR-1208,Coffee National Brand 2-Pack,Grocery,S1033,Bayfield Consumer Products,1,each,false,92.36,63.0229,60.0888,42.5327,624,2017.0,24113.53,119868.88,85788.46,34080.42,37.41,17.39,5.26,5
P10660,DF-1660,Frozen Pizza Northgate Select Family Size,Dairy & Frozen,S1028,Ridgemont Partners,3,weight,true,95.92,4.3352,4.1352,3.1394,594,1879.0,29478.0,119823.14,92543.24,27279.9,8.78,4.09,2.61,10
P10455,MS-1455,Rotisserie Chicken National Brand Single,Meat & Seafood,S1005,Thornbury Brands,3,weight,true,92.53,6.9753,6.6624,5.0454,662,2052.0,18247.98,119812.53,92068.34,27744.18,8.46,3.93,2.71,14
P10432,GR-1432,Soda 12pk Northgate Select Family Size,Grocery,S1013,Silverbrook Consumer Products,1,each,false,96.81,63.0766,60.2187,45.3653,658,2014.0,29767.67,119739.57,91365.71,28373.86,41.62,18.69,4.92,4
P10342,DF-1342,Ice Cream Exclusive Brand Single,Dairy & Frozen,S1023,Fairmont Global,1,each,false,99.0,66.9784,63.9294,47.3517,620,1894.0,29399.63,119318.79,89684.12,29634.67,39.71,17.56,4.98,8
P10320,DF-1320,Frozen Pizza Premium Label Travel Size,Dairy & Frozen,S1006,Alderwood Brands,1,each,false,99.0,60.384,57.6127,44.7141,660,2101.0,24949.93,119122.85,93944.32,25178.53,40.51,19.37,5.2,8
P10237,HE-1237,Air Freshener National Brand Bulk,Household Essentials,S1028,Ridgemont Partners,1,each,false,96.32,66.4973,63.4554,57.7521,630,1897.0,18387.84,118847.53,109555.73,9291.79,43.44,19.23,4.92,10
P10621,HE-1621,Paper Towels Northgate Select Multipack,Household Essentials,S1001,Blackpine Foods,1,each,false,93.0,60.8372,58.1493,44.6301,626,2070.0,19827.6,118736.37,92384.31,26352.07,36.75,18.05,5.31,4
P10708,GR-1708,Rice Northgate Value Family Size,Grocery,S1036,Crestline Manufacturing,1,each,false,99.0,63.3541,60.4733,50.273,619,1994.0,27904.06,118722.93,100002.71,18720.22,38.02,17.79,5.18,2
P10723,DF-1723,Eggs National Brand Value Bundle,Dairy & Frozen,S1027,Grayrock Distribution,1,each,false,99.0,64.312,61.3453,45.5532,633,1959.0,25699.69,118667.84,89238.72,29429.12,38.93,16.88,5.0,6
P10316,GR-1316,Bottled Water Northgate Value Value Bundle,Grocery,S1007,Northwind Distribution,1,each,false,99.0,62.5886,59.8078,48.895,628,2017.0,23429.97,118469.13,98621.21,19847.92,40.61,18.46,5.23,8
P10678,FP-1678,Citrus Exclusive Brand Single,Fresh & Produce,S1022,Sandhill Partners,1,each,false,88.73,60.6941,58.0016,39.4192,644,2078.0,42522.69,118287.86,81913.1,36374.76,35.24,17.76,5.45,30
P10496,GR-1496,Coffee Northgate Value Family Size,Grocery,S1024,Redstone Consumer Products,3,weight,true,96.42,4.7692,4.5517,3.703,597,1974.0,26459.31,118089.15,97978.82,20110.32,8.68,4.1,2.69,6
P10542,DF-1542,Frozen Vegetables Exclusive Brand Family Size,Dairy & Frozen,S1043,Stonebridge Consumer Products,1,each,false,99.0,61.0208,58.2732,43.3756,626,2045.0,15628.99,117836.53,88703.1,29133.43,38.38,18.22,5.34,9
P10251,DF-1251,Ice Cream Northgate Select Single,Dairy & Frozen,S1039,Brightwater Manufacturing,1,each,false,96.56,62.9259,60.1096,45.8711,649,1983.0,32668.25,117643.69,90962.39,26681.3,38.6,16.79,5.0,11
P10551,GR-1551,Pasta Everyday Basics Travel Size,Grocery,S1027,Grayrock Distribution,1,each,false,91.82,70.3075,67.0737,52.2509,554,1772.0,23529.21,116973.82,92588.59,24385.23,39.47,17.62,5.16,2
P10273,GR-1273,Condiments Everyday Basics Multipack,Grocery,S1033,Bayfield Consumer Products,1,each,false,99.0,64.1607,61.2384,43.4983,600,1929.0,29534.92,116503.15,83908.22,32594.93,40.22,18.1,5.16,5
P10524,GR-1524,Bottled Water Everyday Basics Single,Grocery,S1001,Blackpine Foods,1,each,false,99.0,62.3111,59.4032,49.3805,592,1993.0,39163.7,116230.2,98415.34,17814.86,41.24,20.67,5.45,8
P10443,GR-1443,Baking Mix Exclusive Brand Club Pack,Grocery,S1007,Northwind Distribution,1,each,false,97.93,63.2149,60.341,45.3693,634,1949.0,28056.23,115563.63,88424.77,27138.86,40.35,17.85,4.92,3
P10769,HE-1769,Paper Towels Northgate Select Travel Size,Household Essentials,S1009,Ridgemont Supply Co,1,each,false,99.0,60.3815,57.601,42.7762,618,2037.0,18375.23,115446.06,87135.12,28310.94,39.88,19.46,5.26,7
P10112,GR-1112,Snack Crackers Northgate Value 2-Pack,Grocery,S1028,Ridgemont Partners,1,each,false,96.43,64.9555,62.0097,45.9351,588,1892.0,19797.18,115302.77,86909.21,28393.56,42.52,19.1,5.22,3
P10691,GR-1691,Coffee Exclusive Brand Bulk,Grocery,S1030,Sandhill Supply Co,1,each,false,99.0,62.6062,59.7721,46.8594,616,1955.0,24550.55,115266.91,91610.13,23656.78,40.7,19.32,5.16,3
P10354,FP-1354,Bananas Northgate Select Travel Size,Fresh & Produce,S1030,Sandhill Supply Co,3,weight,true,92.19,4.2153,4.0223,2.9068,610,1750.0,29001.58,114847.76,84301.78,30545.98,8.07,3.55,2.54,28
P10528,GR-1528,Condiments Northgate Value Bulk,Grocery,S1031,Fairmont Industries,1,each,false,99.0,56.1056,53.5948,40.8891,622,2181.0,38670.39,114779.54,89179.13,25600.42,39.42,19.91,5.68,4
P10357,MS-1357,Ground Beef Everyday Basics Multipack,Meat & Seafood,S1023,Fairmont Global,3,weight,true,96.46,8.4173,8.0277,5.8308,574,1842.0,14417.23,114519.15,84063.97,30455.18,8.23,4.03,2.65,18
P10028,DF-1028,Eggs Everyday Basics 2-Pack,Dairy & Frozen,S1042,Northwind Foods,1,each,false,99.0,62.0615,59.2236,48.1926,621,1971.0,36185.46,114504.83,94987.61,19517.22,38.22,18.02,5.21,12
P10300,GR-1300,Bottled Water Northgate Value Club Pack,Grocery,S1026,Stonebridge Distribution,1,each,false,87.5,63.1513,60.254,50.233,585,1923.0,20064.41,114079.18,96598.06,17481.12,42.17,20.02,5.27,3
P10488,GR-1488,Bottled Water Exclusive Brand Bulk,Grocery,S1023,Fairmont Global,1,each,false,96.24,60.3869,57.6312,44.6682,639,2003.0,24870.76,114019.04,89470.4,24548.63,38.95,17.52,5.1,9
P10099,GR-1099,Soda 12pk Premium Label Multipack,Grocery,S1023,Fairmont Global,1,each,false,96.04,63.8537,60.9687,48.5565,606,1892.0,26859.26,113767.65,91868.9,21898.76,40.67,18.22,5.07,3
P10638,HE-1638,Dish Soap Northgate Select Family Size,Household Essentials,S1032,Blackpine Brands,1,each,false,99.0,61.3657,58.5806,45.6775,617,1972.0,17489.22,113711.76,90076.03,23635.73,39.7,18.49,5.18,8
P10094,GR-1094,Breakfast Cereal Northgate Select Family Size,Grocery,S1024,Redstone Consumer Products,1,each,false,97.35,62.0334,59.1755,49.3563,610,1943.0,26802.14,113512.83,95899.29,17613.54,38.61,17.46,5.11,4
P10778,GR-1778,Breakfast Cereal Premium Label Single,Grocery,S1018,Ridgemont Home Goods,1,each,false,99.0,64.5107,61.5007,51.7212,575,1888.0,28552.62,113421.28,97649.63,15771.66,41.15,19.42,5.31,2
P10224,DF-1224,Frozen Pizza National Brand Family Size,Dairy & Frozen,S1038,Thornbury Industries,1,each,false,89.96,65.1301,62.1079,50.2822,583,1855.0,26645.78,113223.59,93273.48,19950.11,39.81,19.47,5.16,4
P10149,DF-1149,Shredded Cheese Exclusive Brand Multipack,Dairy & Frozen,S1025,Sandhill Global,1,each,false,96.63,62.4884,59.6857,42.9369,580,1932.0,25735.82,113133.28,82954.09,30179.19,38.34,18.46,5.35,2
P10482,GR-1482,Canned Soup Northgate Value Family Size,Grocery,S1012,Silverbrook Distribution,1,each,false,89.98,56.6563,54.1098,42.4956,624,2127.0,29543.24,112826.34,90388.14,22438.2,40.06,18.83,5.5,8
P10553,GR-1553,Baby Formula National Brand Single,Grocery,S1029,Silverbrook Partners,1,each,false,99.0,62.9752,60.1425,45.8216,586,1894.0,29169.45,112451.42,86786.11,25665.31,38.29,17.26,5.2,0
P10323,GR-1323,Baking Mix Northgate Select Single,Grocery,S1040,Copper Creek Foods,1,each,false,98.38,57.9079,55.2554,45.0794,636,2063.0,21284.97,112282.46,92998.8,19283.65,38.66,18.08,5.23,6
P10062,DF-1062,Frozen Vegetables Northgate Value Travel Size,Dairy & Frozen,S1020,Thornbury Global,1,each,false,90.99,60.1805,57.4372,51.0084,648,1975.0,27813.45,112025.82,100741.59,11284.23,37.82,16.31,4.97,4
P10718,FP-1718,Fresh Herbs National Brand Family Size,Fresh & Produce,S1008,Ridgemont Distribution,3,weight,true,86.09,3.8923,3.7141,2.5363,609,1796.0,30603.78,111949.89,77620.36,34329.52,8.18,3.66,2.57,23
P10282,GR-1282,Breakfast Cereal Premium Label Travel Size,Grocery,S1044,Redstone Distribution,1,each,false,94.33,62.1014,59.3505,52.7926,603,1926.0,23882.46,111897.47,101678.55,10218.92,41.02,19.46,5.11,8
P10636,MS-1636,Ribeye Steak Premium Label Bulk,Meat & Seafood,S1014,Northwind Home Goods,3,weight,true,98.06,7.977,7.622,5.6246,626,2037.0,14941.13,111746.24,84037.86,27708.39,8.43,4.13,2.76,18
P10860,GR-1860,Canned Soup Northgate Value Bulk,Grocery,S1010,Copper Creek Partners,1,each,false,96.78,60.1756,57.4296,45.8634,631,1965.0,26185.01,110991.95,90121.58,20870.37,39.86,18.06,5.08,6
P10657,GR-1657,Soda 12pk Everyday Basics Club Pack,Grocery,S1007,Northwind Distribution,1,each,false,86.44,55.2593,52.7511,43.2616,621,2139.0,25437.67,110746.62,92536.56,18210.06,41.21,20.24,5.57,3
P10689,AP-1689,Socks 6pk Premium Label Travel Size,Apparel,S1045,Thornbury Manufacturing,1,each,false,78.79,59.0534,56.4217,33.9973,634,1991.0,7433.67,110572.42,67688.62,42883.8,37.3,16.9,5.12,14
P10766,HE-1766,Dish Soap National Brand Club Pack,Household Essentials,S1041,Ridgemont Industries,1,each,false,97.12,63.4427,60.5668,41.5222,585,1852.0,20880.73,110357.17,76899.11,33458.05,39.43,19.08,5.11,6
P10115,GR-1115,Bottled Water Northgate Select Family Size,Grocery,S1043,Stonebridge Consumer Products,1,each,false,99.0,55.9563,53.4601,42.2723,637,2091.0,26571.13,110039.53,88391.38,21648.16,41.34,19.91,5.27,4
P10207,GR-1207,Baby Formula Exclusive Brand 2-Pack,Grocery,S1001,Blackpine Foods,1,each,false,99.0,58.5386,55.9174,41.0063,637,1988.0,27770.64,109616.52,81520.52,28095.99,39.52,17.81,5.03,1
P10472,DF-1472,Butter Exclusive Brand Travel Size,Dairy & Frozen,S1027,Grayrock Distribution,1,each,false,92.11,56.7225,54.1401,40.5713,621,2052.0,31557.64,109438.53,83252.31,26186.22,38.05,19.15,5.38,10
P10226,GR-1226,Snack Crackers Everyday Basics Club Pack,Grocery,S1014,Northwind Home Goods,1,each,false,91.73,61.7871,59.0078,44.7132,586,1872.0,35773.6,109084.55,83703.11,25381.44,40.81,18.72,5.1,6
P10813,GR-1813,Baby Formula Northgate Select Travel Size,Grocery,S1003,Brightwater Home Goods,1,each,false,98.05,61.0085,58.2489,45.2653,608,1897.0,20804.65,109033.85,85868.27,23165.58,38.14,17.58,5.04,5
P10253,FP-1253,Berries Northgate Value Value Bundle,Fresh & Produce,S1001,Blackpine Foods,3,weight,true,88.44,3.8103,3.6361,2.5567,605,1829.0,30415.65,108788.47,77763.7,31024.77,7.99,3.72,2.63,35
P10822,DF-1822,Ice Cream Premium Label Club Pack,Dairy & Frozen,S1005,Thornbury Brands,3,weight,true,99.0,5.3923,5.1497,4.2121,599,1874.0,21453.42,108672.1,90363.97,18308.14,8.75,3.99,2.57,9
P10802,HW-1802,First Aid Exclusive Brand Travel Size,Health & Wellness,S1009,Ridgemont Supply Co,1,each,false,99.0,61.6802,58.8613,39.3103,591,1866.0,15565.77,108359.29,73353.02,35006.27,42.38,19.63,5.06,4
P10235,HE-1235,Laundry Detergent Northgate Value Multipack,Household Essentials,S1024,Redstone Consumer Products,1,each,false,92.45,59.2583,56.5644,39.9752,626,1940.0,17557.53,108080.04,77551.89,30528.15,41.37,18.69,4.97,5
P10836,GR-1836,Cooking Oil Everyday Basics Family Size,Grocery,S1021,Blackpine Distribution,1,each,false,97.35,57.0401,54.4237,45.7949,608,2015.0,34338.93,107981.08,92276.72,15704.36,41.69,20.56,5.37,3
P10075,GR-1075,Bottled Water Exclusive Brand Multipack,Grocery,S1017,Grayrock Home Goods,1,each,false,96.81,61.5709,58.7125,45.2788,614,1867.0,33162.1,107955.71,84535.52,23420.19,44.0,18.77,4.92,3
P10178,GR-1178,Pasta Premium Label Family Size,Grocery,S1012,Silverbrook Distribution,1,each,false,93.86,55.7174,53.1847,43.8349,623,2053.0,28467.81,107883.42,89993.05,17890.37,40.23,19.18,5.3,4
P10030,GR-1030,Cooking Oil Northgate Select Travel Size,Grocery,S1028,Ridgemont Partners,1,each,false,94.19,61.108,58.3334,44.6315,586,1881.0,24548.37,107815.59,83951.85,23863.74,40.0,18.77,5.18,5
P10137,GR-1137,Breakfast Cereal Northgate Select Bulk,Grocery,S1035,Fairmont Foods,1,each,false,98.35,50.9434,48.6633,39.5143,653,2225.0,34777.76,106640.68,87919.32,18721.36,40.66,20.6,5.52,2
P10193,GR-1193,Breakfast Cereal Exclusive Brand Bulk,Grocery,S1042,Northwind Foods,1,each,false,99.0,52.9907,50.5849,43.3335,640,2126.0,22675.07,106247.36,92127.02,14120.34,41.16,19.6,5.37,2
P10430,GR-1430,Baby Formula Everyday Basics Family Size,Grocery,S1045,Thornbury Manufacturing,1,each,false,99.0,55.3525,52.8491,43.6612,614,2036.0,20813.03,106033.01,88894.2,17138.81,39.71,19.48,5.3,5
P10685,DF-1685,Butter Premium Label Single,Dairy & Frozen,S1025,Sandhill Global,1,each,false,94.15,56.3863,53.8457,39.6254,634,1997.0,21296.75,105748.0,79131.92,26616.07,38.69,18.48,5.09,8
P10409,HE-1409,Air Freshener Northgate Select Single,Household Essentials,S1021,Blackpine Distribution,1,each,false,95.91,52.4934,50.1198,40.0639,661,2147.0,12258.18,105743.68,86017.19,19726.49,39.98,19.58,5.21,4
P10019,HE-1019,Paper Towels Everyday Basics Family Size,Household Essentials,S1001,Blackpine Foods,1,each,false,98.11,58.0834,55.4489,40.2633,603,1933.0,19327.57,105729.29,77828.96,27900.33,39.73,18.68,5.12,5
P10458,GR-1458,Rice Premium Label Value Bundle,Grocery,S1037,Harborview Distribution,1,each,false,99.0,55.2816,52.7898,40.871,638,2035.0,28403.78,105695.01,83172.49,22522.53,39.19,18.7,5.19,5
P10707,DF-1707,Shredded Cheese Exclusive Brand Value Bundle,Dairy & Frozen,S1037,Harborview Distribution,1,each,false,93.72,54.9115,52.448,42.8763,615,2050.0,32518.7,105575.78,87896.41,17679.37,38.13,18.12,5.4,5
P10009,GR-1009,Condiments Northgate Select Single,Grocery,S1028,Ridgemont Partners,1,each,false,94.22,54.3556,51.8731,39.4768,613,2067.0,19261.74,105489.05,81598.55,23890.5,39.29,20.03,5.38,6
P10258,GR-1258,Coffee Exclusive Brand 2-Pack,Grocery,S1002,Larkspur Manufacturing,1,each,false,98.34,55.0832,52.5696,38.183,647,2037.0,27139.75,105415.13,77778.77,27636.36,41.0,18.78,5.07,3
P10274,GR-1274,Canned Soup Exclusive Brand Club Pack,Grocery,S1038,Thornbury Industries,1,each,false,95.12,53.7203,51.3488,37.2363,608,2084.0,31997.22,105263.31,77600.45,27662.86,40.94,20.1,5.54,2
P10454,DF-1454,Ice Cream Northgate Select Value Bundle,Dairy & Frozen,S1040,Copper Creek Foods,1,each,false,92.34,57.9974,55.428,41.3152,616,1939.0,21057.56,105237.59,80110.17,25127.42,41.66,20.17,5.18,11
P10559,GR-1559,Rice Exclusive Brand Travel Size,Grocery,S1037,Harborview Distribution,1,each,false,99.0,50.3148,48.0181,42.9943,616,2215.0,31081.56,104606.61,95232.37,9374.24,41.31,22.25,5.77,4
P10738,MS-1738,Ribeye Steak Premium Label 2-Pack,Meat & Seafood,S1027,Grayrock Distribution,3,weight,true,89.43,5.2971,5.0622,4.5535,591,1873.0,20920.13,104464.12,95259.83,9204.29,8.42,3.93,2.65,17
P10719,HE-1719,Laundry Detergent Premium Label Travel Size,Household Essentials,S1038,Thornbury Industries,1,each,false,96.15,61.7418,58.9975,41.5329,558,1791.0,11833.16,104051.43,74385.42,29666.01,41.97,19.61,5.17,4
P10804,HE-1804,Food Storage Exclusive Brand Multipack,Household Essentials,S1008,Ridgemont Distribution,1,each,false,91.6,58.3338,55.7,45.0412,595,1898.0,26232.91,103989.41,85488.2,18501.21,41.56,19.26,5.11,7
P10556,GR-1556,Bottled Water Exclusive Brand Value Bundle,Grocery,S1028,Ridgemont Partners,1,each,false,94.65,54.3189,51.9041,42.3234,630,2026.0,23010.51,103519.11,85747.21,17771.9,39.07,18.73,5.15,3
P10680,MS-1680,Rotisserie Chicken Premium Label Single,Meat & Seafood,S1032,Blackpine Brands,3,weight,true,94.52,8.2374,7.8677,6.386,564,1711.0,13299.23,103252.57,84928.86,18323.71,8.5,3.76,2.54,12
P10390,GR-1390,Condiments Northgate Value Bulk,Grocery,S1016,Grayrock Supply Co,1,each,false,99.0,52.535,50.0854,39.8024,623,2095.0,23277.55,103242.82,83386.03,19856.8,39.28,18.52,5.38,4
P10775,MS-1775,Pork Chops Northgate Value Multipack,Meat & Seafood,S1012,Silverbrook Distribution,3,weight,true,93.45,6.4241,6.1404,4.7888,628,2051.0,17068.28,103240.93,81736.59,21504.34,8.56,4.14,2.71,13
P10403,GR-1403,Coffee Northgate Select Multipack,Grocery,S1020,Thornbury Global,1,each,false,97.89,55.8775,53.2912,41.6717,571,1962.0,24807.98,102922.91,81759.88,21163.04,40.72,20.34,5.55,2
P10131,GR-1131,Snack Crackers Exclusive Brand Single,Grocery,S1018,Ridgemont Home Goods,1,each,false,94.42,54.907,52.461,37.274,614,1996.0,27194.85,102794.68,74398.9,28395.77,41.15,19.69,5.27,3
P10640,MS-1640,Bacon Northgate Value Multipack,Meat & Seafood,S1009,Ridgemont Supply Co,3,weight,true,87.12,7.5431,7.1961,5.7675,578,1854.0,14518.18,102647.91,83733.6,18914.31,8.45,4.01,2.69,17
P10873,GR-1873,Breakfast Cereal Everyday Basics Bulk,Grocery,S1006,Alderwood Brands,1,each,false,99.0,62.2873,59.3735,44.3349,564,1750.0,24817.62,102346.51,77586.08,24760.44,38.93,17.95,5.0,3
P10266,DF-1266,Whole Milk National Brand Multipack,Dairy & Frozen,S1042,Northwind Foods,1,each,false,89.52,55.0948,52.548,41.2532,619,1978.0,23307.74,102270.3,81598.83,20671.47,39.98,18.19,5.2,8
P10557,HE-1557,Food Storage Exclusive Brand Travel Size,Household Essentials,S1000,Kingsford Partners,1,each,false,99.0,62.266,59.4642,44.3288,565,1741.0,23011.54,101703.38,77176.44,24526.93,40.74,17.52,4.99,2
P10380,HE-1380,Trash Bags Premium Label Value Bundle,Household Essentials,S1031,Fairmont Industries,1,each,false,98.59,58.4905,55.8656,44.6259,611,1851.0,22728.68,101635.72,82602.54,19033.18,38.34,16.41,4.88,5
P10464,GR-1464,Condiments Northgate Value Single,Grocery,S1037,Harborview Distribution,1,each,false,89.04,58.8887,56.1652,42.8679,578,1831.0,28378.35,101466.49,78491.12,22975.37,41.15,19.25,5.15,3
P10096,DF-1096,Ice Cream National Brand Multipack,Dairy & Frozen,S1035,Fairmont Foods,1,each,false,96.61,50.6638,48.3355,38.6361,658,2128.0,38597.1,101240.24,82217.62,19022.62,40.12,18.91,5.28,11
P10600,GR-1600,Breakfast Cereal National Brand Bulk,Grocery,S1007,Northwind Distribution,1,each,false,93.54,53.7787,51.2462,40.8238,634,1998.0,22177.61,100954.81,81565.95,19388.86,40.45,19.1,5.18,4
P10839,GR-1839,Breakfast Cereal Premium Label Single,Grocery,S1018,Ridgemont Home Goods,1,each,false,99.0,57.4048,54.7623,47.2906,605,1871.0,36804.52,100786.25,88480.71,12305.54,40.52,18.4,4.92,2
P10051,GR-1051,Bottled Water Northgate Select Bulk,Grocery,S1002,Larkspur Manufacturing,1,each,false,98.13,51.5202,49.1872,35.8821,609,2086.0,16720.77,100773.9,74850.06,25923.84,40.22,19.0,5.55,2
P10436,HE-1436,Food Storage National Brand Value Bundle,Household Essentials,S1016,Grayrock Supply Co,1,each,false,95.66,52.6963,50.2911,38.8071,624,2034.0,20808.06,100660.98,78933.64,21727.34,39.68,18.28,5.26,4
P10527,GR-1527,Soda 12pk Premium Label Club Pack,Grocery,S1013,Silverbrook Consumer Products,1,each,false,97.01,55.1021,52.6162,46.0371,580,1936.0,29234.41,100342.55,89127.83,11214.72,41.22,19.27,5.35,4
P10548,MS-1548,Ribeye Steak Exclusive Brand Travel Size,Meat & Seafood,S1020,Thornbury Global,3,weight,true,90.85,6.6157,6.3111,4.5544,583,1829.0,16151.97,100321.89,73562.54,26759.35,8.33,4.09,2.63,26
P10315,GR-1315,Cooking Oil Everyday Basics Value Bundle,Grocery,S1033,Bayfield Consumer Products,1,each,false,93.77,55.6614,53.2015,42.9555,607,1909.0,26807.73,100160.02,82002.05,18157.97,41.2,19.72,5.09,5
P10367,DF-1367,Butter Premium Label Travel Size,Dairy & Frozen,S1031,Fairmont Industries,1,each,false,99.0,55.0772,52.573,43.8228,582,1933.0,34584.7,99913.4,84709.47,15203.92,38.67,18.06,5.4,6
P10815,GR-1815,Breakfast Cereal Northgate Value 2-Pack,Grocery,S1041,Ridgemont Industries,1,each,false,95.37,54.1614,51.699,43.0405,631,1951.0,23842.92,99627.3,83972.02,15655.28,39.25,18.11,5.01,4
P10546,GR-1546,Baking Mix Northgate Value Club Pack,Grocery,S1033,Bayfield Consumer Products,1,each,false,95.58,52.1244,49.7488,39.4241,612,2030.0,25571.69,99224.23,80030.92,19193.31,41.6,19.85,5.4,1
P10267,GR-1267,Bottled Water Northgate Value Club Pack,Grocery,S1029,Silverbrook Partners,1,each,false,95.12,50.316,48.0735,54.1912,616,2098.0,27866.15,99221.38,113693.14,-14471.76,39.76,19.88,5.49,6
P10746,GR-1746,Breakfast Cereal Northgate Select Club Pack,Grocery,S1045,Thornbury Manufacturing,1,each,false,97.22,51.5966,49.1978,38.1831,625,2046.0,20895.44,99164.01,78122.62,21041.38,42.46,19.14,5.24,4
P10529,FP-1529,Berries Everyday Basics Club Pack,Fresh & Produce,S1013,Silverbrook Consumer Products,3,weight,true,82.62,3.0288,2.8931,2.0243,603,1945.0,34806.16,98950.73,70458.11,28492.63,8.35,4.11,2.79,29
P10194,HW-1194,Allergy Relief Northgate Value Bulk,Health & Wellness,S1043,Stonebridge Consumer Products,1,each,false,98.03,56.0225,53.4733,40.4463,587,1875.0,7554.57,98603.69,75836.81,22766.88,43.09,19.34,5.16,4
P10499,FP-1499,Onions Premium Label Value Bundle,Fresh & Produce,S1005,Thornbury Brands,3,weight,true,87.74,5.0888,4.8533,3.4146,604,1879.0,20638.33,98443.6,70471.63,27971.97,8.12,3.9,2.64,33
P10369,FP-1369,Apples Northgate Select Multipack,Fresh & Produce,S1023,Fairmont Global,1,each,false,83.16,55.0287,52.5667,40.8179,618,1900.0,35467.6,98202.64,77554.01,20648.63,35.41,17.43,5.2,34
P10297,HE-1297,Air Freshener Exclusive Brand Multipack,Household Essentials,S1036,Crestline Manufacturing,1,each,false,98.12,54.8955,52.4742,41.3436,618,1903.0,16275.78,98162.75,78783.39,19379.36,38.09,16.61,5.01,2
P10687,DF-1687,Shredded Cheese Everyday Basics Club Pack,Dairy & Frozen,S1010,Copper Creek Partners,1,each,false,94.06,56.1002,53.6045,41.2191,593,1858.0,27325.55,98095.58,76585.09,21510.5,36.95,16.45,5.1,8
P10844,DF-1844,Butter National Brand Multipack,Dairy & Frozen,S1009,Ridgemont Supply Co,1,each,false,96.92,51.2142,48.8954,43.5049,602,2044.0,27758.98,98094.93,88924.02,9170.92,40.16,19.96,5.54,5
P10477,DF-1477,Greek Yogurt Northgate Select Value Bundle,Dairy & Frozen,S1018,Ridgemont Home Goods,1,each,false,91.57,48.2301,46.0197,31.453,643,2152.0,17280.39,97452.1,67686.86,29765.24,39.44,19.24,5.46,8
P10097,DF-1097,Shredded Cheese Premium Label Travel Size,Dairy & Frozen,S1032,Blackpine Brands,3,weight,true,90.03,4.9154,4.6907,3.641,597,1919.0,21080.22,96975.37,76753.1,20222.27,8.85,4.14,2.59,7
P10578,GR-1578,Canned Soup Premium Label Single,Grocery,S1002,Larkspur Manufacturing,1,each,false,99.0,52.346,50.0067,38.3532,578,1974.0,24549.98,96946.33,75709.22,21237.11,40.51,20.46,5.49,4
P10053,HW-1053,Allergy Relief Premium Label Travel Size,Health & Wellness,S1002,Larkspur Manufacturing,1,each,false,96.31,53.9007,51.4198,36.4266,592,1913.0,12236.06,96660.25,69684.09,26976.16,37.54,17.7,5.26,4
P10497,DF-1497,Greek Yogurt Northgate Select Bulk,Dairy & Frozen,S1021,Blackpine Distribution,1,each,false,93.16,54.6788,52.2377,39.5277,597,1873.0,19267.74,96541.61,74035.38,22506.22,37.95,16.68,5.14,6
P10095,GR-1095,Baking Mix Everyday Basics Bulk,Grocery,S1043,Stonebridge Consumer Products,1,each,false,98.04,53.7244,51.2734,41.3016,576,1905.0,22065.92,96210.5,78679.55,17530.95,39.82,19.27,5.26,3
P10693,GR-1693,Canned Soup National Brand 2-Pack,Grocery,S1028,Ridgemont Partners,1,each,false,98.55,52.8788,50.5545,42.3933,627,1929.0,25306.43,96105.82,81776.68,14329.14,41.35,18.54,4.95,5
P10370,DF-1370,Frozen Entree National Brand Travel Size,Dairy & Frozen,S1002,Larkspur Manufacturing,3,weight,true,97.23,4.9081,4.6869,3.9398,608,1902.0,20772.05,95931.85,81837.73,14094.12,8.75,3.92,2.56,8
P10777,GR-1777,Breakfast Cereal Northgate Value 2-Pack,Grocery,S1001,Blackpine Foods,1,each,false,94.28,49.0595,46.8298,33.4455,633,2089.0,29492.23,95894.46,69867.65,26026.81,40.25,18.65,5.31,5
P10840,AP-1840,Winter Jacket National Brand Bulk,Apparel,S1032,Blackpine Brands,1,each,false,78.28,58.0437,55.3839,31.0827,606,1757.0,5106.9,95507.7,54612.3,40895.39,37.06,16.31,4.78,21
P10215,FP-1215,Fresh Herbs Northgate Select Travel Size,Fresh & Produce,S1004,Sandhill Foods,3,weight,true,84.07,2.9512,2.8163,2.1714,620,1994.0,34310.24,95263.6,74501.26,20762.34,8.25,4.0,2.74,22
P10312,DF-1312,Frozen Entree Everyday Basics Club Pack,Dairy & Frozen,S1007,Northwind Distribution,1,each,false,90.76,51.6001,49.233,37.6683,617,1959.0,18090.97,95152.83,73792.2,21360.63,39.2,18.97,5.12,9
P10681,HE-1681,Dish Soap Exclusive Brand Family Size,Household Essentials,S1023,Fairmont Global,1,each,false,99.0,51.7918,49.4351,36.8496,605,1948.0,21357.86,94951.71,71783.02,23168.69,39.48,18.59,5.12,7
P10580,HW-1580,Skin Care Northgate Select Value Bundle,Health & Wellness,S1017,Grayrock Home Goods,1,each,false,99.0,48.5773,46.3455,37.0899,609,2074.0,12694.48,94554.81,76924.45,17630.36,39.63,19.52,5.54,6
P10589,MS-1589,Ribeye Steak Northgate Select Multipack,Meat & Seafood,S1014,Northwind Home Goods,3,weight,true,95.32,5.3434,5.0935,4.119,618,2089.0,18855.6,94222.87,77666.22,16556.65,8.6,4.26,2.77,15
P10280,GR-1280,Condiments Exclusive Brand Travel Size,Grocery,S1034,Brightwater Brands,3,weight,true,92.8,4.6342,4.4243,3.5865,625,2106.0,21641.49,94191.82,77617.19,16574.64,9.0,4.33,2.76,4
P10170,DF-1170,Ice Cream Northgate Value Value Bundle,Dairy & Frozen,S1004,Sandhill Foods,3,weight,true,99.0,3.5477,3.3873,2.4745,601,1878.0,28276.25,93934.43,69969.58,23964.85,8.79,4.0,2.54,10
P10579,HE-1579,Laundry Detergent Everyday Basics Value Bundle,Household Essentials,S1020,Thornbury Global,1,each,false,99.0,53.3348,50.874,41.3685,609,1861.0,19115.72,93214.08,76986.78,16227.3,39.58,17.22,4.86,4
P10116,FP-1116,Berries Northgate Select Travel Size,Fresh & Produce,S1019,Kingsford Home Goods,3,weight,true,91.95,3.6811,3.5098,2.5451,662,2148.0,26970.04,92813.16,68641.45,24171.71,8.21,4.08,2.8,28
P10002,GR-1002,Baking Mix Exclusive Brand Club Pack,Grocery,S1014,Northwind Home Goods,1,each,false,98.57,50.444,48.141,39.5423,632,1958.0,25931.83,92780.06,77423.82,15356.24,39.79,18.19,4.98,4
P10161,GR-1161,Soda 12pk Northgate Select Multipack,Grocery,S1045,Thornbury Manufacturing,1,each,false,99.0,49.8015,47.5478,37.299,606,1978.0,21000.41,92720.31,73777.42,18942.89,39.27,18.43,5.26,3
P10591,GR-1591,Cooking Oil Premium Label Bulk,Grocery,S1043,Stonebridge Consumer Products,1,each,false,99.0,49.483,47.2288,37.6688,629,1989.0,18751.82,92448.35,74923.24,17525.1,37.73,17.09,5.15,4
P10250,DF-1250,Ice Cream National Brand Bulk,Dairy & Frozen,S1006,Alderwood Brands,1,each,false,90.31,47.6316,45.468,34.4629,632,2056.0,22781.51,92347.09,70855.72,21491.37,38.97,18.51,5.28,8
P10713,DF-1713,Shredded Cheese Northgate Value Family Size,Dairy & Frozen,S1018,Ridgemont Home Goods,1,each,false,92.62,48.7133,46.4642,35.6897,638,2018.0,21595.12,92266.55,72021.81,20244.73,37.83,17.59,5.2,8
P10867,GR-1867,Canned Soup Northgate Select Multipack,Grocery,S1006,Alderwood Brands,1,each,false,90.79,42.6372,40.7044,31.7571,649,2299.0,25575.18,92233.63,73009.57,19224.06,40.99,20.4,5.71,6
P10174,DF-1174,Butter Northgate Select 2-Pack,Dairy & Frozen,S1005,Thornbury Brands,1,each,false,94.7,51.461,49.0753,40.9349,604,1908.0,26261.61,92024.45,78103.79,13920.66,39.47,19.03,5.09,6
P10058,DF-1058,Frozen Pizza Premium Label 2-Pack,Dairy & Frozen,S1000,Kingsford Partners,1,each,false,94.68,50.7336,48.3833,34.5749,641,1928.0,17305.61,91890.81,66660.41,25230.41,40.52,18.47,4.89,9
P10594,HE-1594,Dish Soap Northgate Value Single,Household Essentials,S1041,Ridgemont Industries,1,each,false,99.0,49.9593,47.6577,37.7306,585,1953.0,17858.8,91856.87,73687.86,18169.0,40.59,19.26,5.36,5
P10703,GR-1703,Rice Northgate Select Club Pack,Grocery,S1004,Sandhill Foods,1,each,false,99.0,48.6072,46.3995,37.4882,626,2005.0,26888.64,91560.31,75163.84,16396.47,42.84,19.87,5.16,4
P10810,FP-1810,Bananas Northgate Select Travel Size,Fresh & Produce,S1019,Kingsford Home Goods,3,weight,true,86.29,4.6779,4.4594,3.2392,607,1912.0,20838.47,91439.82,67499.98,23939.84,8.23,3.96,2.67,26
P10010,HE-1010,Trash Bags Everyday Basics Club Pack,Household Essentials,S1019,Kingsford Home Goods,1,each,false,99.0,53.3497,50.9525,39.4815,579,1821.0,19634.58,91253.3,71895.81,19357.48,40.64,18.56,5.04,8
P10595,GR-1595,Condiments Exclusive Brand Bulk,Grocery,S1012,Silverbrook Distribution,1,each,false,99.0,46.4005,44.2851,33.1761,646,2092.0,31584.13,90948.07,69404.4,21543.67,41.56,19.91,5.22,4
P10877,DF-1877,Frozen Entree Everyday Basics Travel Size,Dairy & Frozen,S1033,Bayfield Consumer Products,1,each,false,92.93,47.6717,45.547,37.4102,629,2023.0,24626.94,90693.86,75680.83,15013.03,39.36,18.27,5.21,10
P10835,GR-1835,Condiments Northgate Value 2-Pack,Grocery,S1020,Thornbury Global,1,each,false,94.92,56.1629,53.5614,42.4478,548,1711.0,25381.19,90580.65,72628.19,17952.46,41.07,18.25,5.0,2
P10423,DF-1423,Ice Cream Exclusive Brand Value Bundle,Dairy & Frozen,S1013,Silverbrook Consumer Products,1,each,false,99.0,48.0497,45.8345,37.8893,595,2007.0,27101.48,90472.02,76043.83,14428.2,39.52,19.46,5.5,7
P10669,MS-1669,Ribeye Steak Northgate Value Club Pack,Meat & Seafood,S1024,Redstone Consumer Products,3,weight,true,95.52,6.1556,5.8711,4.2752,622,2020.0,15627.15,90462.69,66809.2,23653.49,8.56,4.16,2.68,15
P10644,GR-1644,Canned Soup Exclusive Brand Travel Size,Grocery,S1007,Northwind Distribution,1,each,false,99.0,48.3983,46.1905,36.7615,660,1985.0,22334.04,90215.31,72971.58,17243.74,39.92,18.51,4.86,4
P10506,GR-1506,Rice Northgate Value 2-Pack,Grocery,S1026,Stonebridge Distribution,1,each,false,99.0,50.8289,48.4794,39.4485,602,1885.0,15422.69,90056.91,74360.42,15696.49,42.58,19.5,4.97,3
P10509,GR-1509,Canned Soup Northgate Value Club Pack,Grocery,S1026,Stonebridge Distribution,1,each,false,99.0,44.7708,42.736,32.6249,606,2150.0,21410.83,90048.77,70143.53,19905.23,37.14,18.89,5.74,7
P10179,GR-1179,Condiments Premium Label Multipack,Grocery,S1042,Northwind Foods,1,each,false,87.49,48.3737,46.1741,38.7058,631,1976.0,23109.58,89621.15,76482.66,13138.49,39.28,17.74,5.1,2
P10082,GR-1082,Baby Formula Northgate Select 2-Pack,Grocery,S1041,Ridgemont Industries,1,each,false,99.0,43.8218,41.8385,33.1207,635,2182.0,21958.29,89609.77,72269.37,17340.41,40.0,20.1,5.5,3
P10561,HW-1561,Shampoo National Brand Bulk,Health & Wellness,S1010,Copper Creek Partners,1,each,false,99.0,46.5725,44.4383,50.1241,626,2054.0,13051.81,89568.5,102954.9,-13386.4,38.92,18.73,5.36,6
P10230,GR-1230,Bottled Water Premium Label Bulk,Grocery,S1043,Stonebridge Consumer Products,1,each,false,99.0,47.5142,45.3819,39.3965,638,2000.0,31087.76,89294.0,78793.0,10501.0,38.33,16.84,5.02,4
P10558,DF-1558,Eggs Exclusive Brand Single,Dairy & Frozen,S1043,Stonebridge Consumer Products,1,each,false,98.27,49.5117,47.268,36.7003,622,1917.0,26074.23,89242.74,70354.48,18888.26,37.91,17.79,5.0,6
P10003,GR-1003,Snack Crackers Premium Label Bulk,Grocery,S1022,Sandhill Partners,1,each,false,94.18,53.6852,51.1908,41.3755,573,1772.0,18635.76,89018.92,73317.39,15701.54,40.76,17.17,4.87,1
P10538,GR-1538,Cooking Oil Northgate Select Travel Size,Grocery,S1043,Stonebridge Consumer Products,1,each,false,92.75,48.5756,46.3486,38.5961,593,1947.0,30333.48,89015.29,75146.61,13868.68,39.28,17.52,5.34,7
P10256,FP-1256,Berries Everyday Basics Value Bundle,Fresh & Produce,S1039,Brightwater Manufacturing,3,weight,true,84.17,3.0759,2.9349,2.087,632,1950.0,30765.58,88984.67,64207.76,24776.91,8.09,3.76,2.64,28
P10220,DF-1220,Greek Yogurt Premium Label Value Bundle,Dairy & Frozen,S1005,Thornbury Brands,1,each,false,96.31,48.8465,46.5827,36.7612,609,1937.0,28307.63,88854.08,71206.44,17647.63,38.08,17.18,5.13,5
P10349,GR-1349,Cooking Oil Exclusive Brand Bulk,Grocery,S1041,Ridgemont Industries,1,each,false,94.96,48.7244,46.5561,37.2305,620,1940.0,19248.42,88836.71,72227.17,16609.54,38.97,17.61,5.0,3
P10156,HW-1156,Skin Care Exclusive Brand Multipack,Health & Wellness,S1042,Northwind Foods,1,each,false,96.05,48.9549,46.6962,36.7748,598,1931.0,8109.65,88623.16,71012.14,17611.02,41.03,20.0,5.22,5
P10574,DF-1574,Eggs Northgate Value 2-Pack,Dairy & Frozen,S1020,Thornbury Global,1,each,false,93.42,48.09,45.9133,37.2985,587,1942.0,19376.46,87866.03,72433.69,15432.34,38.73,18.88,5.4,10
P10340,GR-1340,Cooking Oil Northgate Value Travel Size,Grocery,S1032,Blackpine Brands,1,each,false,99.0,47.4679,45.2857,37.8604,611,1959.0,17328.14,87666.95,74168.52,13498.43,37.87,17.67,5.21,2
P10711,DF-1711,Frozen Vegetables Northgate Select Bulk,Dairy & Frozen,S1036,Crestline Manufacturing,3,weight,true,97.3,6.386,6.0903,4.6881,622,1984.0,14590.5,87275.35,68513.61,18761.74,8.77,4.14,2.68,9
P10292,HE-1292,Surface Cleaner Exclusive Brand Family Size,Household Essentials,S1044,Redstone Distribution,1,each,false,99.0,48.91,46.6872,35.9565,601,1887.0,17374.6,86937.02,67849.92,19087.1,41.57,19.21,5.08,6
P10642,GR-1642,Snack Crackers National Brand Multipack,Grocery,S1025,Sandhill Global,1,each,false,99.0,47.7793,45.5878,33.6864,607,1938.0,18136.06,86929.19,65284.24,21644.95,37.83,17.41,5.15,3
P10439,DF-1439,Greek Yogurt Northgate Value Bulk,Dairy & Frozen,S1027,Grayrock Distribution,1,each,false,99.0,47.1742,45.0392,34.9366,617,1958.0,24364.87,86858.56,68405.86,18452.69,41.37,19.21,5.12,3
P10572,HE-1572,Paper Towels Premium Label Value Bundle,Household Essentials,S1040,Copper Creek Foods,1,each,false,99.0,50.173,47.8932,37.4811,590,1839.0,16362.65,86702.41,68927.74,17774.67,38.92,18.31,5.03,6
P10794,GR-1794,Canned Soup National Brand Family Size,Grocery,S1010,Copper Creek Partners,1,each,false,84.71,47.8145,45.6545,36.8073,601,1922.0,21829.77,86697.98,70743.63,15954.35,39.99,18.3,5.13,3
P10283,GR-1283,Canned Soup Everyday Basics Travel Size,Grocery,S1024,Redstone Consumer Products,1,each,false,99.0,46.3828,44.3033,34.7886,615,1989.0,17998.24,86539.91,69194.53,17345.39,39.35,17.97,5.2,0
P10457,HE-1457,Paper Towels Premium Label Travel Size,Household Essentials,S1030,Sandhill Supply Co,1,each,false,92.55,47.2365,45.0619,32.9575,623,1935.0,14109.92,86197.94,63772.76,22425.18,39.01,17.6,5.0,2
P10252,GR-1252,Baking Mix Northgate Select Travel Size,Grocery,S1005,Thornbury Brands,1,each,false,93.05,44.8268,42.7653,34.8267,656,2038.0,24199.75,86157.33,70976.81,15180.52,39.31,17.4,5.02,2
P10801,GR-1801,Condiments Exclusive Brand Family Size,Grocery,S1027,Grayrock Distribution,1,each,false,99.0,46.0738,43.9985,37.1813,597,1987.0,23244.81,86152.36,73879.24,12273.11,40.28,19.85,5.34,4
P10139,FP-1139,Berries Everyday Basics Family Size,Fresh & Produce,S1031,Fairmont Industries,3,weight,true,88.22,3.1311,2.9829,2.1198,639,1952.0,29308.22,86042.82,62127.56,23915.27,8.21,3.85,2.63,33
P10347,DF-1347,Whole Milk Northgate Value Value Bundle,Dairy & Frozen,S1032,Blackpine Brands,1,each,false,99.0,47.393,45.3052,33.8043,581,1925.0,20254.32,85551.22,65073.28,20477.94,39.51,19.31,5.43,6
P10792,HK-1792,Bed Sheet Set Northgate Value Club Pack,Home & Kitchen,S1039,Brightwater Manufacturing,1,each,false,93.98,45.1675,43.0915,30.6666,612,2008.0,4026.44,84970.02,61578.53,23391.49,38.46,18.79,5.38,9
P10404,DF-1404,Ice Cream Everyday Basics Club Pack,Dairy & Frozen,S1034,Brightwater Brands,1,each,false,92.32,45.4173,43.4321,33.0501,635,1989.0,18846.04,84895.11,65736.65,19158.46,39.62,18.06,5.08,6
P10072,FP-1072,Fresh Herbs Exclusive Brand Travel Size,Fresh & Produce,S1014,Northwind Home Goods,3,weight,true,92.82,3.2854,3.1389,2.3628,566,1704.0,27387.6,84844.72,64711.42,20133.3,7.92,3.67,2.62,27
P10068,DF-1068,Shredded Cheese Northgate Value Multipack,Dairy & Frozen,S1031,Fairmont Industries,3,weight,true,88.9,4.8717,4.6562,3.7545,562,1910.0,18502.16,84667.13,69466.34,15200.79,8.77,4.39,2.74,5
P10221,GR-1221,Pasta National Brand Travel Size,Grocery,S1045,Thornbury Manufacturing,1,each,false,99.0,45.3735,43.3024,31.8793,615,1979.0,18423.81,84527.86,63089.13,21438.73,41.96,18.53,5.13,2
P10386,FP-1386,Potatoes National Brand Single,Fresh & Produce,S1028,Ridgemont Partners,3,weight,true,79.78,2.8688,2.7371,1.9703,627,1911.0,31261.41,84292.41,61594.37,22698.04,8.04,3.8,2.67,35
P10177,GR-1177,Snack Crackers Everyday Basics 2-Pack,Grocery,S1037,Harborview Distribution,1,each,false,99.0,42.4595,40.5601,31.5236,634,2111.0,27604.56,84233.42,66546.32,17687.1,37.62,17.63,5.38,6
P10293,GR-1293,Cooking Oil Premium Label Travel Size,Grocery,S1022,Sandhill Partners,1,each,false,98.36,46.7211,44.5356,34.3344,604,1912.0,22956.29,84168.8,65647.37,18521.43,41.55,18.45,5.13,4
P10093,FP-1093,Fresh Herbs Exclusive Brand Multipack,Fresh & Produce,S1026,Stonebridge Distribution,3,weight,true,95.8,3.5304,3.3715,2.4627,628,1915.0,25383.23,84038.7,62511.29,21527.41,8.15,3.79,2.64,31
P10566,DF-1566,Shredded Cheese Northgate Select Club Pack,Dairy & Frozen,S1026,Stonebridge Distribution,1,each,false,99.0,48.122,45.9718,36.2538,624,1852.0,19151.34,83939.24,67142.04,16797.2,38.91,17.49,4.79,10
P10447,GR-1447,Condiments Northgate Value Family Size,Grocery,S1045,Thornbury Manufacturing,1,each,false,94.01,45.3278,43.2485,33.0638,615,1965.0,26090.03,83633.27,64970.37,18662.91,39.98,18.23,5.12,2
P10630,DF-1630,Butter Northgate Value Multipack,Dairy & Frozen,S1027,Grayrock Distribution,1,each,false,93.79,44.7293,42.7554,33.4113,607,1992.0,21891.54,83552.01,66555.31,16996.7,38.12,17.89,5.37,8
P10858,GR-1858,Snack Crackers Northgate Select Multipack,Grocery,S1034,Brightwater Brands,1,each,false,99.0,46.5751,44.4666,32.771,618,1902.0,16186.01,83363.41,62330.44,21032.97,40.29,17.72,4.97,4
P10615,GR-1615,Condiments Northgate Value Club Pack,Grocery,S1025,Sandhill Global,1,each,false,93.54,48.0093,45.8259,36.3505,581,1845.0,26404.75,83128.06,67066.67,16061.39,39.1,17.71,5.12,3
P10780,GR-1780,Snack Crackers Exclusive Brand Bulk,Grocery,S1040,Copper Creek Foods,1,each,false,92.31,41.6077,39.7267,31.4454,619,2122.0,27273.84,83018.39,66727.14,16291.25,42.69,21.05,5.56,1
P10198,HE-1198,Trash Bags National Brand 2-Pack,Household Essentials,S1022,Sandhill Partners,1,each,false,97.62,43.2333,41.2622,29.8538,597,2054.0,14681.31,82893.8,61319.71,21574.1,38.03,19.44,5.58,8
P10652,GR-1652,Cooking Oil Northgate Select Club Pack,Grocery,S1032,Blackpine Brands,1,each,false,97.84,46.0236,43.9691,36.8924,608,1912.0,20656.71,82793.69,70538.27,12255.42,41.27,18.3,5.1,7
P10814,HE-1814,Surface Cleaner Premium Label Single,Household Essentials,S1013,Silverbrook Consumer Products,1,each,false,99.0,45.7956,43.7431,31.4156,624,1924.0,12961.32,82686.53,60443.61,22242.92,39.44,18.08,5.02,4
P10787,GR-1787,Snack Crackers Everyday Basics Single,Grocery,S1023,Fairmont Global,1,each,false,90.75,43.8925,41.9508,31.5946,619,1993.0,23143.97,82516.4,62968.04,19548.36,42.32,19.68,5.19,5
P10704,GR-1704,Baby Formula Exclusive Brand Value Bundle,Grocery,S1030,Sandhill Supply Co,1,each,false,92.94,40.6048,38.7917,34.2566,648,2151.0,15710.0,82101.54,73685.95,8415.59,38.37,18.05,5.33,7
P10617,GR-1617,Rice Northgate Value Family Size,Grocery,S1024,Redstone Consumer Products,1,each,false,99.0,43.1615,41.2412,32.8438,604,2017.0,20756.12,81852.27,66245.94,15606.32,38.0,18.58,5.43,4
P10476,GR-1476,Breakfast Cereal Premium Label Club Pack,Grocery,S1006,Alderwood Brands,1,each,false,94.52,42.5492,40.5999,35.7194,609,2054.0,17697.63,81826.91,73367.65,8459.26,39.85,19.58,5.44,3
P10679,GR-1679,Snack Crackers Premium Label Travel Size,Grocery,S1003,Brightwater Home Goods,1,each,false,99.0,40.3899,38.5538,30.0747,618,2162.0,15721.99,81704.38,65021.5,16682.87,39.68,19.25,5.67,3
P10645,MS-1645,Ground Beef National Brand Family Size,Meat & Seafood,S1002,Larkspur Manufacturing,3,weight,true,89.37,8.4535,8.0737,5.8511,595,1776.0,10269.27,81683.51,60086.54,21596.97,8.56,3.86,2.53,12
P10246,GR-1246,Snack Crackers Northgate Value Value Bundle,Grocery,S1027,Grayrock Distribution,1,each,false,99.0,43.8696,41.8885,32.5889,608,1985.0,27315.73,81631.63,64688.97,16942.66,38.53,17.51,5.27,7
P10761,DF-1761,Whole Milk Northgate Select Value Bundle,Dairy & Frozen,S1043,Stonebridge Consumer Products,1,each,false,99.0,48.1262,45.9027,34.1066,610,1798.0,23037.28,81283.68,61323.67,19960.01,39.53,16.62,4.78,8
P10819,DF-1819,Eggs Exclusive Brand Single,Dairy & Frozen,S1040,Copper Creek Foods,1,each,false,90.99,42.3591,40.4016,33.358,622,2042.0,12288.55,81108.15,68117.04,12991.11,38.44,19.05,5.39,15
P10211,GR-1211,Breakfast Cereal Everyday Basics Value Bundle,Grocery,S1006,Alderwood Brands,1,each,false,95.31,43.72,41.7222,32.632,620,1971.0,23371.31,81091.65,64317.67,16773.98,36.13,16.35,5.1,5
P10521,GR-1521,Snack Crackers Northgate Value Club Pack,Grocery,S1020,Thornbury Global,1,each,false,99.0,43.0331,41.0793,34.4432,628,2009.0,18136.66,81062.42,69196.39,11866.03,39.96,18.15,5.23,3
P10205,GR-1205,Canned Soup Everyday Basics Travel Size,Grocery,S1019,Kingsford Home Goods,1,each,false,98.35,47.3765,45.2866,36.353,581,1815.0,20236.01,81040.85,65980.7,15060.16,43.36,18.54,5.08,6
P10714,GR-1714,Breakfast Cereal Everyday Basics Travel Size,Grocery,S1024,Redstone Consumer Products,1,each,false,99.0,40.0751,38.229,33.4357,637,2153.0,29470.74,80919.21,71987.06,8932.15,40.3,18.5,5.43,0
P10762,FP-1762,Berries Everyday Basics Club Pack,Fresh & Produce,S1000,Kingsford Partners,3,weight,true,84.96,2.9803,2.8451,2.0522,665,2045.0,28826.49,80829.52,59157.72,21671.8,8.03,3.86,2.71,38
P10874,FP-1874,Citrus Premium Label Travel Size,Fresh & Produce,S1010,Copper Creek Partners,3,weight,true,91.18,2.9974,2.8594,1.8534,604,1847.0,28825.46,80744.93,53425.11,27319.82,8.15,3.9,2.68,34
P10358,FP-1358,Fresh Herbs Premium Label Multipack,Fresh & Produce,S1040,Copper Creek Foods,3,weight,true,81.8,3.6618,3.496,2.4876,647,1919.0,23395.36,80656.83,58198.3,22458.52,8.21,3.76,2.55,28
P10479,FP-1479,Avocados Northgate Select 2-Pack,Fresh & Produce,S1024,Redstone Consumer Products,3,weight,true,85.02,3.3686,3.2136,2.1943,603,1868.0,25409.33,80642.28,55755.69,24886.59,8.03,3.93,2.71,35
P10491,GR-1491,Condiments Northgate Value Club Pack,Grocery,S1045,Thornbury Manufacturing,1,each,false,98.61,44.1389,42.1598,35.5505,635,1931.0,23922.51,80508.42,68648.02,11860.4,40.39,17.65,4.92,4
P10353,GR-1353,Baking Mix Northgate Value Club Pack,Grocery,S1017,Grayrock Home Goods,1,each,false,96.12,44.1137,42.1056,34.7533,600,1935.0,19230.05,80120.81,67247.64,12873.18,41.14,19.56,5.2,2
P10549,DF-1549,Butter Everyday Basics Single,Dairy & Frozen,S1014,Northwind Home Goods,1,each,false,99.0,44.9939,43.0105,33.9055,598,1877.0,20606.47,79436.06,63640.62,15795.43,37.65,17.0,5.07,9
P10495,MS-1495,Rotisserie Chicken National Brand Value Bundle,Meat & Seafood,S1027,Grayrock Distribution,3,weight,true,90.53,7.5473,7.2073,4.9726,625,1981.0,11134.16,79173.25,55365.71,23807.54,8.69,3.97,2.64,8
P10498,DF-1498,Ice Cream Exclusive Brand Single,Dairy & Frozen,S1044,Redstone Distribution,1,each,false,99.0,40.7493,38.8649,28.4623,615,2055.0,19532.04,78788.35,58490.03,20298.33,39.78,19.43,5.44,5
P10197,GR-1197,Cooking Oil National Brand Family Size,Grocery,S1015,Sandhill Home Goods,1,each,false,90.33,41.6312,39.776,29.7024,625,2003.0,22112.14,78749.56,59493.91,19255.66,40.55,18.56,5.18,2
P10537,GR-1537,Baby Formula Premium Label Single,Grocery,S1009,Ridgemont Supply Co,1,each,false,97.16,42.6113,40.6941,30.4554,571,1961.0,20820.19,78616.03,59723.04,18892.99,40.26,19.7,5.53,1
P10688,FP-1688,Apples Premium Label Multipack,Fresh & Produce,S1018,Ridgemont Home Goods,1,each,false,90.07,43.8565,41.8085,28.8208,606,1901.0,29845.03,78506.97,54788.34,23718.62,35.47,16.76,5.32,21
P10735,GR-1735,Baby Formula Northgate Select Family Size,Grocery,S1037,Harborview Distribution,1,each,false,96.36,46.4637,44.3921,34.4325,545,1791.0,22020.27,78454.69,61668.61,16786.08,41.39,19.67,5.34,6
P10008,FP-1008,Berries Exclusive Brand Value Bundle,Fresh & Produce,S1019,Kingsford Home Goods,3,weight,true,88.25,2.5798,2.4592,1.7231,585,1877.0,32337.59,78454.25,55720.89,22733.35,8.1,4.14,2.81,27
P10166,GR-1166,Baby Formula National Brand Single,Grocery,S1039,Brightwater Manufacturing,1,each,false,93.77,43.9783,42.0015,33.4794,599,1894.0,22986.4,78404.44,63409.98,14994.45,40.1,18.06,5.09,7
P10727,DF-1727,Frozen Vegetables Northgate Select 2-Pack,Dairy & Frozen,S1014,Northwind Home Goods,3,weight,true,99.0,4.6556,4.4429,3.6602,634,1992.0,17849.17,78093.04,65331.54,12761.5,8.84,3.96,2.63,11
P10310,DF-1310,Butter Northgate Select Multipack,Dairy & Frozen,S1009,Ridgemont Supply Co,3,weight,true,92.17,3.825,3.6522,2.7495,667,2171.0,21662.46,78063.69,59560.92,18502.77,8.86,4.24,2.63,1
P10371,FP-1371,Apples Premium Label Single,Fresh & Produce,S1035,Fairmont Foods,3,weight,true,91.3,4.8382,4.6172,3.8599,632,1937.0,17166.77,78063.18,66262.0,11801.18,8.12,3.9,2.78,28
P10076,FP-1076,Bananas Northgate Value Family Size,Fresh & Produce,S1036,Crestline Manufacturing,3,weight,true,83.61,5.6429,5.3863,3.8473,617,1842.0,14721.25,77945.16,56611.76,21333.4,7.89,3.67,2.61,35
P10239,GR-1239,Condiments Premium Label Club Pack,Grocery,S1045,Thornbury Manufacturing,1,each,false,98.76,41.2905,39.4149,30.3026,628,2008.0,23692.91,77836.95,60847.62,16989.33,40.24,18.95,5.14,7
P10334,DF-1334,Shredded Cheese Premium Label Family Size,Dairy & Frozen,S1044,Redstone Distribution,1,each,false,90.75,41.7353,39.8356,28.4412,638,1980.0,21816.59,77662.09,56313.58,21348.51,40.13,17.51,4.98,7
P10040,GR-1040,Baking Mix Northgate Select Multipack,Grocery,S1026,Stonebridge Distribution,1,each,false,96.86,41.5197,39.5944,30.1598,624,1990.0,21414.93,77590.99,60018.0,17572.99,42.52,20.28,5.16,3
P10128,FP-1128,Apples National Brand Family Size,Fresh & Produce,S1041,Ridgemont Industries,3,weight,true,86.25,4.565,4.355,2.8979,619,1819.0,18075.45,77513.06,52380.83,25132.22,7.85,3.68,2.53,39
P10281,GR-1281,Canned Soup Everyday Basics Bulk,Grocery,S1022,Sandhill Partners,1,each,false,91.64,38.6367,36.8587,29.5199,630,2136.0,25051.46,77479.97,63054.51,14425.47,40.0,18.3,5.54,5
P10210,FP-1210,Onions Exclusive Brand Family Size,Fresh & Produce,S1024,Redstone Consumer Products,3,weight,true,87.08,3.1988,3.0489,2.2785,645,1947.0,25732.32,77421.58,58631.1,18790.48,8.07,3.73,2.6,28
P10034,FP-1034,Apples Northgate Select Bulk,Fresh & Produce,S1024,Redstone Consumer Products,3,weight,true,97.44,4.433,4.2224,2.8695,624,1809.0,18645.44,77378.11,53503.1,23875.01,8.3,3.64,2.49,22
P10294,GR-1294,Bottled Water National Brand Family Size,Grocery,S1029,Silverbrook Partners,1,each,false,96.55,38.6647,36.8785,27.47,651,2131.0,16533.19,77121.39,58538.57,18582.82,40.32,18.67,5.29,3
P10021,GR-1021,Coffee National Brand Family Size,Grocery,S1009,Ridgemont Supply Co,1,each,false,96.53,40.282,38.4878,31.3696,611,2035.0,19640.54,76955.56,63837.14,13118.43,39.35,19.41,5.38,3
P10584,GR-1584,Baby Formula Premium Label 2-Pack,Grocery,S1017,Grayrock Home Goods,1,each,false,99.0,44.8026,42.8202,37.612,592,1819.0,22801.99,76843.57,68416.23,8427.34,38.85,17.37,4.97,2
P10000,FP-1000,Apples Everyday Basics Travel Size,Fresh & Produce,S1040,Copper Creek Foods,1,each,false,95.42,41.9677,40.0978,27.2052,632,1950.0,23371.38,76814.64,53050.14,23764.5,37.33,18.22,5.28,37
P10288,DF-1288,Butter Exclusive Brand Bulk,Dairy & Frozen,S1021,Blackpine Distribution,1,each,false,90.59,46.489,44.3898,31.7175,557,1759.0,23204.9,76686.96,55791.08,20895.88,38.24,18.24,5.14,5
P10675,GR-1675,Baking Mix Northgate Select Value Bundle,Grocery,S1041,Ridgemont Industries,1,each,false,99.0,46.2434,44.1668,33.4939,584,1762.0,14775.68,76510.85,59016.25,17494.59,38.8,17.52,4.81,2
P10238,DF-1238,Eggs Premium Label Multipack,Dairy & Frozen,S1016,Grayrock Supply Co,1,each,false,94.43,43.7495,41.7546,32.1994,593,1856.0,17719.01,76421.18,59762.09,16659.09,40.15,18.74,5.11,10
P10752,GR-1752,Cooking Oil Exclusive Brand Bulk,Grocery,S1009,Ridgemont Supply Co,1,each,false,97.81,40.8582,38.9441,32.2846,612,1988.0,22553.54,76152.02,64181.78,11970.24,41.61,19.77,5.25,1
P10692,FP-1692,Berries Northgate Select 2-Pack,Fresh & Produce,S1009,Ridgemont Supply Co,3,weight,true,92.38,2.4348,2.3229,1.5507,585,1786.0,33150.62,75964.12,51406.67,24557.45,8.0,3.82,2.64,28
P10517,GR-1517,Cooking Oil Exclusive Brand 2-Pack,Grocery,S1014,Northwind Home Goods,1,each,false,96.0,37.3592,35.647,25.1609,651,2159.0,26422.43,75801.84,54322.38,21479.46,38.39,18.48,5.32,3
P10866,FP-1866,Fresh Herbs Exclusive Brand Value Bundle,Fresh & Produce,S1000,Kingsford Partners,1,each,false,96.53,43.38,41.401,29.7879,606,1861.0,24933.35,75783.28,55435.28,20348.0,37.21,17.34,5.22,22
P10401,DF-1401,Shredded Cheese Northgate Value 2-Pack,Dairy & Frozen,S1028,Ridgemont Partners,1,each,false,96.64,40.167,38.356,28.2208,615,1999.0,20959.62,75644.88,56413.38,19231.5,36.7,17.48,5.3,6
P10140,HE-1140,Bath Tissue Northgate Value Multipack,Household Essentials,S1016,Grayrock Supply Co,1,each,false,96.25,42.4942,40.56,29.9414,587,1871.0,11395.3,74784.57,56020.36,18764.21,37.97,17.27,5.16,2
P10683,GR-1683,Canned Soup Premium Label 2-Pack,Grocery,S1014,Northwind Home Goods,1,each,false,99.0,34.3163,32.7645,28.8822,684,2318.0,25792.88,74629.2,66948.94,7680.26,39.92,19.92,5.46,4
P10481,DF-1481,Ice Cream Everyday Basics Travel Size,Dairy & Frozen,S1020,Thornbury Global,1,each,false,88.25,41.6014,39.7342,27.8449,601,1911.0,15308.55,74499.45,53211.6,21287.85,40.64,18.69,5.2,4
P10199,GR-1199,Condiments National Brand Bulk,Grocery,S1008,Ridgemont Distribution,1,each,false,94.38,40.8792,39.051,29.5141,634,1937.0,14662.0,74273.55,57168.81,17104.74,39.33,16.97,4.9,3
P10550,GR-1550,Bottled Water Premium Label Family Size,Grocery,S1019,Kingsford Home Goods,1,each,false,93.25,38.0861,36.3374,27.9775,637,2074.0,17044.55,74040.72,58025.34,16015.39,38.14,19.47,5.2,2
P10408,FP-1408,Fresh Herbs Northgate Value Club Pack,Fresh & Produce,S1020,Thornbury Global,1,each,false,90.97,43.4756,41.5079,31.1646,585,1810.0,21814.87,73968.92,56407.93,17561.0,35.42,16.88,5.23,23
P10304,GR-1304,Pasta Everyday Basics Bulk,Grocery,S1002,Larkspur Manufacturing,1,each,false,98.86,40.763,38.9248,31.4001,626,1936.0,21151.96,73896.95,60790.59,13106.35,41.28,18.32,4.97,5
P10875,GR-1875,Soda 12pk Northgate Select Bulk,Grocery,S1030,Sandhill Supply Co,1,each,false,99.0,39.7915,37.9794,29.7101,613,1947.0,18829.75,73103.2,57845.56,15257.64,39.12,17.57,5.12,8
P10043,FP-1043,Salad Greens Northgate Value Multipack,Fresh & Produce,S1005,Thornbury Brands,3,weight,true,78.26,3.0865,2.9504,1.8754,626,1936.0,25181.3,73073.76,47225.02,25848.74,8.31,3.87,2.6,18
P10272,FP-1272,Apples Northgate Select Bulk,Fresh & Produce,S1004,Sandhill Foods,3,weight,true,86.13,3.5809,3.4211,2.6191,635,1796.0,21686.82,73041.37,56799.96,16241.41,8.18,3.53,2.49,28
P10136,HE-1136,Paper Towels Northgate Select Multipack,Household Essentials,S1004,Sandhill Foods,1,each,false,98.76,37.6439,35.9191,27.1717,632,2062.0,9118.18,72877.3,56028.05,16849.25,39.67,18.56,5.23,7
P10625,FP-1625,Berries Everyday Basics Single,Fresh & Produce,S1010,Copper Creek Partners,3,weight,true,89.85,4.1306,3.9405,2.7842,633,2032.0,18795.41,72829.4,52330.19,20499.22,8.12,4.05,2.78,32
P10716,GR-1716,Condiments Northgate Value Family Size,Grocery,S1014,Northwind Home Goods,1,each,false,99.0,37.4778,35.7687,27.2715,626,2064.0,20078.62,72811.46,56288.38,16523.08,40.77,19.7,5.3,6
P10490,HE-1490,Trash Bags Exclusive Brand Bulk,Household Essentials,S1024,Redstone Consumer Products,1,each,false,95.47,42.2028,40.2775,35.9041,575,1835.0,18642.09,72806.76,65884.02,6922.74,37.23,17.16,5.19,10
P10671,GR-1671,Rice Northgate Select 2-Pack,Grocery,S1045,Thornbury Manufacturing,1,each,false,99.0,42.9475,41.0257,31.0164,567,1781.0,23867.65,71930.98,55240.21,16690.77,41.32,18.31,5.05,4
P10826,DF-1826,Ice Cream Premium Label Club Pack,Dairy & Frozen,S1012,Silverbrook Distribution,1,each,false,86.67,37.4066,35.7155,27.3678,595,2044.0,24188.13,71927.63,55939.78,15987.84,37.8,18.66,5.61,9
P10647,DF-1647,Frozen Vegetables Northgate Value 2-Pack,Dairy & Frozen,S1010,Copper Creek Partners,1,each,false,96.27,38.8123,37.0564,29.8488,578,1962.0,21994.61,71923.87,58563.35,13360.52,37.68,18.46,5.49,5
P10593,FP-1593,Avocados Premium Label Single,Fresh & Produce,S1029,Silverbrook Partners,3,weight,true,92.04,2.7635,2.6354,1.9704,659,2004.0,27681.28,71698.99,54543.2,17155.79,8.11,3.79,2.68,32
P10147,DF-1147,Shredded Cheese Everyday Basics Multipack,Dairy & Frozen,S1029,Silverbrook Partners,1,each,false,95.69,39.3537,37.5704,28.2435,619,1941.0,18871.65,71696.05,54820.63,16875.41,39.5,18.32,5.09,10
P10361,GR-1361,Coffee Premium Label Club Pack,Grocery,S1002,Larkspur Manufacturing,1,each,false,92.51,39.3609,37.5419,30.58,600,1936.0,17361.96,71681.16,59202.88,12478.28,39.88,18.97,5.21,3
P10378,GR-1378,Bottled Water Northgate Value Multipack,Grocery,S1006,Alderwood Brands,1,each,false,97.42,36.8369,35.1508,27.9277,613,2044.0,21746.06,70803.69,57084.22,13719.47,40.18,18.6,5.41,5
P10148,DF-1148,Eggs Exclusive Brand Bulk,Dairy & Frozen,S1025,Sandhill Global,1,each,false,85.98,39.3538,37.5427,29.8685,599,1913.0,25700.31,70659.78,57138.44,13521.34,39.09,17.73,5.19,8
P10456,FP-1456,Berries Northgate Value Multipack,Fresh & Produce,S1019,Kingsford Home Goods,3,weight,true,81.61,2.6081,2.4929,1.8918,595,1842.0,28720.03,70493.2,54332.55,16160.65,8.22,4.06,2.69,26
P10503,HE-1503,Surface Cleaner Northgate Value Travel Size,Household Essentials,S1035,Fairmont Foods,1,each,false,89.64,40.7411,38.8965,32.5139,609,1843.0,11067.18,70432.53,59923.12,10509.41,38.06,17.31,4.89,6
P10157,FP-1157,Salad Greens Exclusive Brand Club Pack,Fresh & Produce,S1038,Thornbury Industries,3,weight,true,88.65,3.1193,2.9777,1.886,640,2017.0,24012.66,70134.57,45287.87,24846.69,7.93,3.81,2.75,28
P10555,GR-1555,Snack Crackers Exclusive Brand Club Pack,Grocery,S1044,Redstone Distribution,1,each,false,89.78,35.5276,33.9263,30.011,636,2092.0,25966.75,70079.52,62783.01,7296.51,39.2,18.27,5.33,7
P10154,GR-1154,Pasta Premium Label 2-Pack,Grocery,S1017,Grayrock Home Goods,1,each,false,97.48,35.7892,34.2196,24.5224,612,2072.0,19057.62,69837.76,50810.41,19027.35,39.76,19.79,5.46,3
P10817,FP-1817,Fresh Herbs Exclusive Brand Value Bundle,Fresh & Produce,S1019,Kingsford Home Goods,3,weight,true,86.58,4.0823,3.8932,2.5616,550,1677.0,18160.91,69736.67,46521.0,23215.67,7.99,3.81,2.61,26
P10087,GR-1087,Baby Formula Everyday Basics Multipack,Grocery,S1030,Sandhill Supply Co,1,each,false,98.36,36.5503,34.9088,26.6866,588,2030.0,12297.98,69556.12,54173.8,15382.32,39.37,19.37,5.57,7
P10363,GR-1363,Bottled Water Northgate Value Value Bundle,Grocery,S1043,Stonebridge Consumer Products,1,each,false,91.28,39.024,37.2743,41.8547,615,1888.0,20725.7,69212.05,79021.67,-9809.63,41.49,18.84,4.9,6
P10800,FP-1800,Avocados Premium Label 2-Pack,Fresh & Produce,S1006,Alderwood Brands,1,each,false,83.25,41.0005,39.1728,25.3537,614,1772.0,15482.74,68620.42,44926.76,23693.66,38.19,16.93,4.93,31
P10742,FP-1742,Berries Northgate Value Single,Fresh & Produce,S1033,Bayfield Consumer Products,1,each,false,86.88,37.1916,35.5128,25.8318,577,1971.0,21882.38,68537.65,50914.48,17623.18,35.54,18.52,5.72,21
P10552,HW-1552,Cold & Flu Everyday Basics Family Size,Health & Wellness,S1039,Brightwater Manufacturing,1,each,false,99.0,35.672,34.0297,38.2468,644,2048.0,7317.66,68414.5,78329.45,-9914.95,39.56,17.16,5.15,4
P10158,GR-1158,Cooking Oil National Brand Club Pack,Grocery,S1031,Fairmont Industries,1,each,false,89.65,39.6607,37.8769,27.7532,613,1832.0,18856.3,68247.16,50843.86,17403.3,39.43,17.1,4.84,5
P10374,FP-1374,Fresh Herbs Premium Label Travel Size,Fresh & Produce,S1011,Redstone Manufacturing,3,weight,true,80.78,3.7428,3.5719,2.3341,619,1900.0,19370.15,68218.52,45211.86,23006.66,8.27,3.89,2.61,29
P10243,DF-1243,Frozen Entree Everyday Basics Single,Dairy & Frozen,S1028,Ridgemont Partners,1,each,false,85.38,36.1474,34.4941,27.6053,640,1988.0,25358.88,67789.03,54879.34,12909.7,37.91,17.29,5.03,9
P10526,FP-1526,Apples Exclusive Brand Single,Fresh & Produce,S1043,Stonebridge Consumer Products,3,weight,true,88.56,3.2994,3.1509,2.4129,585,1827.0,21688.02,67393.62,52331.01,15062.61,8.01,3.92,2.69,29
P10083,GR-1083,Condiments National Brand 2-Pack,Grocery,S1029,Silverbrook Partners,1,each,false,98.44,36.58,34.928,26.0044,601,1964.0,12496.64,67324.24,51072.64,16251.6,41.43,18.66,5.3,3
P10295,FP-1295,Apples Northgate Value Single,Fresh & Produce,S1038,Thornbury Industries,3,weight,true,80.0,3.2504,3.1021,2.1092,642,1987.0,22162.28,67290.78,46744.69,20546.09,8.01,3.79,2.71,34
P10773,DF-1773,Whole Milk Everyday Basics Multipack,Dairy & Frozen,S1022,Sandhill Partners,1,each,false,95.38,34.2529,32.7094,27.2125,618,2085.0,18225.76,67198.58,56738.06,10460.52,39.92,19.39,5.5,0
P10467,FP-1467,Berries Northgate Value Bulk,Fresh & Produce,S1013,Silverbrook Consumer Products,3,weight,true,90.05,3.3612,3.2094,2.3501,609,1914.0,21218.09,67048.39,49864.62,17183.76,7.94,3.91,2.76,35
P10663,DF-1663,Frozen Entree Everyday Basics Multipack,Dairy & Frozen,S1006,Alderwood Brands,3,weight,true,95.34,2.3042,2.1997,1.6332,602,1902.0,30982.76,66905.91,50601.05,16304.86,8.67,4.03,2.58,7
P10345,FP-1345,Citrus Northgate Select Value Bundle,Fresh & Produce,S1044,Redstone Distribution,3,weight,true,84.55,3.9036,3.7309,2.4244,596,1843.0,18169.77,66749.02,44050.8,22698.22,8.04,3.84,2.69,22
P10360,GR-1360,Cooking Oil Exclusive Brand Bulk,Grocery,S1019,Kingsford Home Goods,1,each,false,99.0,34.3663,32.791,25.9223,618,2071.0,20689.8,66692.85,53685.08,13007.77,40.1,20.09,5.41,4
P10026,GR-1026,Rice National Brand 2-Pack,Grocery,S1023,Fairmont Global,1,each,false,99.0,34.096,32.5435,27.8869,642,2093.0,18914.03,66633.27,58367.28,8265.99,38.15,18.19,5.32,3
P10219,TS-1219,Ride-On Toy Everyday Basics Value Bundle,Toys & Seasonal,S1004,Sandhill Foods,1,each,false,93.47,39.0548,37.3039,22.4588,606,1808.0,3611.78,66427.26,40605.51,25821.75,34.1,15.63,5.13,30
P10318,AP-1318,Socks 6pk National Brand Family Size,Apparel,S1008,Ridgemont Distribution,1,each,false,85.42,38.0908,36.3875,19.1244,605,1853.0,3680.11,66329.48,35437.51,30891.97,35.27,15.51,5.0,7
P10605,GR-1605,Coffee National Brand Club Pack,Grocery,S1029,Silverbrook Partners,1,each,false,99.0,34.7256,33.1701,24.6144,643,2021.0,19378.42,66227.71,49745.7,16482.0,40.63,18.17,5.08,4
P10694,FP-1694,Onions National Brand Bulk,Fresh & Produce,S1023,Fairmont Global,3,weight,true,91.21,4.1736,3.988,2.9582,623,1880.0,16855.71,66198.08,49862.56,16335.52,8.14,3.79,2.59,36
P10397,GR-1397,Rice Premium Label Single,Grocery,S1000,Kingsford Partners,1,each,false,99.0,37.19,35.4852,27.4474,566,1895.0,20391.16,66158.51,52012.82,14145.69,37.74,17.06,5.45,4
P10664,GR-1664,Pasta Northgate Value Bulk,Grocery,S1031,Fairmont Industries,1,each,false,95.11,37.3937,35.6791,28.5652,615,1880.0,21434.73,66093.04,53702.58,12390.47,39.22,16.59,4.84,7
P10214,GR-1214,Cooking Oil Northgate Select Club Pack,Grocery,S1033,Bayfield Consumer Products,1,each,false,95.53,36.1039,34.4668,28.0716,607,1942.0,11111.69,65971.65,54515.05,11456.61,39.08,17.88,5.17,7
P10514,GR-1514,Bottled Water Everyday Basics Travel Size,Grocery,S1038,Thornbury Industries,1,each,false,94.82,33.1493,31.6234,24.5077,633,2098.0,24364.55,65339.31,51417.15,13922.16,38.75,18.28,5.31,2
P10717,FP-1717,Potatoes National Brand Value Bundle,Fresh & Produce,S1038,Thornbury Industries,3,weight,true,77.55,2.5137,2.3971,1.8116,610,1880.0,27581.94,65118.26,49967.44,15150.82,8.13,3.83,2.67,23
P10078,HE-1078,Paper Towels National Brand Family Size,Household Essentials,S1016,Grayrock Supply Co,1,each,false,91.87,37.4822,35.7496,28.0478,613,1851.0,12197.58,65114.07,51916.48,13197.59,40.37,17.87,4.91,6
P10321,GR-1321,Soda 12pk Northgate Select Family Size,Grocery,S1012,Silverbrook Distribution,1,each,false,99.0,35.0014,33.4258,25.3322,600,1971.0,14001.31,65092.65,49929.77,15162.89,38.52,18.17,5.3,2
P10478,GR-1478,Baking Mix Northgate Select 2-Pack,Grocery,S1035,Fairmont Foods,1,each,false,98.52,37.4384,35.7778,27.5059,621,1848.0,12727.79,65089.34,50830.9,14258.43,41.14,17.52,4.83,5
P10870,FP-1870,Apples Everyday Basics Club Pack,Fresh & Produce,S1036,Crestline Manufacturing,3,weight,true,80.25,2.1095,2.0132,1.5934,606,1852.0,32785.2,65022.51,52267.98,12754.53,8.28,3.87,2.67,24
P10289,GR-1289,Rice National Brand Single,Grocery,S1030,Sandhill Supply Co,1,each,false,99.0,33.4881,32.006,23.6786,604,2066.0,21037.0,65018.02,48919.99,16098.03,40.85,20.47,5.5,4
P10022,FP-1022,Berries Exclusive Brand Family Size,Fresh & Produce,S1000,Kingsford Partners,1,each,false,89.22,38.495,36.7703,26.4204,564,1807.0,23412.73,65006.62,47741.66,17264.96,35.34,18.49,5.46,30
P10015,HE-1015,Air Freshener Northgate Value Travel Size,Household Essentials,S1039,Brightwater Manufacturing,1,each,false,99.0,40.2104,38.3568,31.945,568,1722.0,9940.49,64890.04,55009.29,9880.75,39.44,17.39,4.87,5
P10006,DF-1006,Greek Yogurt National Brand Bulk,Dairy & Frozen,S1010,Copper Creek Partners,1,each,false,87.58,37.172,35.4962,26.8057,607,1851.0,14770.66,64847.2,49617.35,15229.85,37.55,16.19,4.99,11
P10444,GR-1444,Pasta Premium Label Value Bundle,Grocery,S1025,Sandhill Global,1,each,false,99.0,35.9882,34.2962,27.0754,614,1900.0,14708.06,64295.76,51443.26,12852.5,41.31,18.26,5.0,5
P10070,FP-1070,Berries Everyday Basics Travel Size,Fresh & Produce,S1012,Silverbrook Distribution,3,weight,true,84.87,3.0003,2.8652,2.0763,632,1856.0,22646.35,63942.37,47020.61,16921.76,8.21,3.65,2.59,25
P10721,DF-1721,Ice Cream Everyday Basics Multipack,Dairy & Frozen,S1023,Fairmont Global,1,each,false,99.0,35.2052,33.6362,27.1894,606,1929.0,16147.48,63911.04,52448.35,11462.69,41.24,19.34,5.09,9
P10656,GR-1656,Pasta Exclusive Brand 2-Pack,Grocery,S1040,Copper Creek Foods,1,each,false,94.4,36.9825,35.3658,28.6699,567,1828.0,20649.84,63760.48,52408.58,11351.91,37.81,17.5,5.22,2
P10130,HE-1130,Paper Towels Northgate Value Single,Household Essentials,S1016,Grayrock Supply Co,1,each,false,96.51,38.0654,36.3255,26.5621,588,1780.0,10764.15,63661.77,47280.54,16381.23,39.5,17.1,4.85,5
P10406,GR-1406,Soda 12pk National Brand Single,Grocery,S1004,Sandhill Foods,1,each,false,99.0,32.8673,31.3796,29.6509,621,2055.0,20021.05,63508.95,60932.6,2576.35,39.07,18.43,5.32,4
P10672,GR-1672,Baby Formula Premium Label Single,Grocery,S1004,Sandhill Foods,1,each,false,99.0,33.2534,31.7316,24.2429,608,2026.0,21344.75,63388.48,49116.12,14272.36,41.01,19.28,5.36,2
P10005,GR-1005,Baby Formula National Brand Multipack,Grocery,S1028,Ridgemont Partners,1,each,false,94.62,32.8879,31.422,26.9637,623,2046.0,21015.86,63379.61,55167.73,8211.88,40.63,20.59,5.28,4
P10217,FP-1217,Bananas Everyday Basics Bulk,Fresh & Produce,S1017,Grayrock Home Goods,3,weight,true,84.32,4.1331,3.9459,2.6685,565,1723.0,16307.51,63230.72,43516.59,19714.13,8.1,3.73,2.66,23
P10227,FP-1227,Onions Premium Label Value Bundle,Fresh & Produce,S1012,Silverbrook Distribution,3,weight,true,91.11,3.326,3.1761,2.3981,616,1845.0,20109.59,63086.07,48224.81,14861.26,8.02,3.7,2.54,30
P10435,DF-1435,Whole Milk National Brand Single,Dairy & Frozen,S1012,Silverbrook Distribution,1,each,false,99.0,37.5478,35.8746,30.3782,577,1782.0,31141.37,63067.53,54133.95,8933.58,39.71,18.05,4.99,6
P10144,GR-1144,Pasta Northgate Value Travel Size,Grocery,S1031,Fairmont Industries,1,each,false,99.0,34.0057,32.4819,27.6987,644,1965.0,19730.17,63048.94,54427.95,8620.99,40.71,18.15,4.92,3
P10413,FP-1413,Onions Northgate Select Travel Size,Fresh & Produce,S1024,Redstone Consumer Products,3,weight,true,93.84,3.4077,3.253,2.3556,630,1995.0,19659.15,63013.87,46309.09,16704.78,8.02,3.77,2.7,21
P10470,GR-1470,Breakfast Cereal Northgate Select Family Size,Grocery,S1027,Grayrock Distribution,1,each,false,98.52,31.6395,30.2099,23.5594,648,2117.0,15046.06,62948.41,49875.25,13073.16,39.82,18.99,5.3,4
P10633,GR-1633,Baking Mix Exclusive Brand Bulk,Grocery,S1023,Fairmont Global,1,each,false,99.0,31.0259,29.6134,23.5058,640,2150.0,21361.57,62687.29,50537.47,12149.82,40.25,19.01,5.37,4
P10536,DF-1536,Whole Milk National Brand Travel Size,Dairy & Frozen,S1020,Thornbury Global,1,each,false,90.88,33.7416,32.1971,24.4456,610,1965.0,20621.66,62243.27,48035.6,14207.67,41.17,19.5,5.17,9
P10768,GR-1768,Snack Crackers National Brand Travel Size,Grocery,S1007,Northwind Distribution,1,each,false,95.48,31.5604,30.1517,22.791,618,2104.0,14044.45,62242.6,47952.26,14290.33,40.23,18.78,5.51,0
P10393,GR-1393,Baby Formula Northgate Value Travel Size,Grocery,S1028,Ridgemont Partners,1,each,false,94.69,31.7816,30.33,25.883,624,2072.0,23719.55,61833.83,53629.58,8204.25,42.3,20.6,5.36,1
P10307,DF-1307,Shredded Cheese Everyday Basics Travel Size,Dairy & Frozen,S1027,Grayrock Distribution,1,each,false,96.83,30.8686,29.4157,21.6851,639,2127.0,19314.7,61455.2,46124.21,15330.99,39.49,18.88,5.43,6
P10790,AP-1790,Work Boot Everyday Basics Family Size,Apparel,S1014,Northwind Home Goods,1,each,false,70.2,33.2536,31.7317,17.9902,640,1966.0,3931.66,61295.76,35368.73,25927.02,39.41,17.7,5.08,11
P10412,GR-1412,Cooking Oil Exclusive Brand Value Bundle,Grocery,S1028,Ridgemont Partners,1,each,false,99.0,32.3585,30.9328,25.014,628,2009.0,18677.37,61256.55,50253.13,11003.43,40.33,19.22,5.16,5
P10308,GR-1308,Bottled Water National Brand Family Size,Grocery,S1002,Larkspur Manufacturing,1,each,false,99.0,31.5494,30.1116,33.8241,635,2040.0,21956.76,60683.39,69001.16,-8317.77,40.03,18.69,5.18,5
P10260,FP-1260,Bananas Northgate Select Club Pack,Fresh & Produce,S1000,Kingsford Partners,3,weight,true,88.12,3.7711,3.6017,2.3434,590,1745.0,17024.89,60538.99,39896.13,20642.86,8.18,3.77,2.59,32
P10287,DF-1287,Shredded Cheese Northgate Value Family Size,Dairy & Frozen,S1020,Thornbury Global,1,each,false,95.6,32.6071,31.1303,35.0207,636,1967.0,18763.05,60437.01,68885.72,-8448.71,38.61,17.32,5.0,9
P10025,GR-1025,Breakfast Cereal National Brand 2-Pack,Grocery,S1017,Grayrock Home Goods,1,each,false,99.0,38.1003,36.3911,31.8242,563,1679.0,14713.77,60211.22,53432.83,6778.39,39.82,17.24,4.75,4
P10176,GR-1176,Pasta Northgate Select Travel Size,Grocery,S1034,Brightwater Brands,1,each,false,99.0,33.7657,32.2623,24.5844,611,1897.0,19590.85,60132.88,46636.61,13496.27,40.31,18.8,4.95,1
P10416,FP-1416,Tomatoes Premium Label 2-Pack,Fresh & Produce,S1006,Alderwood Brands,3,weight,true,85.62,2.6674,2.5464,1.8531,615,2037.0,23995.74,60041.06,44466.51,15574.55,8.4,4.16,2.8,24
P10305,FP-1305,Berries Northgate Select Multipack,Fresh & Produce,S1043,Stonebridge Consumer Products,3,weight,true,78.53,3.7656,3.5942,2.8288,611,1853.0,16851.51,59520.59,47669.56,11851.03,8.33,3.88,2.55,25
P10168,GR-1168,Condiments Everyday Basics Single,Grocery,S1045,Thornbury Manufacturing,1,each,false,97.07,33.4112,31.9049,26.101,625,1879.0,19053.6,59025.98,49043.78,9982.2,40.11,17.97,4.91,1
P10628,DF-1628,Frozen Vegetables Northgate Select Club Pack,Dairy & Frozen,S1027,Grayrock Distribution,1,each,false,99.0,32.038,30.6067,24.2142,620,1958.0,13519.7,58923.14,47411.4,11511.74,39.14,18.79,5.12,14
P10534,FP-1534,Salad Greens Everyday Basics Bulk,Fresh & Produce,S1001,Blackpine Foods,3,weight,true,82.53,3.3839,3.2296,2.1916,620,1957.0,18537.46,58806.29,40626.69,18179.6,8.34,4.04,2.72,21
P10150,GR-1150,Baby Formula Everyday Basics Travel Size,Grocery,S1019,Kingsford Home Goods,1,each,false,99.0,33.0811,31.611,22.7505,592,1880.0,12489.15,58557.99,42770.94,15787.05,41.39,18.95,5.17,7
P10831,GR-1831,Cooking Oil Premium Label Multipack,Grocery,S1005,Thornbury Brands,1,each,false,98.78,30.5727,29.2113,25.4525,619,2033.0,17326.26,58372.73,51744.93,6627.8,38.81,17.49,5.28,3
P10329,FP-1329,Avocados Everyday Basics Multipack,Fresh & Produce,S1011,Redstone Manufacturing,3,weight,true,95.75,3.5849,3.424,2.3688,634,1961.0,17317.87,58334.81,41022.57,17312.25,8.38,3.93,2.67,17
P10562,FP-1562,Avocados Northgate Select Value Bundle,Fresh & Produce,S1026,Stonebridge Distribution,3,weight,true,84.08,2.4525,2.3389,1.4802,597,1924.0,25196.41,58036.31,37295.73,20740.58,8.09,3.95,2.78,27
P10520,FP-1520,Tomatoes Premium Label 2-Pack,Fresh & Produce,S1005,Thornbury Brands,3,weight,true,98.15,3.131,2.9907,2.0065,615,1810.0,19656.08,57960.34,39439.92,18520.41,8.29,3.81,2.58,25
P10330,FP-1330,Potatoes Exclusive Brand 2-Pack,Fresh & Produce,S1010,Copper Creek Partners,1,each,false,82.45,30.0763,28.7669,20.0332,642,2045.0,14386.18,57929.73,40967.89,16961.83,35.52,18.3,5.49,30
P10249,FP-1249,Citrus Everyday Basics Bulk,Fresh & Produce,S1003,Brightwater Home Goods,3,weight,true,96.46,2.3823,2.2717,1.6391,641,1850.0,25763.26,57858.44,42228.56,15629.88,8.21,3.6,2.5,27
P10690,DF-1690,Shredded Cheese Exclusive Brand Single,Dairy & Frozen,S1020,Thornbury Global,1,each,false,91.07,28.651,27.328,20.1635,637,2142.0,14174.01,57691.32,43190.22,14501.1,39.81,19.57,5.49,10
P10667,FP-1667,Citrus Premium Label Family Size,Fresh & Produce,S1003,Brightwater Home Goods,3,weight,true,97.39,2.255,2.1526,1.5392,586,1886.0,26903.55,57178.72,41409.95,15768.77,8.15,4.04,2.77,26
P10830,GR-1830,Cooking Oil Northgate Value Value Bundle,Grocery,S1011,Redstone Manufacturing,1,each,false,93.6,30.3783,28.9806,23.6732,615,1983.0,19069.04,56504.23,46943.96,9560.27,42.08,20.77,5.16,3
P10056,GR-1056,Soda 12pk Premium Label Travel Size,Grocery,S1028,Ridgemont Partners,1,each,false,99.0,31.4673,30.024,24.3647,587,1910.0,17642.28,56503.89,46536.58,9967.32,39.08,18.12,5.28,2
P10279,GR-1279,Condiments Northgate Value Single,Grocery,S1012,Silverbrook Distribution,1,each,false,92.88,34.2141,32.632,26.8492,546,1749.0,17587.92,56197.24,46959.25,9237.99,40.81,18.48,5.25,6
P10337,DF-1337,Ice Cream National Brand 2-Pack,Dairy & Frozen,S1032,Blackpine Brands,1,each,false,99.0,29.6752,28.3199,20.746,604,2015.0,11793.71,56130.14,41803.19,14326.95,38.03,18.08,5.41,7
P10017,GR-1017,Condiments Everyday Basics Single,Grocery,S1028,Ridgemont Partners,1,each,false,96.3,31.4947,30.0543,22.683,597,1896.0,14431.23,56096.42,43006.97,13089.45,40.17,17.96,5.14,1
P10232,GR-1232,Bottled Water Northgate Select Club Pack,Grocery,S1020,Thornbury Global,1,each,false,94.55,28.4793,27.1715,20.1925,609,2093.0,19233.89,55931.52,42262.9,13668.61,40.43,20.96,5.54,2
P10494,FP-1494,Potatoes Everyday Basics Travel Size,Fresh & Produce,S1038,Thornbury Industries,3,weight,true,88.55,2.6594,2.5398,1.761,625,1806.0,22300.21,55886.78,39270.67,16616.11,8.32,3.68,2.45,23
P10616,GR-1616,Bottled Water Everyday Basics 2-Pack,Grocery,S1024,Redstone Consumer Products,1,each,false,95.4,31.0729,29.6545,22.0131,601,1900.0,18654.58,55256.84,41824.89,13431.95,38.72,17.32,5.1,2
P10146,GR-1146,Breakfast Cereal Everyday Basics 2-Pack,Grocery,S1030,Sandhill Supply Co,1,each,false,99.0,29.1365,27.7988,23.3608,621,2019.0,17366.78,55221.78,47165.46,8056.32,40.6,18.77,5.24,5
P10879,FP-1879,Tomatoes Everyday Basics Club Pack,Fresh & Produce,S1034,Brightwater Brands,1,each,false,91.64,28.0481,26.8124,20.1615,670,2081.0,22953.67,55152.54,41956.08,13196.46,37.53,17.6,5.2,26
P10314,FP-1314,Avocados Northgate Select 2-Pack,Fresh & Produce,S1031,Fairmont Industries,3,weight,true,90.03,3.2658,3.118,2.1976,611,1958.0,17950.38,55140.39,39447.75,15692.64,8.28,4.09,2.72,29
P10519,FP-1519,Bananas Everyday Basics Multipack,Fresh & Produce,S1011,Redstone Manufacturing,3,weight,true,89.35,4.1689,3.9798,2.6971,603,1802.0,13984.83,54777.38,37718.5,17058.88,8.05,3.7,2.55,29
P10394,GR-1394,Snack Crackers National Brand 2-Pack,Grocery,S1031,Fairmont Industries,1,each,false,95.23,32.0866,30.6253,25.2395,584,1813.0,14692.75,54709.34,45759.21,8950.13,39.68,17.24,5.03,4
P10384,DF-1384,Ice Cream Everyday Basics Travel Size,Dairy & Frozen,S1002,Larkspur Manufacturing,1,each,false,88.56,30.9519,29.528,27.7267,592,1874.0,24648.2,54615.48,51959.84,2655.65,38.09,17.5,5.15,6
P10204,GR-1204,Baking Mix National Brand 2-Pack,Grocery,S1029,Silverbrook Partners,1,each,false,94.81,30.5594,29.1855,23.0198,617,1884.0,14737.78,54256.66,43369.3,10887.36,39.6,17.34,4.89,5
P10737,GR-1737,Coffee Everyday Basics Value Bundle,Grocery,S1033,Bayfield Consumer Products,1,each,false,99.0,29.4981,28.128,21.9739,601,1963.0,20931.0,54217.65,43134.77,11082.89,41.54,19.88,5.27,5
P10620,FP-1620,Onions National Brand Bulk,Fresh & Produce,S1013,Silverbrook Consumer Products,1,each,false,90.08,32.2981,30.8193,21.8638,576,1774.0,18235.73,53903.16,38786.38,15116.78,36.63,16.42,5.27,16
P10244,FP-1244,Bananas National Brand Single,Fresh & Produce,S1039,Brightwater Manufacturing,1,each,false,85.93,29.11,27.8271,31.3175,612,1932.0,24241.18,52920.24,60505.41,-7585.17,35.81,17.61,5.4,26
P10438,FP-1438,Citrus Northgate Select Value Bundle,Fresh & Produce,S1023,Fairmont Global,3,weight,true,93.14,2.8548,2.7222,2.015,677,2035.0,19712.81,52797.77,39721.32,13076.46,8.12,3.73,2.62,27
P10445,MS-1445,Rotisserie Chicken Northgate Value Single,Meat & Seafood,S1034,Brightwater Brands,3,weight,true,91.71,4.859,4.6369,5.2239,602,1890.0,11503.05,52605.01,60090.77,-7485.76,8.27,3.95,2.66,21
P10036,GR-1036,Pasta Everyday Basics Multipack,Grocery,S1009,Ridgemont Supply Co,1,each,false,99.0,28.6278,27.3376,21.7488,588,1949.0,15535.54,52255.74,42388.41,9867.32,38.86,17.98,5.34,3
P10241,GR-1241,Pasta Northgate Select 2-Pack,Grocery,S1032,Blackpine Brands,1,each,false,94.35,28.9295,27.6349,20.9537,580,1914.0,14873.55,52145.1,40105.38,12039.72,44.44,22.29,5.31,5
P10335,GR-1335,Rice Premium Label Bulk,Grocery,S1023,Fairmont Global,1,each,false,93.29,28.1519,26.8593,22.434,621,1958.0,15110.46,52012.14,43925.77,8086.37,40.01,18.34,5.03,3
P10627,FP-1627,Berries Northgate Select Value Bundle,Fresh & Produce,S1004,Sandhill Foods,3,weight,true,86.26,3.8724,3.6996,2.6473,645,1951.0,14239.74,51805.48,37696.86,14108.62,8.17,3.75,2.62,24
P10508,DF-1508,Whole Milk Premium Label Value Bundle,Dairy & Frozen,S1017,Grayrock Home Goods,1,each,false,99.0,28.8898,27.5783,21.8627,621,1899.0,15204.12,51754.91,41517.27,10237.64,40.05,17.78,5.01,7
P10429,GR-1429,Snack Crackers Exclusive Brand Family Size,Grocery,S1044,Redstone Distribution,1,each,false,99.0,27.9723,26.7449,22.7228,597,1961.0,18744.64,51625.2,44559.41,7065.79,40.57,20.08,5.29,2
P10732,GR-1732,Soda 12pk Northgate Select Bulk,Grocery,S1042,Northwind Foods,1,each,false,96.84,26.5908,25.3812,23.1526,616,2067.0,17477.24,51591.07,47856.42,3734.64,39.72,19.81,5.45,5
P10770,GR-1770,Breakfast Cereal Everyday Basics Single,Grocery,S1000,Kingsford Partners,1,each,false,99.0,26.0552,24.8867,19.8348,645,2107.0,18109.35,51497.62,41791.92,9705.7,39.58,19.16,5.29,2
P10588,FP-1588,Avocados Northgate Value Family Size,Fresh & Produce,S1023,Fairmont Global,3,weight,true,93.51,2.7735,2.6491,1.8928,578,1751.0,19740.44,51272.54,37364.7,13907.84,8.08,3.89,2.66,32
P10535,DF-1535,Ice Cream Northgate Select Bulk,Dairy & Frozen,S1005,Thornbury Brands,1,each,false,98.44,28.351,27.0941,19.9439,626,1913.0,13655.94,51245.9,38152.68,13093.22,38.59,17.24,5.02,5
P10531,GR-1531,Cooking Oil Northgate Select Family Size,Grocery,S1034,Brightwater Brands,1,each,false,99.0,27.7018,26.4639,22.9864,603,1963.0,13535.11,51204.63,45122.3,6082.33,40.75,19.88,5.25,1
P10164,FP-1164,Apples Northgate Select Travel Size,Fresh & Produce,S1014,Northwind Home Goods,1,each,false,77.94,31.5469,30.0665,22.0365,602,1725.0,15845.47,51115.39,38012.96,13102.43,34.73,15.08,4.93,21
P10658,DF-1658,Eggs National Brand Club Pack,Dairy & Frozen,S1027,Grayrock Distribution,1,each,false,84.63,27.5542,26.3007,20.6116,605,1953.0,17803.31,50513.17,40254.45,10258.72,39.99,19.02,5.25,11
P10492,GR-1492,Canned Soup Northgate Value Family Size,Grocery,S1039,Brightwater Manufacturing,1,each,false,99.0,30.0946,28.7062,24.9182,591,1790.0,16047.39,50498.24,44603.58,5894.66,39.91,17.42,4.9,2
P10186,FP-1186,Bananas National Brand Club Pack,Fresh & Produce,S1022,Sandhill Partners,1,each,false,94.04,29.6211,28.2425,22.0617,592,1812.0,19740.12,50414.46,39975.8,10438.66,36.47,17.81,5.24,24
P10132,GR-1132,Pasta National Brand 2-Pack,Grocery,S1041,Ridgemont Industries,1,each,false,99.0,28.975,27.6942,23.5088,596,1844.0,13713.42,50407.45,43350.23,7057.22,41.1,18.16,4.99,2
P10771,FP-1771,Citrus Exclusive Brand Family Size,Fresh & Produce,S1010,Copper Creek Partners,3,weight,true,79.36,3.8594,3.6854,2.5988,635,1960.0,13882.02,50313.02,36076.6,14236.42,7.99,3.78,2.67,35
P10756,FP-1756,Berries National Brand Travel Size,Fresh & Produce,S1030,Sandhill Supply Co,3,weight,true,92.98,3.306,3.1528,2.3194,624,1897.0,16158.04,50163.56,37476.96,12686.6,8.36,3.88,2.64,27
P10124,DF-1124,Shredded Cheese Exclusive Brand Club Pack,Dairy & Frozen,S1002,Larkspur Manufacturing,1,each,false,99.0,27.0036,25.7935,20.408,623,1972.0,15040.29,50128.99,40244.58,9884.41,39.97,18.44,5.09,8
P10697,FP-1697,Bananas Premium Label Multipack,Fresh & Produce,S1005,Thornbury Brands,3,weight,true,97.56,2.7563,2.6325,2.0139,591,1735.0,19356.58,50114.53,38982.21,11132.32,7.94,3.65,2.51,30
P10785,FP-1785,Avocados Premium Label Bulk,Fresh & Produce,S1006,Alderwood Brands,3,weight,true,79.51,2.246,2.1457,1.5287,614,2023.0,23833.74,49977.36,36434.64,13542.71,8.3,4.15,2.76,25
P10366,FP-1366,Tomatoes Northgate Value Family Size,Fresh & Produce,S1023,Fairmont Global,3,weight,true,88.82,2.4009,2.2927,1.7702,629,1930.0,22135.5,49947.74,39184.26,10763.47,8.35,3.89,2.65,30
P10299,GR-1299,Cooking Oil Premium Label Multipack,Grocery,S1030,Sandhill Supply Co,1,each,false,99.0,26.7951,25.587,19.3576,590,1981.0,8436.17,49758.07,38347.41,11410.67,41.84,20.92,5.45,3
P10440,FP-1440,Citrus Northgate Value Club Pack,Fresh & Produce,S1038,Thornbury Industries,3,weight,true,84.25,2.5329,2.4186,1.8406,615,1960.0,20739.72,49444.35,38173.53,11270.81,8.22,4.02,2.8,27
P10452,MS-1452,Chicken Breast Exclusive Brand 2-Pack,Meat & Seafood,S1028,Ridgemont Partners,3,weight,true,93.74,8.5447,8.1582,6.5047,644,1942.0,6156.39,49228.44,40045.5,9182.94,8.61,3.9,2.57,18
P10333,DF-1333,Greek Yogurt Exclusive Brand Value Bundle,Dairy & Frozen,S1003,Brightwater Home Goods,3,weight,true,97.27,3.5225,3.3611,2.5027,594,1822.0,14868.31,49224.3,37210.92,12013.38,8.63,3.84,2.48,10
P10067,DF-1067,Eggs National Brand Single,Dairy & Frozen,S1017,Grayrock Home Goods,1,each,false,95.24,25.7362,24.5749,18.105,655,2026.0,15329.59,49051.8,36680.73,12371.07,38.24,16.69,5.04,7
P10257,FP-1257,Salad Greens Northgate Select Value Bundle,Fresh & Produce,S1017,Grayrock Home Goods,1,each,false,87.63,26.3649,25.203,18.5474,639,1972.0,15349.29,48964.44,36575.47,12388.96,35.32,17.09,5.3,28
P10085,FP-1085,Avocados Premium Label Bulk,Fresh & Produce,S1000,Kingsford Partners,1,each,false,82.59,26.8996,25.6752,22.4859,634,1935.0,20443.99,48783.6,43510.22,5273.38,38.47,19.01,5.13,27
P10489,FP-1489,Apples National Brand Travel Size,Fresh & Produce,S1031,Fairmont Industries,3,weight,true,87.59,2.0673,1.9701,1.5917,610,1900.0,25106.5,48747.92,39962.02,8785.89,8.23,4.03,2.63,37
P10405,DF-1405,Frozen Pizza Northgate Select Family Size,Dairy & Frozen,S1032,Blackpine Brands,1,each,false,91.33,26.1096,24.9246,20.9719,602,1978.0,13677.35,48549.06,41482.42,7066.64,39.18,18.28,5.33,5
P10758,FP-1758,Bananas Premium Label Value Bundle,Fresh & Produce,S1023,Fairmont Global,3,weight,true,85.4,2.184,2.0859,1.5579,582,1756.0,23484.93,48172.57,36587.18,11585.39,8.09,3.78,2.61,27
P10604,FP-1604,Salad Greens Northgate Value Multipack,Fresh & Produce,S1017,Grayrock Home Goods,3,weight,true,84.59,2.2755,2.1721,1.5801,594,1819.0,22444.99,48051.09,35465.33,12585.76,8.13,3.85,2.69,25
P10853,FP-1853,Bananas Northgate Value Travel Size,Fresh & Produce,S1034,Brightwater Brands,3,weight,true,89.94,3.5119,3.3528,2.4719,635,1978.0,14528.38,47923.44,35912.71,12010.73,8.38,4.01,2.64,25
P10862,GR-1862,Baking Mix Exclusive Brand 2-Pack,Grocery,S1017,Grayrock Home Goods,1,each,false,99.0,24.8231,23.6819,18.8462,625,2059.0,13948.95,47916.34,38804.33,9112.02,41.57,19.36,5.31,2
P10622,FP-1622,Tomatoes Premium Label Travel Size,Fresh & Produce,S1017,Grayrock Home Goods,3,weight,true,86.29,3.1482,3.0039,2.1574,607,1963.0,16103.38,47763.3,34741.44,13021.86,8.0,3.97,2.8,26
P10812,FP-1812,Salad Greens Exclusive Brand Single,Fresh & Produce,S1021,Blackpine Distribution,3,weight,true,80.79,2.5233,2.41,1.7753,611,1894.0,20096.9,47635.7,35678.02,11957.67,8.07,3.84,2.67,33
P10242,GR-1242,Coffee Northgate Select Family Size,Grocery,S1037,Harborview Distribution,1,each,false,93.97,27.4187,26.1773,20.8241,575,1830.0,14107.08,47276.65,38108.1,9168.55,39.27,17.77,5.07,1
P10821,FP-1821,Fresh Herbs Northgate Select Multipack,Fresh & Produce,S1025,Sandhill Global,3,weight,true,90.24,2.8059,2.6776,2.0157,624,1919.0,17816.18,46866.52,35912.07,10954.45,8.18,3.81,2.66,23
P10861,FP-1861,Berries Exclusive Brand Travel Size,Fresh & Produce,S1015,Sandhill Home Goods,3,weight,true,89.45,3.5807,3.4221,2.5237,597,1879.0,13991.29,46849.89,35309.83,11540.06,7.9,3.81,2.72,32
P10382,FP-1382,Onions Premium Label Single,Fresh & Produce,S1037,Harborview Distribution,1,each,false,90.37,28.8304,27.5253,19.2246,589,1729.0,15948.33,46767.66,33239.33,13528.33,36.18,16.06,5.08,32
P10152,HE-1152,Food Storage Northgate Value Single,Household Essentials,S1022,Sandhill Partners,1,each,false,96.81,26.4768,25.3159,19.8091,601,1858.0,7540.43,46471.46,36805.31,9666.15,39.18,18.3,5.02,5
P10653,GR-1653,Baby Formula National Brand Family Size,Grocery,S1003,Brightwater Home Goods,1,each,false,88.6,26.5823,25.3562,19.3365,597,1815.0,10181.14,45573.88,35095.75,10478.13,37.15,16.48,4.86,2
P10111,FP-1111,Tomatoes Premium Label Bulk,Fresh & Produce,S1007,Northwind Distribution,3,weight,true,84.83,2.4482,2.3385,1.7027,623,2015.0,19802.24,45513.45,33717.27,11796.18,8.09,4.0,2.79,29
P10118,GR-1118,Coffee National Brand 2-Pack,Grocery,S1035,Fairmont Foods,1,each,false,95.45,25.7301,24.553,17.4359,606,1870.0,8682.79,45214.73,32605.13,12609.6,38.81,17.07,4.95,7
P10376,GR-1376,Condiments Northgate Select Travel Size,Grocery,S1014,Northwind Home Goods,1,each,false,99.0,25.3245,24.1983,18.4825,614,1891.0,13518.07,45179.21,34950.41,10228.8,38.45,16.67,5.0,5
P10089,GR-1089,Pasta Everyday Basics Travel Size,Grocery,S1018,Ridgemont Home Goods,1,each,false,89.76,24.3321,23.2149,17.3514,602,1960.0,9610.99,44932.79,34008.74,10924.05,38.86,18.43,5.29,5
P10763,FP-1763,Salad Greens National Brand Value Bundle,Fresh & Produce,S1033,Bayfield Consumer Products,3,weight,true,85.99,2.5141,2.4011,1.87,584,1819.0,18985.85,44864.43,35503.55,9360.89,8.17,3.91,2.71,22
P10450,GR-1450,Cooking Oil Northgate Select Multipack,Grocery,S1022,Sandhill Partners,1,each,false,93.72,23.2637,22.227,17.6457,616,2045.0,12907.48,44791.21,36085.46,8705.75,38.11,19.6,5.38,3
P10607,FP-1607,Citrus Premium Label Travel Size,Fresh & Produce,S1012,Silverbrook Distribution,3,weight,true,88.98,2.4973,2.3853,1.7545,623,2009.0,18812.77,43966.93,33007.01,10959.92,8.14,4.11,2.77,38
P10601,FP-1601,Avocados Premium Label Family Size,Fresh & Produce,S1023,Fairmont Global,3,weight,true,86.98,3.254,3.1077,2.4453,604,1876.0,14308.69,43747.42,34989.03,8758.39,8.23,4.0,2.72,30
P10398,DF-1398,Butter Premium Label Multipack,Dairy & Frozen,S1017,Grayrock Home Goods,1,each,false,88.86,24.1176,23.0477,20.0857,606,1924.0,15695.04,43705.46,38644.89,5060.57,39.67,19.11,5.1,4
P10359,FP-1359,Potatoes National Brand Club Pack,Fresh & Produce,S1016,Grayrock Supply Co,3,weight,true,93.5,3.8817,3.7114,2.3122,620,1822.0,11915.73,43569.62,27551.55,16018.07,8.13,3.67,2.58,33
P10739,FP-1739,Citrus Northgate Select Bulk,Fresh & Produce,S1035,Fairmont Foods,3,weight,true,96.12,1.7887,1.7062,1.2341,654,1978.0,25739.57,43297.18,31765.2,11531.98,8.03,3.77,2.61,35
P10189,GR-1189,Pasta Northgate Value Value Bundle,Grocery,S1014,Northwind Home Goods,1,each,false,99.0,23.0571,22.0402,16.9418,582,1977.0,9385.24,42811.49,33493.94,9317.55,41.37,19.56,5.42,4
P10765,FP-1765,Tomatoes Everyday Basics Family Size,Fresh & Produce,S1016,Grayrock Supply Co,3,weight,true,85.38,3.091,2.954,2.1405,602,1891.0,14761.23,42771.51,31596.41,11175.1,8.16,4.02,2.75,33
P10011,FP-1011,Potatoes Premium Label Bulk,Fresh & Produce,S1034,Brightwater Brands,3,weight,true,83.0,3.0112,2.8774,2.052,595,1762.0,15090.79,42716.66,30966.3,11750.36,8.04,3.76,2.61,34
P10849,FP-1849,Berries Northgate Select Travel Size,Fresh & Produce,S1035,Fairmont Foods,3,weight,true,88.03,3.2813,3.1342,2.4152,586,1688.0,13742.92,42478.64,33191.9,9286.75,8.0,3.63,2.59,26
P10442,HE-1442,Surface Cleaner Northgate Value Club Pack,Household Essentials,S1005,Thornbury Brands,1,each,false,97.97,22.6267,21.6097,17.9988,604,1995.0,7214.25,42230.22,35907.61,6322.61,39.91,18.93,5.3,4
P10007,FP-1007,Citrus Exclusive Brand Single,Fresh & Produce,S1013,Silverbrook Consumer Products,3,weight,true,87.98,2.8539,2.7247,1.9793,591,1780.0,15686.3,42119.51,31047.9,11071.6,8.2,3.77,2.58,22
P10832,GR-1832,Canned Soup Northgate Select Single,Grocery,S1019,Kingsford Home Goods,1,each,false,99.0,23.3378,22.2822,17.1623,637,1904.0,11042.14,41875.46,32677.02,9198.44,39.61,16.57,4.81,1
P10603,FP-1603,Onions Premium Label Multipack,Fresh & Produce,S1028,Ridgemont Partners,1,each,false,92.64,25.1125,23.9467,15.9711,602,1772.0,20464.1,41792.97,28300.79,13492.18,36.97,16.1,4.97,28
P10624,GR-1624,Canned Soup Northgate Select Bulk,Grocery,S1015,Sandhill Home Goods,1,each,false,89.41,22.8444,21.8247,17.5008,597,1945.0,15689.21,41789.45,34039.06,7750.4,38.38,18.79,5.25,6
P10673,FP-1673,Tomatoes Everyday Basics Travel Size,Fresh & Produce,S1025,Sandhill Global,3,weight,true,96.0,2.7359,2.6113,1.8166,561,1729.0,16208.31,41745.9,29444.02,12301.88,8.04,3.78,2.63,22
P10567,GR-1567,Rice National Brand Travel Size,Grocery,S1036,Crestline Manufacturing,1,each,false,93.07,21.4669,20.5078,15.61,627,2055.0,13808.41,41512.27,31869.11,9643.16,41.28,20.19,5.28,2
P10868,FP-1868,Avocados Premium Label Single,Fresh & Produce,S1007,Northwind Distribution,3,weight,true,77.47,1.5204,1.45,1.1388,577,1843.0,29090.09,41408.81,33127.8,8281.02,7.95,3.92,2.74,35
P10201,FP-1201,Apples Exclusive Brand Travel Size,Fresh & Produce,S1001,Blackpine Foods,3,weight,true,84.84,2.5011,2.3898,1.7877,616,1872.0,17433.23,41028.06,31165.39,9862.68,8.23,3.84,2.64,27
P10618,DF-1618,Ice Cream Everyday Basics Value Bundle,Dairy & Frozen,S1037,Harborview Distribution,1,each,false,99.0,21.0362,20.0975,15.2704,622,2075.0,8145.35,40928.75,31686.08,9242.67,39.68,19.17,5.39,5
P10598,DF-1598,Whole Milk Exclusive Brand Multipack,Dairy & Frozen,S1021,Blackpine Distribution,1,each,false,96.12,20.8194,19.9049,22.4173,633,2087.0,16032.7,40809.24,46784.91,-5975.67,36.92,17.72,5.38,6
P10059,FP-1059,Bananas Exclusive Brand Travel Size,Fresh & Produce,S1045,Thornbury Manufacturing,3,weight,true,89.13,3.6576,3.4922,2.3571,654,2012.0,11806.0,40556.52,27827.91,12728.61,8.0,3.81,2.58,30
P10666,FP-1666,Onions Northgate Select Bulk,Fresh & Produce,S1035,Fairmont Foods,3,weight,true,83.61,2.2215,2.1215,1.6213,585,1779.0,19327.18,40286.44,31335.15,8951.29,8.09,3.81,2.69,21
P10437,DF-1437,Frozen Entree Premium Label Bulk,Dairy & Frozen,S1021,Blackpine Distribution,1,each,false,92.08,24.0744,22.9622,18.9981,584,1750.0,13871.52,39529.05,33246.68,6282.37,37.36,15.95,4.93,8
P10171,HW-1171,Shampoo Northgate Value Family Size,Health & Wellness,S1031,Fairmont Industries,1,each,false,95.97,23.0993,22.0511,15.7158,565,1811.0,4031.17,39447.7,28461.31,10986.39,39.7,18.29,5.24,4
P10159,FP-1159,Citrus Northgate Value Club Pack,Fresh & Produce,S1024,Redstone Consumer Products,1,each,false,99.0,23.4371,22.371,15.0855,608,1780.0,11917.49,39270.03,26852.19,12417.84,34.54,16.7,5.12,29
P10486,GR-1486,Pasta Premium Label Family Size,Grocery,S1024,Redstone Consumer Products,1,each,false,97.18,18.8003,17.9698,14.3009,622,2201.0,11779.19,38902.65,31476.28,7426.37,37.83,19.36,5.75,8
P10223,FP-1223,Bananas Northgate Value Club Pack,Fresh & Produce,S1013,Silverbrook Consumer Products,3,weight,true,83.56,3.6342,3.469,2.6001,583,1697.0,11350.8,38832.52,29513.2,9319.31,8.16,3.67,2.48,32
P10196,FP-1196,Salad Greens Everyday Basics Multipack,Fresh & Produce,S1016,Grayrock Supply Co,3,weight,true,82.64,3.1127,2.9722,2.0463,636,1911.0,13292.42,38825.8,27200.28,11625.52,8.36,3.79,2.55,21
P10803,GR-1803,Soda 12pk Northgate Select Bulk,Grocery,S1017,Grayrock Home Goods,1,each,false,86.99,24.6491,23.532,21.1062,539,1667.0,10363.74,38570.43,35184.04,3386.4,40.21,17.51,4.96,1
P10596,GR-1596,Pasta Northgate Select Multipack,Grocery,S1021,Blackpine Distribution,1,each,false,99.0,20.3221,19.3818,16.3007,623,2017.0,13756.5,38508.22,32878.51,5629.7,39.72,19.09,5.23,3
P10104,FP-1104,Onions Northgate Value Family Size,Fresh & Produce,S1036,Crestline Manufacturing,3,weight,true,89.08,1.8427,1.7562,1.3285,605,1818.0,21971.41,38029.24,29065.5,8963.73,8.08,3.86,2.63,28
P10422,FP-1422,Bananas Northgate Value Bulk,Fresh & Produce,S1003,Brightwater Home Goods,3,weight,true,76.51,3.7705,3.606,2.4637,629,1824.0,10695.53,37867.57,26350.57,11517.0,8.35,3.6,2.51,22
P10614,FP-1614,Bananas Northgate Value Value Bundle,Fresh & Produce,S1043,Stonebridge Consumer Products,3,weight,true,93.78,3.3362,3.1855,2.3878,646,1955.0,12096.55,37627.97,28884.14,8743.83,7.98,3.74,2.61,40
P10608,FP-1608,Berries National Brand Multipack,Fresh & Produce,S1032,Blackpine Brands,3,weight,true,99.0,2.354,2.249,1.5642,606,1836.0,16778.12,37123.12,26244.33,10878.79,8.22,3.78,2.66,23
P10108,FP-1108,Salad Greens Northgate Value 2-Pack,Fresh & Produce,S1010,Copper Creek Partners,3,weight,true,88.02,3.1238,2.9822,2.1331,619,1870.0,12502.65,36839.45,26669.41,10170.04,7.97,3.76,2.64,30
P10724,FP-1724,Bananas National Brand Bulk,Fresh & Produce,S1016,Grayrock Supply Co,3,weight,true,88.56,2.3258,2.2201,1.458,595,1840.0,16691.64,36388.13,24336.41,12051.72,8.24,3.89,2.64,27
P10854,DF-1854,Frozen Vegetables Exclusive Brand Family Size,Dairy & Frozen,S1032,Blackpine Brands,1,each,false,99.0,18.7105,17.8527,14.2241,626,2064.0,10828.95,36253.89,29358.54,6895.35,38.82,20.31,5.32,9
P10795,GR-1795,Baby Formula Everyday Basics Value Bundle,Grocery,S1038,Thornbury Industries,1,each,false,99.0,17.9765,17.1439,13.9935,644,2132.0,10865.31,35979.58,29834.14,6145.44,41.11,19.76,5.34,5
P10245,FP-1245,Onions Northgate Value Family Size,Fresh & Produce,S1000,Kingsford Partners,3,weight,true,82.44,2.5739,2.4558,1.9305,618,2006.0,14459.85,34803.66,27914.73,6888.93,8.15,4.03,2.78,31
P10396,DF-1396,Whole Milk Northgate Select Club Pack,Dairy & Frozen,S1015,Sandhill Home Goods,1,each,false,99.0,19.3253,18.4675,13.8244,588,1900.0,6813.84,34510.01,26266.36,8243.65,37.42,17.49,5.24,3
P10395,FP-1395,Fresh Herbs Premium Label Single,Fresh & Produce,S1013,Silverbrook Consumer Products,3,weight,true,82.57,2.657,2.5332,1.9241,615,1866.0,13734.35,34198.44,26426.27,7772.18,8.37,3.86,2.58,20
P10564,HE-1564,Laundry Detergent National Brand Club Pack,Household Essentials,S1009,Ridgemont Supply Co,1,each,false,99.0,20.5363,19.6095,14.798,603,1758.0,5605.74,34077.66,26014.88,8062.77,40.41,16.38,4.68,3
P10069,DF-1069,Whole Milk Premium Label Club Pack,Dairy & Frozen,S1031,Fairmont Industries,1,each,false,98.0,16.9793,16.1892,12.8528,630,2146.0,9136.79,34067.79,27582.11,6485.68,40.81,20.48,5.6,5
P10086,FP-1086,Fresh Herbs Premium Label 2-Pack,Fresh & Produce,S1018,Ridgemont Home Goods,3,weight,true,92.54,1.9865,1.8964,1.4512,574,1908.0,18151.69,33772.22,26341.74,7430.49,8.13,4.13,2.83,29
P10163,GR-1163,Baby Formula Exclusive Brand Multipack,Grocery,S1000,Kingsford Partners,1,each,false,99.0,17.6371,16.8371,14.4109,618,2015.0,14231.21,33436.1,29037.96,4398.13,38.38,17.83,5.26,6
P10493,MS-1493,Ribeye Steak Northgate Select Value Bundle,Meat & Seafood,S1040,Copper Creek Foods,3,weight,true,95.58,9.1274,8.7141,6.4165,607,1944.0,3881.33,33135.8,24904.55,8231.24,8.04,3.94,2.68,21
P10641,FP-1641,Citrus Everyday Basics Travel Size,Fresh & Produce,S1044,Redstone Distribution,1,each,false,91.33,18.53,17.6953,12.8422,653,1892.0,11839.5,33018.83,24297.44,8721.39,37.42,16.19,4.89,25
P10670,FP-1670,Avocados Northgate Value Club Pack,Fresh & Produce,S1040,Copper Creek Foods,3,weight,true,85.65,3.5159,3.3561,2.3949,566,1741.0,9761.52,32214.22,23377.86,8836.36,8.26,3.94,2.61,24
P10767,GR-1767,Coffee Everyday Basics Bulk,Grocery,S1019,Kingsford Home Goods,1,each,false,93.85,16.4434,15.6958,12.2271,622,2077.0,9439.47,32043.14,25395.69,6647.45,39.34,18.63,5.31,2
P10798,FP-1798,Apples National Brand Multipack,Fresh & Produce,S1032,Blackpine Brands,3,weight,true,93.81,2.8716,2.7425,1.8331,628,1875.0,11621.33,31362.65,21303.06,10059.59,8.12,3.85,2.65,32
P10346,MS-1346,Bacon Premium Label Multipack,Meat & Seafood,S1000,Kingsford Partners,3,weight,true,86.38,8.2356,7.8582,5.4279,631,2013.0,4050.62,31345.87,21986.36,9359.51,8.46,3.99,2.64,14
P10271,FP-1271,Onions Northgate Select Value Bundle,Fresh & Produce,S1006,Alderwood Brands,3,weight,true,91.36,1.3262,1.2677,1.4272,620,1860.0,25151.96,31328.63,35896.88,-4568.24,8.18,3.8,2.63,30
P10338,GR-1338,Canned Soup Premium Label Bulk,Grocery,S1006,Alderwood Brands,3,weight,true,99.0,3.8183,3.6449,2.874,592,1788.0,8489.51,30632.23,24398.85,6233.39,8.95,3.89,2.46,5
P10876,FP-1876,Citrus National Brand Single,Fresh & Produce,S1023,Fairmont Global,3,weight,true,91.19,2.9864,2.8488,1.8385,637,1942.0,10874.44,30436.35,19992.66,10443.69,8.1,3.8,2.6,23
P10852,DF-1852,Shredded Cheese Everyday Basics Travel Size,Dairy & Frozen,S1034,Brightwater Brands,1,each,false,99.0,18.3879,17.5545,14.6519,567,1747.0,7017.31,30234.87,25596.87,4638.0,40.57,18.55,4.98,8
P10698,DF-1698,Greek Yogurt National Brand Bulk,Dairy & Frozen,S1043,Stonebridge Consumer Products,1,each,false,97.38,14.9126,14.2398,10.8208,653,2131.0,9082.86,29856.51,23059.12,6797.39,42.42,20.02,5.27,4
P10362,FP-1362,Potatoes Everyday Basics Single,Fresh & Produce,S1041,Ridgemont Industries,3,weight,true,86.55,1.9307,1.845,1.5459,617,1883.0,16380.59,29738.07,25322.75,4415.32,8.15,3.79,2.67,29
P10240,DF-1240,Butter Premium Label Value Bundle,Dairy & Frozen,S1025,Sandhill Global,1,each,false,99.0,16.2275,15.4898,11.1793,632,1940.0,5081.13,29631.25,21687.84,7943.41,37.12,17.14,4.94,6
P10474,FP-1474,Apples National Brand 2-Pack,Fresh & Produce,S1044,Redstone Distribution,3,weight,true,92.86,2.5731,2.4589,1.9638,609,2019.0,12169.08,29344.9,23897.64,5447.26,8.07,4.07,2.85,25
P10705,HE-1705,Bath Tissue Exclusive Brand Family Size,Household Essentials,S1008,Ridgemont Distribution,1,each,false,99.0,15.6042,14.9023,10.7199,603,1935.0,4223.99,28444.29,20743.01,7701.28,39.66,17.57,5.22,4
P10356,FP-1356,Bananas Northgate Select 2-Pack,Fresh & Produce,S1003,Brightwater Home Goods,3,weight,true,82.82,2.91,2.7801,1.8788,596,1887.0,10310.48,28165.63,19371.34,8794.3,7.96,3.87,2.76,34
P10391,MS-1391,Salmon Fillet Premium Label Club Pack,Meat & Seafood,S1003,Brightwater Home Goods,3,weight,true,92.7,8.252,7.8762,6.0333,581,1787.0,3553.25,27607.8,21437.84,6169.96,8.59,3.99,2.59,13
P10365,FP-1365,Apples Northgate Select Multipack,Fresh & Produce,S1017,Grayrock Home Goods,3,weight,true,93.38,2.4409,2.3304,1.7759,586,1818.0,12015.6,27462.77,21338.51,6124.26,8.01,3.98,2.74,32
P10511,FP-1511,Apples Premium Label Bulk,Fresh & Produce,S1035,Fairmont Foods,3,weight,true,80.19,2.4623,2.3528,1.6969,621,1923.0,11099.69,25618.93,18835.07,6783.87,8.06,3.87,2.65,35
P10741,GR-1741,Pasta National Brand 2-Pack,Grocery,S1005,Thornbury Brands,1,each,false,93.49,12.8875,12.3025,9.3655,632,2045.0,8822.67,24800.82,19152.45,5648.37,41.72,19.45,5.25,4
P10122,FP-1122,Berries Premium Label Club Pack,Fresh & Produce,S1041,Ridgemont Industries,3,weight,true,91.15,1.6955,1.6197,1.3819,628,1999.0,15448.78,24562.01,21348.66,3213.35,8.29,4.05,2.74,28
P10101,FP-1101,Onions Everyday Basics Bulk,Fresh & Produce,S1021,Blackpine Distribution,3,weight,true,84.99,1.8239,1.7407,1.9562,652,2007.0,14255.78,24394.27,27887.15,-3492.88,8.14,3.87,2.68,30
P10848,DF-1848,Frozen Entree Premium Label Club Pack,Dairy & Frozen,S1011,Redstone Manufacturing,1,each,false,93.61,13.2717,12.6709,10.4799,618,1949.0,8941.93,24300.09,20425.33,3874.77,40.13,18.41,5.2,12
P10782,GR-1782,Rice Everyday Basics Single,Grocery,S1039,Brightwater Manufacturing,3,weight,true,99.0,3.5494,3.384,2.7412,598,1924.0,7003.61,23337.51,19198.31,4139.2,8.92,4.12,2.58,1
P10080,DF-1080,Eggs Premium Label 2-Pack,Dairy & Frozen,S1018,Ridgemont Home Goods,1,each,false,90.64,11.8214,11.2851,9.9724,601,2036.0,10146.05,22584.39,20303.81,2280.58,39.3,20.55,5.46,9
P10428,FP-1428,Salad Greens Exclusive Brand Single,Fresh & Produce,S1011,Redstone Manufacturing,3,weight,true,88.69,2.1975,2.0966,1.5709,594,1787.0,10909.15,22485.83,17137.19,5348.64,8.02,3.76,2.61,27
P10869,FP-1869,Bananas Premium Label Value Bundle,Fresh & Produce,S1022,Sandhill Partners,1,each,false,93.1,12.2315,11.6768,7.9721,592,1832.0,6259.11,21074.83,14604.89,6469.94,34.67,16.32,5.13,29
P10699,FP-1699,Fresh Herbs National Brand Single,Fresh & Produce,S1030,Sandhill Supply Co,3,weight,true,97.17,2.2186,2.1172,1.5089,606,1953.0,10024.42,20875.09,15125.84,5749.25,8.24,4.05,2.69,21
P10142,FP-1142,Fresh Herbs Northgate Select Single,Fresh & Produce,S1024,Redstone Consumer Products,3,weight,true,82.59,2.4846,2.3702,1.5679,593,1715.0,8800.07,20644.83,13797.63,6847.2,8.08,3.69,2.52,37
P10216,GR-1216,Canned Soup Northgate Value 2-Pack,Grocery,S1029,Silverbrook Partners,1,each,false,99.0,11.3446,10.8235,8.4644,600,1918.0,7000.57,20381.03,16234.72,4146.31,37.89,16.96,5.17,4
P10402,FP-1402,Salad Greens National Brand Value Bundle,Fresh & Produce,S1001,Blackpine Foods,1,each,false,86.64,11.1378,10.6387,8.3304,610,1851.0,9313.42,19402.85,15419.57,3983.28,34.23,15.51,5.23,32
P10399,FP-1399,Fresh Herbs National Brand Value Bundle,Fresh & Produce,S1035,Fairmont Foods,3,weight,true,81.61,3.0602,2.9169,1.9791,606,1972.0,6161.56,17678.26,12194.34,5483.92,8.33,4.17,2.78,21
P10231,GR-1231,Snack Crackers Exclusive Brand Value Bundle,Grocery,S1011,Redstone Manufacturing,1,each,false,97.39,8.4999,8.1151,5.7838,647,2022.0,4742.35,16228.22,11694.84,4533.38,40.34,18.85,5.07,6
P10327,GR-1327,Condiments National Brand Multipack,Grocery,S1025,Sandhill Global,1,each,false,92.26,8.4728,8.0827,6.5818,607,2014.0,5322.5,15997.57,13255.75,2741.82,40.59,18.66,5.32,1
P10806,FP-1806,Potatoes National Brand Single,Fresh & Produce,S1028,Ridgemont Partners,3,weight,true,89.71,2.665,2.5442,1.8188,607,1797.0,6118.79,15346.95,11128.85,4218.11,8.22,3.75,2.57,25
P10453,FP-1453,Fresh Herbs Premium Label Multipack,Fresh & Produce,S1032,Blackpine Brands,3,weight,true,85.88,2.7963,2.6709,1.8787,603,1859.0,5799.14,15269.25,10894.84,4374.41,8.27,3.96,2.68,25
P10431,DF-1431,Eggs Northgate Select Club Pack,Dairy & Frozen,S1020,Thornbury Global,1,each,false,96.52,8.622,8.2434,6.3446,585,1877.0,3755.02,15226.2,11908.81,3317.39,39.07,18.74,5.18,9
P10530,GR-1530,Baby Formula Exclusive Brand Travel Size,Grocery,S1032,Blackpine Brands,1,each,false,99.0,7.4161,7.069,5.4706,646,2182.0,4378.26,15163.59,11936.85,3226.74,40.25,19.2,5.44,5
P10188,GR-1188,Baking Mix Northgate Select Family Size,Grocery,S1022,Sandhill Partners,1,each,false,99.0,7.6348,7.2865,8.1928,610,2076.0,6631.64,14844.83,17008.25,-2163.43,42.22,20.03,5.47,3
P10541,DF-1541,Whole Milk Premium Label Bulk,Dairy & Frozen,S1010,Copper Creek Partners,1,each,false,99.0,8.7197,8.3217,6.4532,581,1771.0,6143.82,14511.36,11428.62,3082.74,38.96,17.06,4.93,5
P10845,DF-1845,Butter Everyday Basics Single,Dairy & Frozen,S1023,Fairmont Global,3,weight,true,85.04,3.4429,3.2859,2.633,619,1938.0,3860.27,12479.37,10164.08,2315.28,8.76,4.0,2.68,9
P10857,GR-1857,Breakfast Cereal Northgate Value 2-Pack,Grocery,S1041,Ridgemont Industries,1,each,false,99.0,6.4092,6.1209,4.9846,618,2010.0,4007.25,12148.8,10019.05,2129.75,39.91,18.07,5.31,2
P10121,GR-1121,Baby Formula Northgate Select Family Size,Grocery,S1024,Redstone Consumer Products,1,each,false,99.0,6.8192,6.5095,4.8042,606,1879.0,3885.18,12098.95,9027.09,3071.86,39.82,17.28,5.0,3
P10379,FP-1379,Onions Northgate Select Travel Size,Fresh & Produce,S1035,Fairmont Foods,3,weight,true,99.0,2.8752,2.7458,1.8322,599,1906.0,3787.76,10266.93,6939.93,3327.0,8.01,3.97,2.73,24
P10515,FP-1515,Bananas National Brand Family Size,Fresh & Produce,S1020,Thornbury Global,3,weight,true,81.91,1.9107,1.8246,1.3073,604,1867.0,4850.19,8693.48,6340.66,2352.82,8.31,3.88,2.6,21
