month,month_label,fiscal_year,fiscal_period,department,region,revenue,cogs,gross_margin,gross_sales,discount_amount,cases_ordered,cases_shipped,pounds_shipped,order_lines,on_time_lines,late_lines,short_ship_lines,stockout_lines,stores_selling
2023-10-01,Oct 2023,2024,1,Apparel,Mid-Atlantic,39885.46,23802.84,16082.62,41832.98,1947.53,202.0,195.0,2277.55,62,58,4,5,2,37
2023-10-01,Oct 2023,2024,1,Apparel,Midwest,83535.08,52227.04,31308.04,87500.26,3965.18,489.0,466.0,5001.97,154,139,15,11,3,79
2023-10-01,Oct 2023,2024,1,Apparel,Mountain West,37836.36,22541.4,15294.96,39658.76,1822.41,190.0,183.0,2046.03,71,64,7,4,2,35
2023-10-01,Oct 2023,2024,1,Apparel,Northeast,41147.24,24510.94,16636.3,43112.64,1965.33,226.0,217.0,2479.17,62,57,5,5,2,27
2023-10-01,Oct 2023,2024,1,Apparel,Pacific,49089.81,29530.89,19558.92,51391.94,2302.14,256.0,248.0,2864.53,85,76,9,6,3,41
2023-10-01,Oct 2023,2024,1,Apparel,Southeast,70845.52,42351.87,28493.65,74347.46,3501.95,410.0,396.0,3990.11,149,137,12,9,5,77
2023-10-01,Oct 2023,2024,1,Apparel,Texas & Gulf,71228.88,43155.4,28073.48,74684.08,3455.19,393.0,374.0,3977.13,149,140,9,10,2,72
2023-10-01,Oct 2023,2024,1,Dairy & Frozen,Mid-Atlantic,24593.01,19919.83,4673.19,25797.48,1204.56,574.0,564.0,6193.85,215,201,14,8,4,51
2023-10-01,Oct 2023,2024,1,Dairy & Frozen,Midwest,52434.96,42984.13,9450.83,54934.61,2499.75,1259.0,1239.0,13607.7,400,376,24,15,4,95
2023-10-01,Oct 2023,2024,1,Dairy & Frozen,Mountain West,21178.15,17121.14,4057.01,22173.94,995.77,510.0,498.0,5447.77,217,195,22,6,3,53
2023-10-01,Oct 2023,2024,1,Dairy & Frozen,Northeast,21376.57,17420.07,3956.49,22379.79,1003.24,535.0,528.0,5535.09,134,121,13,3,0,32
2023-10-01,Oct 2023,2024,1,Dairy & Frozen,Pacific,23638.12,18697.74,4940.39,24787.98,1149.87,581.0,567.0,5833.83,197,179,18,12,5,50
2023-10-01,Oct 2023,2024,1,Dairy & Frozen,Southeast,53116.41,42964.3,10152.11,55618.75,2502.44,1235.0,1211.0,13761.44,410,383,27,19,6,96
2023-10-01,Oct 2023,2024,1,Dairy & Frozen,Texas & Gulf,52231.8,41933.3,10298.51,54800.55,2568.89,1243.0,1222.0,13146.62,421,391,30,16,8,95
2023-10-01,Oct 2023,2024,1,Electronics,Mid-Atlantic,97443.68,86267.59,11176.09,101544.23,4100.54,94.0,91.0,1001.35,37,34,3,2,1,24
2023-10-01,Oct 2023,2024,1,Electronics,Midwest,267122.38,239986.78,27135.6,279439.65,12317.34,255.0,240.0,2773.78,78,74,4,6,2,55
2023-10-01,Oct 2023,2024,1,Electronics,Mountain West,117513.55,106688.6,10824.94,122613.96,5100.38,132.0,118.0,1269.44,37,33,4,5,2,23
2023-10-01,Oct 2023,2024,1,Electronics,Northeast,106301.26,97451.84,8849.42,112306.5,6005.24,109.0,109.0,1288.1,26,22,4,0,0,18
2023-10-01,Oct 2023,2024,1,Electronics,Pacific,140142.26,127449.68,12692.59,146233.88,6091.62,147.0,138.0,1512.78,40,38,2,3,1,25
2023-10-01,Oct 2023,2024,1,Electronics,Southeast,250340.29,228200.41,22139.88,262203.0,11862.74,271.0,253.0,2675.96,82,77,5,9,2,57
2023-10-01,Oct 2023,2024,1,Electronics,Texas & Gulf,211760.39,188263.1,23497.29,221410.04,9649.65,236.0,215.0,2256.39,84,78,6,10,3,51
2023-10-01,Oct 2023,2024,1,Fresh & Produce,Mid-Atlantic,22614.66,17175.69,5438.97,23671.45,1056.73,890.0,831.0,8122.31,274,252,22,32,10,50
2023-10-01,Oct 2023,2024,1,Fresh & Produce,Midwest,53953.51,40840.19,13113.32,56640.05,2686.56,1941.0,1832.0,19143.57,560,526,34,59,22,98
2023-10-01,Oct 2023,2024,1,Fresh & Produce,Mountain West,20857.1,15676.71,5180.39,21928.24,1071.09,746.0,674.0,7382.0,273,239,34,42,19,57
2023-10-01,Oct 2023,2024,1,Fresh & Produce,Northeast,15574.84,12184.1,3390.74,16338.83,763.86,623.0,578.0,5879.09,179,166,13,15,5,32
2023-10-01,Oct 2023,2024,1,Fresh & Produce,Pacific,27208.67,20429.27,6779.4,28477.05,1268.29,995.0,945.0,9845.4,299,277,22,36,19,47
2023-10-01,Oct 2023,2024,1,Fresh & Produce,Southeast,40616.07,30361.2,10254.87,42436.95,1820.81,1516.0,1451.0,14342.75,514,466,48,46,25,104
2023-10-01,Oct 2023,2024,1,Fresh & Produce,Texas & Gulf,40879.26,30460.04,10419.22,42811.08,1931.9,1498.0,1411.0,14250.61,489,440,49,51,24,95
2023-10-01,Oct 2023,2024,1,Grocery,Mid-Atlantic,68929.55,56952.44,11977.11,72383.39,3453.85,1509.0,1504.0,17344.01,493,451,42,5,1,52
2023-10-01,Oct 2023,2024,1,Grocery,Midwest,154749.31,128683.24,26066.06,162175.22,7426.08,3418.0,3393.0,38764.53,944,868,76,20,5,100
2023-10-01,Oct 2023,2024,1,Grocery,Mountain West,60845.44,49739.89,11105.54,63767.9,2922.46,1349.0,1338.0,15098.73,499,448,51,7,3,57
2023-10-01,Oct 2023,2024,1,Grocery,Northeast,60529.15,50448.12,10081.03,63559.59,3030.46,1231.0,1227.0,14809.58,355,324,31,4,1,32
2023-10-01,Oct 2023,2024,1,Grocery,Pacific,79141.45,64638.84,14502.61,82715.17,3573.52,1812.0,1798.0,20343.77,524,478,46,13,2,53
2023-10-01,Oct 2023,2024,1,Grocery,Southeast,134137.03,110738.23,23398.8,140669.16,6532.16,3038.0,3002.0,33967.72,951,870,81,23,2,102
2023-10-01,Oct 2023,2024,1,Grocery,Texas & Gulf,128942.87,106233.59,22709.28,134886.42,5943.67,2838.0,2811.0,32308.86,868,805,63,16,5,100
2023-10-01,Oct 2023,2024,1,Health & Wellness,Mid-Atlantic,67630.84,48998.9,18631.93,70697.04,3066.11,505.0,504.0,5639.3,167,155,12,1,0,47
2023-10-01,Oct 2023,2024,1,Health & Wellness,Midwest,151425.79,111803.45,39622.34,158517.56,7091.77,1268.0,1254.0,13305.92,331,299,32,12,4,96
2023-10-01,Oct 2023,2024,1,Health & Wellness,Mountain West,49708.95,36092.7,13616.25,52041.49,2332.47,390.0,384.0,4205.92,161,145,16,4,2,52
2023-10-01,Oct 2023,2024,1,Health & Wellness,Northeast,46059.34,34614.17,11445.17,48258.29,2198.97,427.0,421.0,4343.12,118,103,15,4,2,30
2023-10-01,Oct 2023,2024,1,Health & Wellness,Pacific,62561.89,45463.92,17097.97,65610.09,3048.25,494.0,486.0,5394.85,161,155,6,7,3,45
2023-10-01,Oct 2023,2024,1,Health & Wellness,Southeast,114686.74,82868.3,31818.44,120194.71,5507.93,928.0,924.0,9882.81,307,283,24,4,1,94
2023-10-01,Oct 2023,2024,1,Health & Wellness,Texas & Gulf,119691.82,86553.78,33138.04,125672.29,5980.42,905.0,902.0,9964.66,281,262,19,3,2,87
2023-10-01,Oct 2023,2024,1,Home & Kitchen,Mid-Atlantic,64597.79,42540.76,22057.03,67879.09,3281.29,251.0,241.0,2676.33,85,80,5,6,3,39
2023-10-01,Oct 2023,2024,1,Home & Kitchen,Midwest,163659.04,109075.38,54583.65,171854.78,8195.72,661.0,653.0,7160.57,183,165,18,6,4,81
2023-10-01,Oct 2023,2024,1,Home & Kitchen,Mountain West,47897.5,31601.44,16296.07,50085.38,2187.87,190.0,184.0,2143.91,75,69,6,5,3,37
2023-10-01,Oct 2023,2024,1,Home & Kitchen,Northeast,58327.68,38668.55,19659.13,60839.81,2512.07,204.0,199.0,2634.62,61,51,10,5,3,28
2023-10-01,Oct 2023,2024,1,Home & Kitchen,Pacific,67352.37,43813.14,23539.23,70475.46,3123.1,269.0,263.0,2752.8,71,65,6,3,1,33
2023-10-01,Oct 2023,2024,1,Home & Kitchen,Southeast,123354.28,80692.18,42662.1,128807.81,5453.62,456.0,447.0,5302.06,154,139,15,8,5,75
2023-10-01,Oct 2023,2024,1,Home & Kitchen,Texas & Gulf,147870.13,96446.57,51423.56,154640.57,6770.45,584.0,577.0,6454.01,154,143,11,5,2,73
2023-10-01,Oct 2023,2024,1,Household Essentials,Mid-Atlantic,28979.55,22364.21,6615.34,30345.24,1365.69,402.0,396.0,4346.99,143,132,11,4,3,42
2023-10-01,Oct 2023,2024,1,Household Essentials,Midwest,72824.98,57650.58,15174.41,76220.65,3395.74,1060.0,1049.0,11521.03,285,261,24,8,2,89
2023-10-01,Oct 2023,2024,1,Household Essentials,Mountain West,27929.23,21568.14,6361.09,29189.01,1259.8,365.0,357.0,4048.44,133,116,17,5,3,47
2023-10-01,Oct 2023,2024,1,Household Essentials,Northeast,17572.74,13434.32,4138.42,18502.36,929.64,254.0,249.0,2752.36,86,80,6,4,2,28
2023-10-01,Oct 2023,2024,1,Household Essentials,Pacific,29266.25,22840.96,6425.28,30468.24,1201.91,431.0,425.0,4672.89,130,120,10,5,2,46
2023-10-01,Oct 2023,2024,1,Household Essentials,Southeast,50414.48,39508.95,10905.53,52811.12,2396.62,805.0,795.0,7953.13,242,225,17,9,4,86
2023-10-01,Oct 2023,2024,1,Household Essentials,Texas & Gulf,54337.32,41649.81,12687.51,56951.61,2614.38,757.0,752.0,8337.14,234,219,15,4,1,84
2023-10-01,Oct 2023,2024,1,Meat & Seafood,Mid-Atlantic,41022.43,33308.13,7714.3,42944.69,1922.23,450.0,428.0,4874.75,158,142,16,15,4,47
2023-10-01,Oct 2023,2024,1,Meat & Seafood,Midwest,114614.42,94711.87,19902.55,120267.54,5653.01,1242.0,1215.0,14454.68,333,303,30,20,11,97
2023-10-01,Oct 2023,2024,1,Meat & Seafood,Mountain West,37483.32,29837.43,7645.89,39375.27,1892.06,379.0,355.0,4363.05,142,131,11,15,7,50
2023-10-01,Oct 2023,2024,1,Meat & Seafood,Northeast,41104.38,33563.49,7540.89,43147.98,2043.48,446.0,430.0,5073.19,131,125,6,9,5,31
2023-10-01,Oct 2023,2024,1,Meat & Seafood,Pacific,46202.97,37163.56,9039.41,48556.25,2353.35,502.0,485.0,5650.48,171,158,13,12,8,47
2023-10-01,Oct 2023,2024,1,Meat & Seafood,Southeast,85092.52,69296.53,15795.99,89171.03,4078.4,963.0,932.0,10670.84,320,293,27,19,6,93
2023-10-01,Oct 2023,2024,1,Meat & Seafood,Texas & Gulf,86716.93,70038.64,16678.29,90717.01,3999.96,971.0,934.0,10586.54,319,299,20,23,7,94
2023-10-01,Oct 2023,2024,1,Toys & Seasonal,Mid-Atlantic,30509.17,21636.28,8872.89,32250.27,1741.1,154.0,146.0,1645.16,41,39,2,3,0,26
2023-10-01,Oct 2023,2024,1,Toys & Seasonal,Midwest,58439.53,42673.89,15765.64,61135.67,2696.11,312.0,305.0,3452.89,82,72,10,7,0,52
2023-10-01,Oct 2023,2024,1,Toys & Seasonal,Mountain West,8717.84,5947.1,2770.73,9099.9,382.05,62.0,52.0,503.96,26,24,2,4,3,21
2023-10-01,Oct 2023,2024,1,Toys & Seasonal,Northeast,15201.02,10196.36,5004.66,15901.61,700.58,97.0,93.0,884.97,34,30,4,3,3,17
2023-10-01,Oct 2023,2024,1,Toys & Seasonal,Pacific,22914.17,15509.54,7404.63,23867.68,953.55,162.0,146.0,1345.69,55,49,6,9,1,33
2023-10-01,Oct 2023,2024,1,Toys & Seasonal,Southeast,40591.8,28577.79,12014.0,42418.79,1826.99,221.0,207.0,2263.04,70,64,6,8,5,44
2023-10-01,Oct 2023,2024,1,Toys & Seasonal,Texas & Gulf,36838.83,25452.8,11386.02,38714.44,1875.67,213.0,190.0,2078.93,70,60,10,11,4,53
2023-11-01,Nov 2023,2024,2,Apparel,Mid-Atlantic,30868.15,19215.48,11652.68,32362.79,1494.58,189.0,184.0,1816.13,74,70,4,4,1,37
2023-11-01,Nov 2023,2024,2,Apparel,Midwest,127336.75,77469.73,49867.02,133325.92,5989.19,677.0,664.0,7226.99,197,186,11,9,2,84
2023-11-01,Nov 2023,2024,2,Apparel,Mountain West,26652.0,15896.6,10755.4,27826.91,1174.93,144.0,140.0,1499.77,60,54,6,3,2,37
2023-11-01,Nov 2023,2024,2,Apparel,Northeast,32655.66,19928.53,12727.13,34192.81,1537.12,177.0,169.0,1917.52,56,52,4,5,2,23
2023-11-01,Nov 2023,2024,2,Apparel,Pacific,38111.23,22603.78,15507.45,40080.45,1969.24,198.0,196.0,2127.85,77,72,5,2,2,35
2023-11-01,Nov 2023,2024,2,Apparel,Southeast,93187.8,54589.88,38597.92,97815.59,4627.83,474.0,460.0,5255.4,161,151,10,13,7,78
2023-11-01,Nov 2023,2024,2,Apparel,Texas & Gulf,115045.89,68676.13,46369.76,120185.94,5140.05,573.0,548.0,6356.57,180,162,18,16,5,82
2023-11-01,Nov 2023,2024,2,Dairy & Frozen,Mid-Atlantic,23634.38,18994.77,4639.61,24760.02,1125.62,583.0,565.0,5948.59,207,181,26,10,4,45
2023-11-01,Nov 2023,2024,2,Dairy & Frozen,Midwest,63303.8,51797.99,11505.8,66310.53,3006.94,1563.0,1543.0,16464.81,475,446,29,16,7,95
2023-11-01,Nov 2023,2024,2,Dairy & Frozen,Mountain West,25158.9,20212.15,4946.75,26428.96,1270.03,562.0,549.0,6011.47,211,198,13,12,5,55
2023-11-01,Nov 2023,2024,2,Dairy & Frozen,Northeast,23101.74,18893.88,4207.86,24218.78,1117.12,543.0,534.0,6102.83,156,147,9,7,3,29
2023-11-01,Nov 2023,2024,2,Dairy & Frozen,Pacific,34842.03,27834.23,7007.8,36306.17,1464.07,813.0,803.0,8809.07,227,206,21,7,3,50
2023-11-01,Nov 2023,2024,2,Dairy & Frozen,Southeast,51767.1,41850.81,9916.3,54196.83,2429.77,1226.0,1212.0,13195.71,420,387,33,13,8,100
2023-11-01,Nov 2023,2024,2,Dairy & Frozen,Texas & Gulf,62594.4,50681.68,11912.72,65699.96,3105.55,1472.0,1456.0,16012.74,443,402,41,12,3,96
2023-11-01,Nov 2023,2024,2,Electronics,Mid-Atlantic,256750.83,228456.99,28293.84,268835.49,12084.64,241.0,233.0,2744.92,56,51,5,3,0,31
2023-11-01,Nov 2023,2024,2,Electronics,Midwest,514992.87,464400.63,50592.24,541664.92,26672.1,547.0,536.0,5730.84,98,90,8,8,4,63
2023-11-01,Nov 2023,2024,2,Electronics,Mountain West,139587.66,124638.24,14949.42,146485.02,6897.37,150.0,136.0,1484.6,36,33,3,7,5,26
2023-11-01,Nov 2023,2024,2,Electronics,Northeast,134338.11,122364.67,11973.43,140432.29,6094.2,130.0,128.0,1413.94,31,29,2,2,1,20
2023-11-01,Nov 2023,2024,2,Electronics,Pacific,160246.19,141715.81,18530.38,168118.98,7872.77,176.0,170.0,1794.18,40,36,4,4,1,29
2023-11-01,Nov 2023,2024,2,Electronics,Southeast,280548.48,249381.25,31167.22,294478.98,13930.49,298.0,275.0,2923.2,75,72,3,9,4,57
2023-11-01,Nov 2023,2024,2,Electronics,Texas & Gulf,361479.76,326182.86,35296.9,380585.84,19106.05,382.0,359.0,3869.09,80,74,6,8,2,56
2023-11-01,Nov 2023,2024,2,Fresh & Produce,Mid-Atlantic,26106.42,19369.06,6737.36,27282.35,1176.04,849.0,814.0,9098.67,268,246,22,22,9,49
2023-11-01,Nov 2023,2024,2,Fresh & Produce,Midwest,55575.55,42405.93,13169.62,58233.39,2657.83,2053.0,1924.0,19940.01,631,581,50,72,25,101
2023-11-01,Nov 2023,2024,2,Fresh & Produce,Mountain West,21502.34,16627.85,4874.49,22540.89,1038.71,820.0,761.0,7860.85,291,267,24,39,23,57
2023-11-01,Nov 2023,2024,2,Fresh & Produce,Northeast,21510.89,16262.83,5248.06,22518.46,1007.6,737.0,691.0,7488.99,211,192,19,26,10,32
2023-11-01,Nov 2023,2024,2,Fresh & Produce,Pacific,25633.59,19212.18,6421.41,26846.81,1213.2,947.0,896.0,9267.32,309,285,24,33,12,51
2023-11-01,Nov 2023,2024,2,Fresh & Produce,Southeast,48194.2,36006.01,12188.18,50510.08,2315.94,1734.0,1624.0,17163.16,543,497,46,63,24,99
2023-11-01,Nov 2023,2024,2,Fresh & Produce,Texas & Gulf,45239.81,33862.85,11376.96,47446.41,2206.47,1760.0,1631.0,16135.8,554,523,31,72,24,99
2023-11-01,Nov 2023,2024,2,Grocery,Mid-Atlantic,65247.15,53553.16,11693.99,68249.46,3002.34,1517.0,1514.0,16475.44,489,454,35,3,2,51
2023-11-01,Nov 2023,2024,2,Grocery,Midwest,194494.64,161617.12,32877.52,203727.54,9233.1,4128.0,4100.0,47929.67,1101,1002,99,18,6,103
2023-11-01,Nov 2023,2024,2,Grocery,Mountain West,64944.92,53895.84,11049.08,67922.49,2977.59,1494.0,1472.0,16460.56,504,472,32,17,6,58
2023-11-01,Nov 2023,2024,2,Grocery,Northeast,51587.14,42400.26,9186.88,54197.13,2609.92,1174.0,1162.0,12962.88,329,307,22,8,3,32
2023-11-01,Nov 2023,2024,2,Grocery,Pacific,89637.41,72858.56,16778.85,93887.27,4249.89,1943.0,1932.0,22175.66,565,526,39,10,3,53
2023-11-01,Nov 2023,2024,2,Grocery,Southeast,142733.47,116096.32,26637.15,149418.96,6685.64,3143.0,3123.0,35400.1,985,896,89,13,5,104
2023-11-01,Nov 2023,2024,2,Grocery,Texas & Gulf,165996.94,136198.59,29798.35,173622.67,7625.57,3584.0,3565.0,41073.98,1048,974,74,16,3,99
2023-11-01,Nov 2023,2024,2,Health & Wellness,Mid-Atlantic,66008.0,47935.53,18072.47,69135.86,3127.78,516.0,513.0,5712.1,142,130,12,3,1,44
2023-11-01,Nov 2023,2024,2,Health & Wellness,Midwest,161816.0,118390.69,43425.31,169628.27,7812.31,1301.0,1298.0,14027.92,376,350,26,3,2,93
2023-11-01,Nov 2023,2024,2,Health & Wellness,Mountain West,60930.37,45181.19,15749.18,63859.25,2928.96,520.0,516.0,5522.78,176,160,16,1,0,55
2023-11-01,Nov 2023,2024,2,Health & Wellness,Northeast,37426.73,27198.81,10227.92,39183.21,1756.51,305.0,302.0,3290.01,110,98,12,3,0,30
2023-11-01,Nov 2023,2024,2,Health & Wellness,Pacific,65335.47,46485.93,18849.54,68480.11,3144.59,498.0,494.0,5524.08,167,156,11,3,1,47
2023-11-01,Nov 2023,2024,2,Health & Wellness,Southeast,122058.21,89696.33,32361.89,127661.95,5603.65,1048.0,1031.0,10537.94,303,283,20,11,4,93
2023-11-01,Nov 2023,2024,2,Health & Wellness,Texas & Gulf,116380.73,85218.09,31162.64,121962.24,5581.62,942.0,932.0,10079.22,299,278,21,9,2,92
2023-11-01,Nov 2023,2024,2,Home & Kitchen,Mid-Atlantic,62503.87,39926.08,22577.79,65540.84,3036.94,250.0,249.0,2566.79,86,81,5,1,1,41
2023-11-01,Nov 2023,2024,2,Home & Kitchen,Midwest,199347.97,130742.55,68605.43,208590.57,9242.54,748.0,736.0,8408.39,216,198,18,9,4,87
2023-11-01,Nov 2023,2024,2,Home & Kitchen,Mountain West,68685.85,45373.35,23312.5,72049.69,3363.86,285.0,284.0,2945.58,91,85,6,1,1,41
2023-11-01,Nov 2023,2024,2,Home & Kitchen,Northeast,57041.92,39051.12,17990.79,60131.92,3089.93,242.0,239.0,2523.9,68,64,4,3,1,27
2023-11-01,Nov 2023,2024,2,Home & Kitchen,Pacific,56388.95,37123.94,19265.01,59276.31,2887.34,238.0,237.0,2573.4,68,64,4,1,1,33
2023-11-01,Nov 2023,2024,2,Home & Kitchen,Southeast,134665.69,88215.4,46450.29,141538.98,6873.32,558.0,550.0,5952.29,157,146,11,6,4,75
2023-11-01,Nov 2023,2024,2,Home & Kitchen,Texas & Gulf,145223.03,95630.08,49592.96,152329.67,7106.54,579.0,572.0,6509.06,174,159,15,6,2,78
2023-11-01,Nov 2023,2024,2,Household Essentials,Mid-Atlantic,25273.86,19593.57,5680.29,26479.67,1205.73,385.0,380.0,3956.2,129,119,10,5,4,42
2023-11-01,Nov 2023,2024,2,Household Essentials,Midwest,75951.0,59208.78,16742.22,79482.49,3531.56,997.0,994.0,11553.76,306,278,28,3,2,95
2023-11-01,Nov 2023,2024,2,Household Essentials,Mountain West,28283.64,22199.1,6084.54,29653.53,1369.85,420.0,417.0,4465.3,140,127,13,3,1,50
2023-11-01,Nov 2023,2024,2,Household Essentials,Northeast,21442.53,16684.8,4757.73,22455.13,1012.62,297.0,295.0,3307.07,109,100,9,2,2,28
2023-11-01,Nov 2023,2024,2,Household Essentials,Pacific,26805.94,20417.98,6387.96,28100.65,1294.71,380.0,374.0,4069.98,133,125,8,5,3,42
2023-11-01,Nov 2023,2024,2,Household Essentials,Southeast,69556.18,53274.39,16281.79,72928.95,3372.79,931.0,911.0,10126.45,286,255,31,13,1,97
2023-11-01,Nov 2023,2024,2,Household Essentials,Texas & Gulf,70524.24,55168.03,15356.21,73940.36,3416.15,1047.0,1034.0,11015.88,309,280,29,12,4,90
2023-11-01,Nov 2023,2024,2,Meat & Seafood,Mid-Atlantic,37886.7,30839.8,7046.9,39820.68,1934.01,433.0,424.0,4919.78,150,137,13,8,3,43
2023-11-01,Nov 2023,2024,2,Meat & Seafood,Midwest,114879.47,94473.4,20406.07,120358.6,5479.13,1170.0,1148.0,13889.25,372,347,25,17,6,95
2023-11-01,Nov 2023,2024,2,Meat & Seafood,Mountain West,43439.47,35098.7,8340.78,45584.06,2144.66,473.0,463.0,5287.79,184,172,12,10,7,54
2023-11-01,Nov 2023,2024,2,Meat & Seafood,Northeast,41839.91,33590.86,8249.05,43985.7,2145.77,467.0,454.0,5140.49,146,138,8,12,2,30
2023-11-01,Nov 2023,2024,2,Meat & Seafood,Pacific,53566.07,42966.8,10599.27,56075.4,2509.37,581.0,557.0,6328.01,175,159,16,15,3,49
2023-11-01,Nov 2023,2024,2,Meat & Seafood,Southeast,88876.66,71838.63,17038.04,93270.37,4393.75,1001.0,962.0,11364.54,378,346,32,29,11,100
2023-11-01,Nov 2023,2024,2,Meat & Seafood,Texas & Gulf,93325.52,74714.33,18611.19,97791.03,4465.49,1034.0,997.0,11152.2,358,328,30,26,12,91
2023-11-01,Nov 2023,2024,2,Toys & Seasonal,Mid-Atlantic,25636.74,17494.48,8142.26,26746.64,1109.9,150.0,140.0,1451.48,33,29,4,3,1,27
2023-11-01,Nov 2023,2024,2,Toys & Seasonal,Midwest,77983.57,53106.65,24876.91,81573.68,3590.15,497.0,451.0,4255.75,83,80,3,11,4,45
2023-11-01,Nov 2023,2024,2,Toys & Seasonal,Mountain West,38042.6,27766.14,10276.46,39874.95,1832.34,219.0,210.0,2201.88,55,51,4,6,3,35
2023-11-01,Nov 2023,2024,2,Toys & Seasonal,Northeast,23232.67,16742.56,6490.11,24397.02,1164.38,151.0,139.0,1512.81,28,24,4,6,3,18
2023-11-01,Nov 2023,2024,2,Toys & Seasonal,Pacific,23411.46,16476.09,6935.37,24645.53,1234.07,167.0,143.0,1383.57,39,38,1,10,3,26
2023-11-01,Nov 2023,2024,2,Toys & Seasonal,Southeast,111994.51,77805.4,34189.11,116973.9,4979.38,598.0,562.0,6229.33,99,90,9,14,4,56
2023-11-01,Nov 2023,2024,2,Toys & Seasonal,Texas & Gulf,88509.34,62026.98,26482.36,92603.34,4094.1,484.0,455.0,4824.22,95,85,10,13,4,54
2023-12-01,Dec 2023,2024,3,Apparel,Mid-Atlantic,48351.96,29807.94,18544.02,50497.12,2145.15,262.0,258.0,2870.32,70,64,6,3,1,33
2023-12-01,Dec 2023,2024,3,Apparel,Midwest,132171.82,80294.78,51877.03,138537.16,6365.27,702.0,678.0,7608.21,173,159,14,15,5,79
2023-12-01,Dec 2023,2024,3,Apparel,Mountain West,52255.09,31481.05,20774.03,54603.76,2348.6,267.0,254.0,3003.35,87,77,10,7,2,45
2023-12-01,Dec 2023,2024,3,Apparel,Northeast,34010.23,20559.51,13450.71,35677.17,1666.95,187.0,173.0,2129.07,47,39,8,5,2,19
2023-12-01,Dec 2023,2024,3,Apparel,Pacific,57326.96,34903.44,22423.51,60162.47,2835.52,332.0,317.0,3422.54,84,80,4,9,4,35
2023-12-01,Dec 2023,2024,3,Apparel,Southeast,118506.23,70752.71,47753.52,124229.77,5723.52,625.0,608.0,6620.77,165,155,10,14,3,77
2023-12-01,Dec 2023,2024,3,Apparel,Texas & Gulf,129940.09,75800.57,54139.52,135958.54,6018.49,657.0,632.0,7245.57,179,169,10,12,4,81
2023-12-01,Dec 2023,2024,3,Dairy & Frozen,Mid-Atlantic,37734.39,30193.88,7540.51,39383.58,1649.18,843.0,841.0,9618.98,251,229,22,2,0,49
2023-12-01,Dec 2023,2024,3,Dairy & Frozen,Midwest,70367.06,56712.9,13654.16,73540.86,3173.79,1647.0,1617.0,18177.33,449,422,27,17,5,96
2023-12-01,Dec 2023,2024,3,Dairy & Frozen,Mountain West,25363.11,20231.59,5131.52,26555.54,1192.39,618.0,612.0,6272.74,207,192,15,6,2,57
2023-12-01,Dec 2023,2024,3,Dairy & Frozen,Northeast,18755.09,15032.92,3722.17,19615.92,860.87,454.0,445.0,4942.7,133,124,9,4,1,29
2023-12-01,Dec 2023,2024,3,Dairy & Frozen,Pacific,32613.16,26120.57,6492.6,34152.99,1539.89,765.0,755.0,8187.42,229,220,9,6,1,50
2023-12-01,Dec 2023,2024,3,Dairy & Frozen,Southeast,70568.74,57041.93,13526.81,73780.22,3211.54,1730.0,1714.0,18355.82,519,475,44,10,4,104
2023-12-01,Dec 2023,2024,3,Dairy & Frozen,Texas & Gulf,61118.36,48946.65,12171.71,64165.76,3047.27,1487.0,1466.0,15512.02,460,429,31,16,7,97
2023-12-01,Dec 2023,2024,3,Electronics,Mid-Atlantic,134816.25,119242.88,15573.37,141450.68,6634.45,143.0,135.0,1464.27,39,34,5,6,2,26
2023-12-01,Dec 2023,2024,3,Electronics,Midwest,367592.39,329156.94,38435.45,385009.44,17417.05,383.0,367.0,4088.18,79,77,2,8,2,48
2023-12-01,Dec 2023,2024,3,Electronics,Mountain West,150500.01,136251.52,14248.49,156801.18,6301.21,168.0,161.0,1542.26,44,41,3,4,3,28
2023-12-01,Dec 2023,2024,3,Electronics,Northeast,75716.74,70367.56,5349.18,78705.75,2989.0,89.0,80.0,811.35,25,24,1,6,3,16
2023-12-01,Dec 2023,2024,3,Electronics,Pacific,176247.83,156173.97,20073.86,184575.34,8327.48,191.0,189.0,1917.5,51,44,7,2,0,32
2023-12-01,Dec 2023,2024,3,Electronics,Southeast,385647.91,341831.26,43816.66,404784.33,19136.45,429.0,417.0,4271.86,88,80,8,6,1,50
2023-12-01,Dec 2023,2024,3,Electronics,Texas & Gulf,463760.9,408286.76,55474.14,483909.0,20148.11,478.0,438.0,4855.84,102,92,10,16,3,68
2023-12-01,Dec 2023,2024,3,Fresh & Produce,Mid-Atlantic,25653.98,19286.46,6367.52,26842.99,1189.02,941.0,875.0,9310.95,282,262,20,35,12,48
2023-12-01,Dec 2023,2024,3,Fresh & Produce,Midwest,57441.25,43277.87,14163.38,60180.21,2738.92,2040.0,1919.0,20991.99,605,559,46,62,23,101
2023-12-01,Dec 2023,2024,3,Fresh & Produce,Mountain West,20105.88,15115.63,4990.25,21035.5,929.69,761.0,708.0,7223.51,280,257,23,36,19,57
2023-12-01,Dec 2023,2024,3,Fresh & Produce,Northeast,12398.48,9520.18,2878.3,12965.48,567.08,487.0,453.0,4671.86,156,146,10,19,6,32
2023-12-01,Dec 2023,2024,3,Fresh & Produce,Pacific,24378.11,17948.07,6430.04,25543.67,1165.56,914.0,863.0,8425.59,301,277,24,31,9,53
2023-12-01,Dec 2023,2024,3,Fresh & Produce,Southeast,58823.11,43830.85,14992.26,61541.52,2718.51,2022.0,1894.0,20365.36,644,586,58,73,30,106
2023-12-01,Dec 2023,2024,3,Fresh & Produce,Texas & Gulf,56280.19,42401.19,13879.0,58880.68,2600.32,2003.0,1884.0,19848.59,619,564,55,73,33,99
2023-12-01,Dec 2023,2024,3,Grocery,Mid-Atlantic,83954.34,69166.1,14788.25,88100.74,4146.32,1834.0,1827.0,20849.1,496,465,31,5,1,50
2023-12-01,Dec 2023,2024,3,Grocery,Midwest,196157.5,162673.07,33484.43,205349.8,9192.13,4245.0,4223.0,48100.61,1103,1022,81,14,4,104
2023-12-01,Dec 2023,2024,3,Grocery,Mountain West,73599.95,60966.11,12633.84,77087.59,3487.57,1581.0,1568.0,18730.65,514,468,46,10,3,58
2023-12-01,Dec 2023,2024,3,Grocery,Northeast,61538.26,51114.43,10423.83,64454.8,2916.46,1384.0,1374.0,15266.58,356,327,29,8,3,32
2023-12-01,Dec 2023,2024,3,Grocery,Pacific,81396.4,65592.25,15804.15,85388.43,3991.87,1720.0,1710.0,19803.67,515,476,39,9,6,53
2023-12-01,Dec 2023,2024,3,Grocery,Southeast,181549.53,149000.48,32549.05,190387.04,8837.67,3924.0,3905.0,45251.59,1156,1064,92,13,2,107
2023-12-01,Dec 2023,2024,3,Grocery,Texas & Gulf,184334.34,151113.59,33220.76,193253.06,8918.41,3991.0,3962.0,45322.08,1088,1018,70,18,4,100
2023-12-01,Dec 2023,2024,3,Health & Wellness,Mid-Atlantic,68251.61,49941.06,18310.55,71509.21,3257.61,551.0,544.0,5912.67,180,164,16,5,3,46
2023-12-01,Dec 2023,2024,3,Health & Wellness,Midwest,125957.49,92282.15,33675.34,131915.09,5957.59,1082.0,1073.0,11132.81,350,324,26,8,3,93
2023-12-01,Dec 2023,2024,3,Health & Wellness,Mountain West,46793.12,34197.08,12596.04,48845.01,2051.91,373.0,370.0,3985.77,144,132,12,3,1,51
2023-12-01,Dec 2023,2024,3,Health & Wellness,Northeast,43116.24,31470.57,11645.66,45311.38,2195.11,330.0,328.0,3598.95,96,91,5,2,0,30
2023-12-01,Dec 2023,2024,3,Health & Wellness,Pacific,71079.14,51583.39,19495.75,74524.99,3445.86,578.0,569.0,6230.84,186,172,14,5,2,47
2023-12-01,Dec 2023,2024,3,Health & Wellness,Southeast,135721.12,99426.0,36295.12,142076.63,6355.63,1096.0,1083.0,11614.38,360,326,34,9,4,100
2023-12-01,Dec 2023,2024,3,Health & Wellness,Texas & Gulf,135034.42,97117.56,37916.86,141456.54,6422.33,1082.0,1074.0,11469.5,338,312,26,6,0,95
2023-12-01,Dec 2023,2024,3,Home & Kitchen,Mid-Atlantic,82727.29,53175.96,29551.32,86448.75,3721.43,299.0,296.0,3353.25,91,86,5,2,1,36
2023-12-01,Dec 2023,2024,3,Home & Kitchen,Midwest,184892.68,122831.85,62060.83,193253.36,8360.69,714.0,699.0,8004.68,170,154,16,10,2,76
2023-12-01,Dec 2023,2024,3,Home & Kitchen,Mountain West,50193.89,34190.05,16003.84,52730.7,2536.77,198.0,195.0,2151.47,75,70,5,3,2,39
2023-12-01,Dec 2023,2024,3,Home & Kitchen,Northeast,42718.08,28276.43,14441.65,44769.34,2051.28,165.0,161.0,1792.4,50,46,4,3,0,22
2023-12-01,Dec 2023,2024,3,Home & Kitchen,Pacific,113447.83,74113.2,39334.63,119208.56,5760.67,442.0,426.0,4911.75,102,94,8,6,1,43
2023-12-01,Dec 2023,2024,3,Home & Kitchen,Southeast,166948.27,109592.54,57355.74,175036.89,8088.68,685.0,667.0,7242.88,201,188,13,10,2,85
2023-12-01,Dec 2023,2024,3,Home & Kitchen,Texas & Gulf,187053.62,120036.05,67017.56,195194.42,8140.86,639.0,630.0,7641.34,176,169,7,6,2,74
2023-12-01,Dec 2023,2024,3,Household Essentials,Mid-Atlantic,31084.06,24300.93,6783.12,32639.22,1555.17,431.0,426.0,4756.55,137,122,15,2,0,42
2023-12-01,Dec 2023,2024,3,Household Essentials,Midwest,61733.87,47569.05,14164.82,64687.36,2953.47,863.0,858.0,9309.3,287,269,18,5,4,92
2023-12-01,Dec 2023,2024,3,Household Essentials,Mountain West,23251.35,17897.56,5353.79,24463.84,1212.48,332.0,329.0,3403.05,141,128,13,2,1,52
2023-12-01,Dec 2023,2024,3,Household Essentials,Northeast,18363.61,14402.8,3960.82,19296.25,932.62,263.0,262.0,2765.2,85,81,4,1,1,26
2023-12-01,Dec 2023,2024,3,Household Essentials,Pacific,32491.15,25127.72,7363.43,33996.4,1505.23,496.0,493.0,5314.99,139,130,9,3,1,46
2023-12-01,Dec 2023,2024,3,Household Essentials,Southeast,65400.79,50677.37,14723.41,68436.73,3035.98,932.0,926.0,9987.2,300,274,26,5,1,99
2023-12-01,Dec 2023,2024,3,Household Essentials,Texas & Gulf,65072.02,50526.52,14545.5,68031.32,2959.37,890.0,882.0,9962.05,304,282,22,6,1,92
2023-12-01,Dec 2023,2024,3,Meat & Seafood,Mid-Atlantic,52037.09,42055.06,9982.02,54628.03,2590.91,582.0,560.0,6355.95,156,148,8,17,10,46
2023-12-01,Dec 2023,2024,3,Meat & Seafood,Midwest,118061.03,96269.43,21791.6,123648.52,5587.28,1294.0,1254.0,14708.35,368,345,23,25,8,99
2023-12-01,Dec 2023,2024,3,Meat & Seafood,Mountain West,40408.84,32562.14,7846.71,42172.99,1764.16,429.0,409.0,5012.04,155,146,9,14,5,52
2023-12-01,Dec 2023,2024,3,Meat & Seafood,Northeast,34170.97,27729.32,6441.66,35734.1,1563.16,333.0,305.0,4004.39,108,101,7,10,3,30
2023-12-01,Dec 2023,2024,3,Meat & Seafood,Pacific,50567.18,41215.73,9351.45,53143.42,2576.25,562.0,541.0,6217.3,171,148,23,13,6,51
2023-12-01,Dec 2023,2024,3,Meat & Seafood,Southeast,107691.02,87453.64,20237.38,112781.95,5090.94,1188.0,1130.0,13096.97,370,344,26,32,11,95
2023-12-01,Dec 2023,2024,3,Meat & Seafood,Texas & Gulf,108927.73,87689.98,21237.75,114018.12,5090.45,1189.0,1155.0,13039.79,360,328,32,19,3,97
2023-12-01,Dec 2023,2024,3,Toys & Seasonal,Mid-Atlantic,45619.94,33091.35,12528.59,47832.99,2213.03,251.0,235.0,2718.27,42,41,1,2,0,27
2023-12-01,Dec 2023,2024,3,Toys & Seasonal,Midwest,118467.02,81963.43,36503.59,124062.08,5595.06,780.0,732.0,6655.06,100,88,12,16,2,60
2023-12-01,Dec 2023,2024,3,Toys & Seasonal,Mountain West,35890.69,25406.59,10484.11,37460.83,1570.11,203.0,178.0,2087.26,34,29,5,7,2,27
2023-12-01,Dec 2023,2024,3,Toys & Seasonal,Northeast,25543.65,17708.09,7835.56,26536.04,992.37,139.0,129.0,1350.91,32,30,2,3,1,18
2023-12-01,Dec 2023,2024,3,Toys & Seasonal,Pacific,40898.73,28556.56,12342.17,42885.74,1986.97,249.0,224.0,2251.42,39,38,1,4,0,28
2023-12-01,Dec 2023,2024,3,Toys & Seasonal,Southeast,86250.12,58808.23,27441.89,90602.78,4352.68,467.0,435.0,4724.54,90,84,6,15,4,60
2023-12-01,Dec 2023,2024,3,Toys & Seasonal,Texas & Gulf,102688.22,70887.11,31801.11,107958.28,5270.09,594.0,536.0,5592.69,97,87,10,16,4,55
2024-01-01,Jan 2024,2024,-8,Apparel,Mid-Atlantic,36696.77,21694.56,15002.22,38401.11,1704.31,186.0,178.0,1986.86,77,72,5,7,2,34
2024-01-01,Jan 2024,2024,-8,Apparel,Midwest,67298.12,40632.19,26665.93,70296.16,2998.17,383.0,373.0,3923.12,149,139,10,7,1,78
2024-01-01,Jan 2024,2024,-8,Apparel,Mountain West,31599.47,18877.61,12721.86,32959.55,1360.08,172.0,169.0,1821.64,86,82,4,3,2,43
2024-01-01,Jan 2024,2024,-8,Apparel,Northeast,27226.74,16769.3,10457.44,28428.59,1201.85,135.0,133.0,1508.12,46,39,7,1,0,21
2024-01-01,Jan 2024,2024,-8,Apparel,Pacific,41605.97,24466.46,17139.51,43344.74,1738.78,234.0,231.0,2456.08,82,76,6,3,1,41
2024-01-01,Jan 2024,2024,-8,Apparel,Southeast,91464.77,54677.11,36787.66,95711.2,4246.38,443.0,431.0,5145.97,184,167,17,10,5,77
2024-01-01,Jan 2024,2024,-8,Apparel,Texas & Gulf,79923.26,47584.71,32338.55,83608.15,3684.92,417.0,411.0,4574.48,161,158,3,6,4,73
2024-01-01,Jan 2024,2024,-8,Dairy & Frozen,Mid-Atlantic,24863.94,20192.2,4671.74,26012.21,1148.13,619.0,612.0,6290.1,207,188,19,5,1,45
2024-01-01,Jan 2024,2024,-8,Dairy & Frozen,Midwest,64204.02,52308.99,11895.03,67254.48,3050.35,1536.0,1519.0,16659.05,457,419,38,13,5,100
2024-01-01,Jan 2024,2024,-8,Dairy & Frozen,Mountain West,20503.73,16471.79,4031.95,21422.2,918.38,507.0,500.0,5492.83,195,181,14,5,3,51
2024-01-01,Jan 2024,2024,-8,Dairy & Frozen,Northeast,22592.64,18358.64,4233.99,23721.27,1128.57,575.0,566.0,5694.82,164,148,16,6,2,31
2024-01-01,Jan 2024,2024,-8,Dairy & Frozen,Pacific,32784.57,25984.03,6800.54,34359.73,1575.24,735.0,728.0,8281.07,227,213,14,5,1,52
2024-01-01,Jan 2024,2024,-8,Dairy & Frozen,Southeast,58242.45,46588.85,11653.6,60996.14,2753.86,1376.0,1344.0,14403.56,484,445,39,22,11,101
2024-01-01,Jan 2024,2024,-8,Dairy & Frozen,Texas & Gulf,52910.92,42404.1,10506.82,55401.93,2490.87,1223.0,1213.0,13607.5,413,378,35,9,1,98
2024-01-01,Jan 2024,2024,-8,Electronics,Mid-Atlantic,74810.21,65437.56,9372.64,77810.62,3000.43,77.0,76.0,784.24,35,33,2,1,1,25
2024-01-01,Jan 2024,2024,-8,Electronics,Midwest,242469.92,219394.7,23075.23,254461.93,11991.99,274.0,241.0,2519.11,86,78,8,14,6,55
2024-01-01,Jan 2024,2024,-8,Electronics,Mountain West,108228.31,96298.79,11929.52,113901.51,5673.2,114.0,108.0,1218.25,50,46,4,4,3,36
2024-01-01,Jan 2024,2024,-8,Electronics,Northeast,64062.39,57578.58,6483.81,67467.66,3405.23,67.0,61.0,695.84,27,24,3,3,2,18
2024-01-01,Jan 2024,2024,-8,Electronics,Pacific,116559.3,105950.03,10609.27,122438.08,5878.78,120.0,114.0,1289.65,37,34,3,3,1,24
2024-01-01,Jan 2024,2024,-8,Electronics,Southeast,268933.9,239749.51,29184.39,280988.33,12054.43,264.0,253.0,2775.46,96,89,7,10,7,63
2024-01-01,Jan 2024,2024,-8,Electronics,Texas & Gulf,173516.91,151907.51,21609.4,182962.43,9445.49,177.0,172.0,1894.77,72,67,5,4,1,46
2024-01-01,Jan 2024,2024,-8,Fresh & Produce,Mid-Atlantic,23785.4,17747.21,6038.19,24934.4,1148.96,836.0,790.0,8346.31,284,259,25,29,13,47
2024-01-01,Jan 2024,2024,-8,Fresh & Produce,Midwest,53019.0,39882.6,13136.41,55507.87,2488.82,1943.0,1829.0,18503.86,578,533,45,58,24,101
2024-01-01,Jan 2024,2024,-8,Fresh & Produce,Mountain West,16514.96,12316.69,4198.27,17287.22,772.22,583.0,542.0,5685.13,246,221,25,29,13,55
2024-01-01,Jan 2024,2024,-8,Fresh & Produce,Northeast,15092.58,11499.73,3592.85,15758.03,665.47,546.0,504.0,5337.5,179,162,17,23,11,29
2024-01-01,Jan 2024,2024,-8,Fresh & Produce,Pacific,25075.31,18509.55,6565.76,26241.42,1166.05,857.0,820.0,8891.48,291,269,22,25,16,50
2024-01-01,Jan 2024,2024,-8,Fresh & Produce,Southeast,49466.19,37320.64,12145.56,51888.23,2422.08,1776.0,1644.0,17752.37,606,568,38,72,30,103
2024-01-01,Jan 2024,2024,-8,Fresh & Produce,Texas & Gulf,39739.28,29519.73,10219.55,41623.72,1884.48,1476.0,1361.0,13749.58,509,477,32,65,25,100
2024-01-01,Jan 2024,2024,-8,Grocery,Mid-Atlantic,72153.66,58709.58,13444.08,75531.25,3377.5,1593.0,1576.0,17844.48,507,464,43,12,3,48
2024-01-01,Jan 2024,2024,-8,Grocery,Midwest,141689.74,116497.58,25192.16,148431.29,6741.63,3218.0,3201.0,35975.13,981,906,75,16,8,101
2024-01-01,Jan 2024,2024,-8,Grocery,Mountain West,56362.41,45898.72,10463.68,59090.52,2728.19,1210.0,1205.0,13620.22,489,447,42,5,3,56
2024-01-01,Jan 2024,2024,-8,Grocery,Northeast,50768.44,42454.79,8313.65,53256.04,2487.54,1204.0,1196.0,13436.39,356,325,31,5,1,32
2024-01-01,Jan 2024,2024,-8,Grocery,Pacific,69837.91,56838.93,12998.98,73294.89,3456.86,1529.0,1517.0,17352.87,481,439,42,9,3,53
2024-01-01,Jan 2024,2024,-8,Grocery,Southeast,151929.76,124271.53,27658.23,159164.09,7234.51,3412.0,3379.0,37871.23,1140,1047,93,25,12,105
2024-01-01,Jan 2024,2024,-8,Grocery,Texas & Gulf,149022.17,122797.77,26224.4,156102.66,7080.19,3314.0,3292.0,37520.06,1019,941,78,17,7,101
2024-01-01,Jan 2024,2024,-8,Health & Wellness,Mid-Atlantic,69571.2,50382.02,19189.18,73118.24,3547.02,538.0,536.0,5865.8,160,147,13,1,0,43
2024-01-01,Jan 2024,2024,-8,Health & Wellness,Midwest,163640.68,117889.38,45751.29,171572.81,7932.13,1273.0,1261.0,14104.92,305,289,16,10,5,96
2024-01-01,Jan 2024,2024,-8,Health & Wellness,Mountain West,67337.68,49087.96,18249.72,70400.99,3063.4,536.0,530.0,5822.78,151,136,15,6,4,48
2024-01-01,Jan 2024,2024,-8,Health & Wellness,Northeast,53449.65,38754.98,14694.67,56133.66,2684.06,415.0,414.0,4465.97,100,91,9,1,1,27
2024-01-01,Jan 2024,2024,-8,Health & Wellness,Pacific,66993.71,48299.05,18694.66,70172.94,3179.23,524.0,524.0,5675.2,165,154,11,0,0,49
2024-01-01,Jan 2024,2024,-8,Health & Wellness,Southeast,169488.42,123263.54,46224.88,177333.83,7845.37,1364.0,1354.0,14558.33,369,339,30,8,5,98
2024-01-01,Jan 2024,2024,-8,Health & Wellness,Texas & Gulf,141503.09,102107.46,39395.63,148138.46,6635.5,1131.0,1124.0,12252.08,304,278,26,7,1,89
2024-01-01,Jan 2024,2024,-8,Home & Kitchen,Mid-Atlantic,78983.83,50832.89,28150.93,82905.37,3921.55,289.0,285.0,3346.43,83,76,7,3,2,37
2024-01-01,Jan 2024,2024,-8,Home & Kitchen,Midwest,152280.7,99573.32,52707.38,159468.57,7187.82,540.0,536.0,6307.61,166,154,12,4,1,79
2024-01-01,Jan 2024,2024,-8,Home & Kitchen,Mountain West,39669.95,26286.54,13383.4,41375.87,1705.89,177.0,175.0,1763.34,71,65,6,2,2,35
2024-01-01,Jan 2024,2024,-8,Home & Kitchen,Northeast,71502.61,46692.6,24810.02,74942.59,3439.93,270.0,267.0,2978.5,82,79,3,3,3,28
2024-01-01,Jan 2024,2024,-8,Home & Kitchen,Pacific,58877.4,37725.47,21151.93,61555.47,2678.06,230.0,224.0,2555.22,84,75,9,4,0,39
2024-01-01,Jan 2024,2024,-8,Home & Kitchen,Southeast,136897.51,88232.18,48665.33,143068.8,6171.21,546.0,534.0,5686.11,186,164,22,8,3,87
2024-01-01,Jan 2024,2024,-8,Home & Kitchen,Texas & Gulf,132679.89,86582.45,46097.44,138759.92,6080.02,486.0,479.0,5545.85,163,154,9,5,2,77
2024-01-01,Jan 2024,2024,-8,Household Essentials,Mid-Atlantic,27568.32,20897.15,6671.18,28939.29,1370.89,401.0,398.0,3967.71,139,132,7,3,0,44
2024-01-01,Jan 2024,2024,-8,Household Essentials,Midwest,70676.53,54826.36,15850.18,74234.58,3558.04,1077.0,1063.0,11012.76,315,294,21,11,5,93
2024-01-01,Jan 2024,2024,-8,Household Essentials,Mountain West,24210.49,18519.67,5690.82,25363.06,1152.63,333.0,331.0,3640.56,139,129,10,2,0,47
2024-01-01,Jan 2024,2024,-8,Household Essentials,Northeast,30222.21,23476.75,6745.46,31560.52,1338.36,405.0,405.0,4679.49,116,106,10,0,0,27
2024-01-01,Jan 2024,2024,-8,Household Essentials,Pacific,36828.93,27926.11,8902.82,38565.23,1736.27,504.0,502.0,5312.44,154,143,11,2,0,47
2024-01-01,Jan 2024,2024,-8,Household Essentials,Southeast,74794.78,57906.42,16888.35,78254.0,3459.26,1106.0,1092.0,11421.23,347,320,27,12,4,95
2024-01-01,Jan 2024,2024,-8,Household Essentials,Texas & Gulf,51473.26,39855.46,11617.81,53893.04,2419.76,783.0,779.0,7793.66,248,230,18,3,1,88
2024-01-01,Jan 2024,2024,-8,Meat & Seafood,Mid-Atlantic,39882.58,32024.45,7858.14,41878.81,1996.27,439.0,417.0,4974.4,175,161,14,15,8,45
2024-01-01,Jan 2024,2024,-8,Meat & Seafood,Midwest,90240.56,73509.45,16731.11,94591.53,4351.12,1006.0,981.0,11012.9,329,303,26,18,6,93
2024-01-01,Jan 2024,2024,-8,Meat & Seafood,Mountain West,33581.33,26676.35,6904.98,35075.97,1494.62,362.0,344.0,4162.83,153,141,12,12,5,50
2024-01-01,Jan 2024,2024,-8,Meat & Seafood,Northeast,42030.56,34352.75,7677.81,43959.89,1929.3,416.0,408.0,5054.18,127,118,9,7,5,30
2024-01-01,Jan 2024,2024,-8,Meat & Seafood,Pacific,37948.77,30355.23,7593.54,39881.76,1933.03,406.0,393.0,4667.25,164,152,12,10,3,48
2024-01-01,Jan 2024,2024,-8,Meat & Seafood,Southeast,100820.05,81494.47,19325.58,105512.93,4692.77,1107.0,1054.0,12398.62,381,349,32,37,16,95
2024-01-01,Jan 2024,2024,-8,Meat & Seafood,Texas & Gulf,89986.22,75082.6,14903.62,94425.59,4439.18,1015.0,976.0,11294.91,357,326,31,23,9,92
2024-01-01,Jan 2024,2024,-8,Toys & Seasonal,Mid-Atlantic,15136.35,10626.86,4509.5,15843.27,706.91,92.0,80.0,875.49,48,44,4,10,7,29
2024-01-01,Jan 2024,2024,-8,Toys & Seasonal,Midwest,26039.59,17669.65,8369.94,27234.88,1195.3,167.0,154.0,1495.37,72,64,8,8,5,51
2024-01-01,Jan 2024,2024,-8,Toys & Seasonal,Mountain West,14131.21,9860.72,4270.49,14760.27,629.08,71.0,66.0,766.3,39,37,2,4,3,29
2024-01-01,Jan 2024,2024,-8,Toys & Seasonal,Northeast,11508.36,8308.51,3199.85,12102.67,594.31,73.0,64.0,679.08,32,31,1,6,3,17
2024-01-01,Jan 2024,2024,-8,Toys & Seasonal,Pacific,14429.78,10231.72,4198.06,15222.22,792.42,85.0,80.0,836.86,53,47,6,4,2,31
2024-01-01,Jan 2024,2024,-8,Toys & Seasonal,Southeast,29600.28,20650.03,8950.25,30957.46,1357.22,171.0,155.0,1684.8,91,84,7,13,9,59
2024-01-01,Jan 2024,2024,-8,Toys & Seasonal,Texas & Gulf,37457.32,26370.61,11086.72,39177.67,1720.29,207.0,192.0,2118.34,100,92,8,10,7,62
2024-02-01,Feb 2024,2024,-7,Apparel,Mid-Atlantic,56900.34,34090.68,22809.66,59693.81,2793.44,283.0,275.0,3306.66,100,95,5,5,2,43
2024-02-01,Feb 2024,2024,-7,Apparel,Midwest,85868.08,52134.68,33733.4,89901.5,4033.46,470.0,459.0,5134.33,158,144,14,9,5,75
2024-02-01,Feb 2024,2024,-7,Apparel,Mountain West,38401.34,22600.67,15800.66,40147.49,1746.16,214.0,203.0,2208.87,97,85,12,9,5,43
2024-02-01,Feb 2024,2024,-7,Apparel,Northeast,27516.28,16764.54,10751.73,28852.74,1336.47,149.0,146.0,1636.33,51,46,5,3,3,22
2024-02-01,Feb 2024,2024,-7,Apparel,Pacific,54695.55,32020.25,22675.3,57397.46,2701.86,290.0,280.0,3076.63,94,90,4,7,3,44
2024-02-01,Feb 2024,2024,-7,Apparel,Southeast,102299.64,61170.06,41129.58,107244.97,4945.28,577.0,562.0,5874.99,184,164,20,10,4,81
2024-02-01,Feb 2024,2024,-7,Apparel,Texas & Gulf,86779.67,51960.18,34819.49,91189.42,4409.76,440.0,433.0,4965.11,156,141,15,5,3,66
2024-02-01,Feb 2024,2024,-7,Dairy & Frozen,Mid-Atlantic,29436.92,23731.65,5705.28,30882.83,1445.84,688.0,678.0,7453.32,211,196,15,10,5,45
2024-02-01,Feb 2024,2024,-7,Dairy & Frozen,Midwest,64864.58,53000.68,11863.9,67802.28,2937.62,1530.0,1508.0,16853.77,466,428,38,18,3,98
2024-02-01,Feb 2024,2024,-7,Dairy & Frozen,Mountain West,28967.04,23148.48,5818.56,30278.47,1311.41,672.0,669.0,7324.02,237,220,17,3,1,54
2024-02-01,Feb 2024,2024,-7,Dairy & Frozen,Northeast,23035.5,18746.51,4288.99,24102.74,1067.35,549.0,542.0,5918.76,172,157,15,5,3,30
2024-02-01,Feb 2024,2024,-7,Dairy & Frozen,Pacific,29507.13,23433.75,6073.38,30855.37,1348.19,670.0,662.0,7175.17,218,199,19,8,5,50
2024-02-01,Feb 2024,2024,-7,Dairy & Frozen,Southeast,54967.08,43663.27,11303.82,57638.31,2671.33,1363.0,1344.0,13997.53,459,424,35,17,7,99
2024-02-01,Feb 2024,2024,-7,Dairy & Frozen,Texas & Gulf,51167.26,41493.8,9673.46,53619.99,2452.59,1263.0,1243.0,13290.3,413,383,30,13,8,92
2024-02-01,Feb 2024,2024,-7,Electronics,Mid-Atlantic,88986.48,80521.53,8464.95,93119.1,4132.62,105.0,95.0,998.21,43,42,1,7,3,26
2024-02-01,Feb 2024,2024,-7,Electronics,Midwest,259445.88,234896.45,24549.44,271196.47,11750.57,285.0,269.0,2868.09,103,100,3,8,2,57
2024-02-01,Feb 2024,2024,-7,Electronics,Mountain West,109481.5,97095.41,12386.1,114996.5,5514.98,112.0,107.0,1182.35,47,42,5,4,4,31
2024-02-01,Feb 2024,2024,-7,Electronics,Northeast,41145.29,36752.88,4392.4,42750.35,1605.06,44.0,40.0,419.16,21,18,3,2,1,15
2024-02-01,Feb 2024,2024,-7,Electronics,Pacific,157231.82,139773.21,17458.62,163717.07,6485.29,156.0,150.0,1791.25,50,47,3,4,3,32
2024-02-01,Feb 2024,2024,-7,Electronics,Southeast,275769.93,244577.81,31192.12,288377.74,12607.81,295.0,280.0,3007.24,107,93,14,10,7,64
2024-02-01,Feb 2024,2024,-7,Electronics,Texas & Gulf,180107.06,161138.56,18968.51,188690.97,8583.93,198.0,193.0,1999.69,75,70,5,4,3,48
2024-02-01,Feb 2024,2024,-7,Fresh & Produce,Mid-Atlantic,22137.69,16564.16,5573.53,23181.06,1043.36,812.0,749.0,7996.96,288,262,26,36,17,49
2024-02-01,Feb 2024,2024,-7,Fresh & Produce,Midwest,49526.74,37134.46,12392.29,51926.27,2399.71,1740.0,1652.0,17228.05,576,525,51,51,22,97
2024-02-01,Feb 2024,2024,-7,Fresh & Produce,Mountain West,19134.14,14115.88,5018.26,20036.06,901.96,673.0,631.0,6771.94,285,264,21,29,14,55
2024-02-01,Feb 2024,2024,-7,Fresh & Produce,Northeast,17315.18,12998.9,4316.28,18178.41,863.31,641.0,609.0,6444.65,213,203,10,20,6,32
2024-02-01,Feb 2024,2024,-7,Fresh & Produce,Pacific,21359.53,15632.43,5727.1,22397.52,1037.85,714.0,676.0,7534.84,270,252,18,25,13,53
2024-02-01,Feb 2024,2024,-7,Fresh & Produce,Southeast,49447.06,36716.29,12730.77,51827.58,2380.55,1689.0,1566.0,17032.0,632,584,48,77,33,104
2024-02-01,Feb 2024,2024,-7,Fresh & Produce,Texas & Gulf,44891.86,33771.34,11120.52,47025.91,2133.99,1650.0,1547.0,15887.63,606,558,48,66,33,95
2024-02-01,Feb 2024,2024,-7,Grocery,Mid-Atlantic,70098.55,57988.97,12109.59,73416.79,3318.22,1609.0,1599.0,17482.17,513,470,43,10,4,49
2024-02-01,Feb 2024,2024,-7,Grocery,Midwest,159611.35,131929.87,27681.49,167099.82,7488.34,3525.0,3501.0,39505.58,1085,1000,85,22,9,101
2024-02-01,Feb 2024,2024,-7,Grocery,Mountain West,59724.1,48636.5,11087.61,62478.14,2754.17,1372.0,1358.0,14875.1,524,466,58,12,3,56
2024-02-01,Feb 2024,2024,-7,Grocery,Northeast,52775.25,44383.34,8391.91,55345.78,2570.5,1201.0,1189.0,13951.8,338,307,31,6,1,31
2024-02-01,Feb 2024,2024,-7,Grocery,Pacific,66017.82,53352.33,12665.49,69184.87,3167.12,1428.0,1414.0,16203.38,500,448,52,11,9,53
2024-02-01,Feb 2024,2024,-7,Grocery,Southeast,142599.3,116908.49,25690.8,149447.79,6848.45,3215.0,3186.0,35659.41,1084,1011,73,24,8,106
2024-02-01,Feb 2024,2024,-7,Grocery,Texas & Gulf,129757.7,105784.65,23973.05,135776.98,6019.41,2910.0,2882.0,32512.64,952,870,82,20,6,98
2024-02-01,Feb 2024,2024,-7,Health & Wellness,Mid-Atlantic,74640.52,54640.26,20000.27,78383.12,3742.6,631.0,631.0,6617.98,164,152,12,0,0,46
2024-02-01,Feb 2024,2024,-7,Health & Wellness,Midwest,136605.34,100496.51,36108.83,143137.95,6532.54,1127.0,1117.0,11868.91,326,304,22,8,0,90
2024-02-01,Feb 2024,2024,-7,Health & Wellness,Mountain West,57606.32,41643.12,15963.2,60288.52,2682.2,452.0,446.0,4899.51,177,164,13,5,3,53
2024-02-01,Feb 2024,2024,-7,Health & Wellness,Northeast,44072.88,32621.21,11451.67,46063.07,1990.18,350.0,347.0,3874.77,101,93,8,3,1,29
2024-02-01,Feb 2024,2024,-7,Health & Wellness,Pacific,60095.21,43194.26,16900.95,62834.13,2738.9,485.0,476.0,5012.97,151,140,11,7,3,48
2024-02-01,Feb 2024,2024,-7,Health & Wellness,Southeast,148867.03,106524.69,42342.34,156273.64,7406.51,1138.0,1128.0,12173.67,353,323,30,8,3,95
2024-02-01,Feb 2024,2024,-7,Health & Wellness,Texas & Gulf,155359.47,111078.18,44281.29,162849.57,7490.05,1118.0,1112.0,12798.77,302,282,20,6,1,87
2024-02-01,Feb 2024,2024,-7,Home & Kitchen,Mid-Atlantic,66869.81,43730.75,23139.06,70131.29,3261.54,229.0,228.0,2738.28,93,88,5,1,0,40
2024-02-01,Feb 2024,2024,-7,Home & Kitchen,Midwest,147960.22,98296.51,49663.72,155682.71,7722.53,563.0,557.0,6258.36,176,161,15,4,2,73
2024-02-01,Feb 2024,2024,-7,Home & Kitchen,Mountain West,50068.34,32647.34,17420.99,52476.86,2408.57,182.0,179.0,2148.39,83,78,5,3,1,44
2024-02-01,Feb 2024,2024,-7,Home & Kitchen,Northeast,55960.21,37560.08,18400.13,59047.79,3087.59,208.0,205.0,2422.62,61,59,2,2,0,27
2024-02-01,Feb 2024,2024,-7,Home & Kitchen,Pacific,71306.5,44882.74,26423.76,74663.43,3356.96,228.0,226.0,2786.89,82,71,11,2,2,41
2024-02-01,Feb 2024,2024,-7,Home & Kitchen,Southeast,128885.52,83487.87,45397.65,135153.08,6267.52,498.0,492.0,5630.01,180,169,11,5,1,78
2024-02-01,Feb 2024,2024,-7,Home & Kitchen,Texas & Gulf,135289.71,86818.04,48471.67,141887.52,6597.91,508.0,504.0,5550.45,175,162,13,3,0,74
2024-02-01,Feb 2024,2024,-7,Household Essentials,Mid-Atlantic,33509.68,25775.03,7734.65,35012.27,1502.55,516.0,508.0,5244.0,155,141,14,5,2,41
2024-02-01,Feb 2024,2024,-7,Household Essentials,Midwest,71814.83,55323.93,16490.9,75445.52,3630.73,995.0,993.0,10980.88,298,270,28,2,0,89
2024-02-01,Feb 2024,2024,-7,Household Essentials,Mountain West,27597.6,21117.09,6480.5,28945.18,1347.61,405.0,403.0,4222.88,147,135,12,2,0,49
2024-02-01,Feb 2024,2024,-7,Household Essentials,Northeast,25690.94,20071.74,5619.21,26791.1,1100.1,363.0,361.0,3788.92,95,86,9,2,2,29
2024-02-01,Feb 2024,2024,-7,Household Essentials,Pacific,30038.99,22532.08,7506.91,31491.11,1452.15,433.0,429.0,4523.77,139,129,10,3,1,47
2024-02-01,Feb 2024,2024,-7,Household Essentials,Southeast,77005.13,59239.88,17765.24,80493.94,3488.81,1100.0,1094.0,11799.61,345,322,23,3,0,91
2024-02-01,Feb 2024,2024,-7,Household Essentials,Texas & Gulf,61977.57,47214.64,14762.93,65046.96,3069.35,873.0,864.0,9206.26,291,267,24,6,1,85
2024-02-01,Feb 2024,2024,-7,Meat & Seafood,Mid-Atlantic,45761.88,37257.33,8504.56,47882.85,2120.96,530.0,504.0,5676.06,182,174,8,19,9,47
2024-02-01,Feb 2024,2024,-7,Meat & Seafood,Midwest,107580.48,87983.88,19596.6,112884.65,5304.3,1150.0,1102.0,13771.43,388,359,29,31,17,95
2024-02-01,Feb 2024,2024,-7,Meat & Seafood,Mountain West,43699.3,34978.49,8720.81,45772.93,2073.63,457.0,425.0,5283.79,184,156,28,15,7,51
2024-02-01,Feb 2024,2024,-7,Meat & Seafood,Northeast,44303.74,36115.73,8188.0,46451.64,2147.93,491.0,479.0,5739.89,143,135,8,6,1,32
2024-02-01,Feb 2024,2024,-7,Meat & Seafood,Pacific,39737.85,32072.91,7664.93,41458.44,1720.48,454.0,430.0,5109.56,161,151,10,15,6,48
2024-02-01,Feb 2024,2024,-7,Meat & Seafood,Southeast,97515.65,77883.14,19632.52,102186.43,4670.68,1071.0,1019.0,11819.13,394,360,34,31,12,99
2024-02-01,Feb 2024,2024,-7,Meat & Seafood,Texas & Gulf,71591.11,58725.53,12865.58,75303.65,3712.55,815.0,770.0,8814.05,305,284,21,27,7,89
2024-02-01,Feb 2024,2024,-7,Toys & Seasonal,Mid-Atlantic,17514.56,12344.18,5170.39,18195.64,681.1,97.0,87.0,983.41,52,47,5,8,7,27
2024-02-01,Feb 2024,2024,-7,Toys & Seasonal,Midwest,38112.77,28569.69,9543.07,39854.36,1741.62,240.0,224.0,2346.2,98,87,11,12,9,62
2024-02-01,Feb 2024,2024,-7,Toys & Seasonal,Mountain West,15103.75,10723.07,4380.68,15803.14,699.4,77.0,75.0,824.71,48,46,2,2,2,37
2024-02-01,Feb 2024,2024,-7,Toys & Seasonal,Northeast,20936.91,15065.26,5871.65,21904.11,967.19,115.0,110.0,1168.53,42,37,5,4,3,22
2024-02-01,Feb 2024,2024,-7,Toys & Seasonal,Pacific,9441.51,6618.74,2822.76,9815.87,374.33,65.0,60.0,582.89,30,28,2,3,2,22
2024-02-01,Feb 2024,2024,-7,Toys & Seasonal,Southeast,40737.84,28873.77,11864.07,42531.02,1793.22,241.0,215.0,2303.59,115,109,6,17,11,69
2024-02-01,Feb 2024,2024,-7,Toys & Seasonal,Texas & Gulf,28949.24,20374.45,8574.78,30242.69,1293.46,171.0,159.0,1627.35,87,78,9,10,8,55
2024-03-01,Mar 2024,2024,-6,Apparel,Mid-Atlantic,45118.69,27019.75,18098.94,47091.04,1972.34,278.0,270.0,2662.43,76,72,4,4,0,33
2024-03-01,Mar 2024,2024,-6,Apparel,Midwest,92439.92,54232.6,38207.32,96893.07,4453.18,526.0,508.0,5224.84,157,144,13,8,1,75
2024-03-01,Mar 2024,2024,-6,Apparel,Mountain West,58887.24,34198.84,24688.4,61614.71,2727.5,286.0,275.0,3304.86,108,100,8,8,3,47
2024-03-01,Mar 2024,2024,-6,Apparel,Northeast,37849.91,22713.11,15136.8,39399.69,1549.75,198.0,182.0,1996.63,58,54,4,8,3,22
2024-03-01,Mar 2024,2024,-6,Apparel,Pacific,44221.08,26882.92,17338.16,46503.84,2282.79,273.0,262.0,2536.14,81,70,11,5,1,39
2024-03-01,Mar 2024,2024,-6,Apparel,Southeast,133832.19,79530.6,54301.59,139671.32,5839.16,667.0,652.0,7521.03,176,160,16,10,3,79
2024-03-01,Mar 2024,2024,-6,Apparel,Texas & Gulf,137909.66,83968.2,53941.46,144176.11,6266.51,746.0,733.0,7855.75,191,170,21,9,3,76
2024-03-01,Mar 2024,2024,-6,Dairy & Frozen,Mid-Atlantic,33126.58,26861.83,6264.74,34749.94,1623.27,754.0,739.0,8321.84,238,215,23,9,1,49
2024-03-01,Mar 2024,2024,-6,Dairy & Frozen,Midwest,59399.45,48213.48,11185.98,62252.5,2852.93,1475.0,1456.0,15432.39,440,404,36,15,5,97
2024-03-01,Mar 2024,2024,-6,Dairy & Frozen,Mountain West,27799.54,21935.46,5864.08,29036.69,1237.13,619.0,607.0,6726.36,260,240,20,9,5,52
2024-03-01,Mar 2024,2024,-6,Dairy & Frozen,Northeast,14908.09,12065.27,2842.82,15627.17,719.12,386.0,382.0,3933.41,125,111,14,2,0,25
2024-03-01,Mar 2024,2024,-6,Dairy & Frozen,Pacific,31292.2,24991.69,6300.5,32730.56,1438.31,784.0,759.0,7813.97,244,224,20,17,4,49
2024-03-01,Mar 2024,2024,-6,Dairy & Frozen,Southeast,58003.71,46196.02,11807.68,60651.97,2648.31,1320.0,1295.0,14807.06,444,398,46,20,8,100
2024-03-01,Mar 2024,2024,-6,Dairy & Frozen,Texas & Gulf,56584.59,45240.45,11344.14,59219.6,2634.97,1380.0,1359.0,14456.94,424,391,33,16,7,94
2024-03-01,Mar 2024,2024,-6,Electronics,Mid-Atlantic,124729.18,110313.91,14415.27,130855.3,6126.13,126.0,117.0,1308.92,44,41,3,5,4,28
2024-03-01,Mar 2024,2024,-6,Electronics,Midwest,277725.54,245181.01,32544.53,290808.76,13083.2,297.0,282.0,3006.5,93,80,13,10,5,60
2024-03-01,Mar 2024,2024,-6,Electronics,Mountain West,98914.78,88406.72,10508.06,103403.15,4488.39,98.0,98.0,1057.51,37,34,3,0,0,29
2024-03-01,Mar 2024,2024,-6,Electronics,Northeast,67609.0,60588.17,7020.83,70358.97,2749.96,84.0,74.0,720.61,28,24,4,2,1,19
2024-03-01,Mar 2024,2024,-6,Electronics,Pacific,141723.14,122717.58,19005.55,148215.54,6492.41,160.0,153.0,1522.64,53,47,6,5,2,30
2024-03-01,Mar 2024,2024,-6,Electronics,Southeast,196016.61,172527.89,23488.72,206132.06,10115.49,200.0,182.0,2118.47,81,72,9,12,5,54
2024-03-01,Mar 2024,2024,-6,Electronics,Texas & Gulf,292858.88,259048.7,33810.19,305596.22,12737.26,320.0,305.0,3174.9,105,97,8,7,1,56
2024-03-01,Mar 2024,2024,-6,Fresh & Produce,Mid-Atlantic,25036.12,18656.81,6379.31,26194.25,1158.15,914.0,840.0,8839.22,310,289,21,41,19,49
2024-03-01,Mar 2024,2024,-6,Fresh & Produce,Midwest,46261.83,34850.86,11410.97,48454.47,2192.57,1749.0,1629.0,16933.81,551,520,31,65,24,97
2024-03-01,Mar 2024,2024,-6,Fresh & Produce,Mountain West,23341.42,17279.64,6061.79,24437.15,1095.72,838.0,793.0,8257.57,299,271,28,28,14,55
2024-03-01,Mar 2024,2024,-6,Fresh & Produce,Northeast,15567.8,11726.66,3841.14,16261.89,694.02,588.0,546.0,5657.46,181,168,13,25,13,28
2024-03-01,Mar 2024,2024,-6,Fresh & Produce,Pacific,28075.1,20575.5,7499.59,29441.71,1366.7,952.0,883.0,9629.86,321,294,27,39,19,52
2024-03-01,Mar 2024,2024,-6,Fresh & Produce,Southeast,47993.13,35552.84,12440.28,50321.38,2328.42,1790.0,1646.0,16763.63,607,567,40,77,30,105
2024-03-01,Mar 2024,2024,-6,Fresh & Produce,Texas & Gulf,59322.19,44584.38,14737.82,62233.6,2911.32,2084.0,1925.0,20259.91,632,595,37,87,23,97
2024-03-01,Mar 2024,2024,-6,Grocery,Mid-Atlantic,85920.12,70332.28,15587.84,89931.02,4010.86,1878.0,1866.0,20864.92,591,544,47,8,2,50
2024-03-01,Mar 2024,2024,-6,Grocery,Midwest,162787.85,133328.42,29459.42,170631.37,7843.53,3592.0,3565.0,40266.74,1063,971,92,19,9,102
2024-03-01,Mar 2024,2024,-6,Grocery,Mountain West,70661.8,57081.83,13579.97,74066.07,3404.31,1515.0,1507.0,17285.67,582,535,47,6,0,56
2024-03-01,Mar 2024,2024,-6,Grocery,Northeast,50097.77,40963.03,9134.74,52514.72,2416.9,1114.0,1101.0,12643.97,339,314,25,7,3,31
2024-03-01,Mar 2024,2024,-6,Grocery,Pacific,80192.08,65037.83,15154.26,83996.85,3804.75,1770.0,1759.0,19583.52,564,525,39,8,5,53
2024-03-01,Mar 2024,2024,-6,Grocery,Southeast,152037.5,124277.9,27759.6,159237.51,7200.04,3311.0,3291.0,37447.69,1046,973,73,13,5,105
2024-03-01,Mar 2024,2024,-6,Grocery,Texas & Gulf,167777.17,136834.61,30942.56,175802.99,8025.73,3705.0,3690.0,41778.66,1121,1032,89,13,4,98
2024-03-01,Mar 2024,2024,-6,Health & Wellness,Mid-Atlantic,74127.8,54097.93,20029.87,77984.3,3856.51,633.0,631.0,6361.63,182,165,17,2,0,45
2024-03-01,Mar 2024,2024,-6,Health & Wellness,Midwest,123262.24,90711.29,32550.94,128803.69,5541.58,985.0,974.0,10639.76,313,288,25,6,3,92
2024-03-01,Mar 2024,2024,-6,Health & Wellness,Mountain West,75529.58,54114.31,21415.27,79400.09,3870.58,559.0,552.0,6338.6,203,190,13,7,6,51
2024-03-01,Mar 2024,2024,-6,Health & Wellness,Northeast,39297.33,28352.6,10944.73,41197.11,1899.78,320.0,317.0,3376.47,106,99,7,3,1,28
2024-03-01,Mar 2024,2024,-6,Health & Wellness,Pacific,86030.75,62116.13,23914.63,89844.21,3813.39,678.0,671.0,7193.71,211,189,22,7,3,48
2024-03-01,Mar 2024,2024,-6,Health & Wellness,Southeast,124524.91,89723.36,34801.55,130161.23,5636.35,1021.0,1007.0,10489.93,328,310,18,11,2,96
2024-03-01,Mar 2024,2024,-6,Health & Wellness,Texas & Gulf,153574.01,111103.16,42470.85,161184.47,7610.37,1281.0,1268.0,13261.78,355,329,26,10,2,87
2024-03-01,Mar 2024,2024,-6,Home & Kitchen,Mid-Atlantic,72919.28,46902.02,26017.25,76259.69,3340.43,256.0,253.0,3108.76,94,86,8,1,0,38
2024-03-01,Mar 2024,2024,-6,Home & Kitchen,Midwest,135843.96,90622.57,45221.39,143037.03,7193.14,523.0,514.0,5763.79,163,152,11,5,3,76
2024-03-01,Mar 2024,2024,-6,Home & Kitchen,Mountain West,62827.44,40844.59,21982.84,65915.39,3087.94,254.0,250.0,2728.52,105,93,12,3,0,41
2024-03-01,Mar 2024,2024,-6,Home & Kitchen,Northeast,37396.14,24787.29,12608.84,39115.95,1719.81,152.0,150.0,1567.42,44,40,4,1,0,19
2024-03-01,Mar 2024,2024,-6,Home & Kitchen,Pacific,68623.81,43821.35,24802.46,71726.08,3102.34,265.0,256.0,2674.2,78,70,8,3,0,39
2024-03-01,Mar 2024,2024,-6,Home & Kitchen,Southeast,173345.97,112141.0,61204.97,181965.74,8619.72,596.0,589.0,7094.98,193,180,13,6,1,85
2024-03-01,Mar 2024,2024,-6,Home & Kitchen,Texas & Gulf,153547.17,100919.04,52628.14,161065.61,7518.36,624.0,611.0,6727.12,193,171,22,9,0,77
2024-03-01,Mar 2024,2024,-6,Household Essentials,Mid-Atlantic,33326.3,25715.13,7611.17,34890.97,1564.71,466.0,460.0,5104.85,149,132,17,5,1,46
2024-03-01,Mar 2024,2024,-6,Household Essentials,Midwest,62347.84,48209.4,14138.43,65224.58,2876.74,938.0,927.0,9702.58,286,268,18,10,7,91
2024-03-01,Mar 2024,2024,-6,Household Essentials,Mountain West,26055.26,20138.2,5917.06,27286.24,1230.95,392.0,389.0,4167.64,149,136,13,3,1,48
2024-03-01,Mar 2024,2024,-6,Household Essentials,Northeast,22678.36,17860.13,4818.24,23756.27,1077.89,297.0,293.0,3230.72,68,63,5,3,2,25
2024-03-01,Mar 2024,2024,-6,Household Essentials,Pacific,44323.5,33856.22,10467.28,46515.07,2191.63,632.0,620.0,6767.78,180,169,11,8,2,47
2024-03-01,Mar 2024,2024,-6,Household Essentials,Southeast,64406.4,49396.2,15010.2,67676.44,3270.14,917.0,909.0,9444.47,290,264,26,8,3,90
2024-03-01,Mar 2024,2024,-6,Household Essentials,Texas & Gulf,72511.36,55220.52,17290.84,76050.98,3539.6,975.0,966.0,10996.29,301,275,26,8,1,91
2024-03-01,Mar 2024,2024,-6,Meat & Seafood,Mid-Atlantic,47865.74,38778.22,9087.52,50171.47,2305.64,562.0,539.0,6016.32,194,176,18,13,3,46
2024-03-01,Mar 2024,2024,-6,Meat & Seafood,Midwest,103438.58,84778.91,18659.67,108450.78,5012.01,1122.0,1076.0,12736.24,354,328,26,28,11,88
2024-03-01,Mar 2024,2024,-6,Meat & Seafood,Mountain West,45184.37,36155.4,9028.97,47285.0,2100.6,474.0,448.0,5412.6,185,175,10,16,9,49
2024-03-01,Mar 2024,2024,-6,Meat & Seafood,Northeast,30236.94,24430.38,5806.56,31780.94,1544.02,322.0,312.0,3652.65,107,101,6,9,2,28
2024-03-01,Mar 2024,2024,-6,Meat & Seafood,Pacific,62858.41,49752.6,13105.8,65904.49,3046.13,649.0,637.0,7610.09,189,176,13,10,4,46
2024-03-01,Mar 2024,2024,-6,Meat & Seafood,Southeast,94262.65,76224.55,18038.1,98688.23,4425.65,1035.0,988.0,11500.61,338,304,34,29,16,100
2024-03-01,Mar 2024,2024,-6,Meat & Seafood,Texas & Gulf,97192.1,77647.13,19544.97,101878.92,4686.88,1003.0,979.0,11449.12,367,328,39,15,5,91
2024-03-01,Mar 2024,2024,-6,Toys & Seasonal,Mid-Atlantic,16456.47,11593.05,4863.42,17203.88,747.44,89.0,82.0,960.01,48,45,3,5,3,34
2024-03-01,Mar 2024,2024,-6,Toys & Seasonal,Midwest,35881.26,24887.56,10993.71,37706.76,1825.52,233.0,210.0,2083.11,107,97,10,17,12,55
2024-03-01,Mar 2024,2024,-6,Toys & Seasonal,Mountain West,16066.0,10959.88,5106.13,16768.58,702.55,99.0,91.0,910.67,47,46,1,6,3,35
2024-03-01,Mar 2024,2024,-6,Toys & Seasonal,Northeast,11093.78,7940.22,3153.56,11736.39,642.61,67.0,64.0,672.41,27,27,0,2,0,15
2024-03-01,Mar 2024,2024,-6,Toys & Seasonal,Pacific,25164.5,17541.17,7623.33,26421.37,1256.85,150.0,140.0,1437.16,56,49,7,5,1,32
2024-03-01,Mar 2024,2024,-6,Toys & Seasonal,Southeast,41565.03,28844.48,12720.54,43488.16,1923.1,276.0,239.0,2406.16,106,97,9,19,13,61
2024-03-01,Mar 2024,2024,-6,Toys & Seasonal,Texas & Gulf,39076.54,26955.05,12121.49,41079.26,2002.71,217.0,201.0,2162.41,95,87,8,12,6,54
2024-04-01,Apr 2024,2024,-5,Apparel,Mid-Atlantic,70463.56,42729.1,27734.46,73848.14,3384.55,384.0,374.0,4085.0,99,89,10,7,1,42
2024-04-01,Apr 2024,2024,-5,Apparel,Midwest,111655.84,67270.57,44385.27,117128.64,5472.84,594.0,583.0,6337.91,162,154,8,6,2,76
2024-04-01,Apr 2024,2024,-5,Apparel,Mountain West,43174.1,25885.89,17288.21,45415.78,2241.63,237.0,226.0,2431.79,77,73,4,7,4,35
2024-04-01,Apr 2024,2024,-5,Apparel,Northeast,45323.13,27640.66,17682.47,47329.46,2006.3,269.0,264.0,2625.35,56,53,3,2,1,23
2024-04-01,Apr 2024,2024,-5,Apparel,Pacific,41996.49,24216.36,17780.13,44133.38,2136.88,228.0,211.0,2340.87,56,54,2,7,1,28
2024-04-01,Apr 2024,2024,-5,Apparel,Southeast,118353.26,70288.15,48065.11,123745.37,5392.18,595.0,588.0,6664.8,173,158,15,5,3,81
2024-04-01,Apr 2024,2024,-5,Apparel,Texas & Gulf,89098.08,52845.72,36252.36,93420.81,4322.7,460.0,445.0,5052.07,134,126,8,10,2,68
2024-04-01,Apr 2024,2024,-5,Dairy & Frozen,Mid-Atlantic,30588.83,24731.74,5857.09,32055.54,1466.71,736.0,721.0,7751.71,245,224,21,11,5,48
2024-04-01,Apr 2024,2024,-5,Dairy & Frozen,Midwest,60025.7,48421.36,11604.34,62951.86,2926.13,1480.0,1456.0,15832.25,426,393,33,14,5,96
2024-04-01,Apr 2024,2024,-5,Dairy & Frozen,Mountain West,20372.51,16150.78,4221.73,21272.47,899.89,498.0,494.0,5085.41,193,180,13,4,2,47
2024-04-01,Apr 2024,2024,-5,Dairy & Frozen,Northeast,15692.79,12805.19,2887.6,16398.71,705.95,419.0,406.0,4110.23,123,117,6,6,1,30
2024-04-01,Apr 2024,2024,-5,Dairy & Frozen,Pacific,31196.93,24693.7,6503.23,32645.5,1448.63,747.0,740.0,7720.09,221,208,13,4,2,50
2024-04-01,Apr 2024,2024,-5,Dairy & Frozen,Southeast,66949.36,53039.21,13910.16,70191.71,3242.21,1542.0,1490.0,16846.27,452,415,37,25,5,99
2024-04-01,Apr 2024,2024,-5,Dairy & Frozen,Texas & Gulf,52067.0,41591.13,10475.86,54557.32,2490.29,1198.0,1179.0,12953.53,372,332,40,11,1,89
2024-04-01,Apr 2024,2024,-5,Electronics,Mid-Atlantic,100267.93,87654.46,12613.47,104764.84,4496.94,108.0,105.0,1119.6,46,44,2,1,0,30
2024-04-01,Apr 2024,2024,-5,Electronics,Midwest,291667.4,263470.45,28196.95,305226.36,13558.95,300.0,287.0,3246.09,95,89,6,8,3,52
2024-04-01,Apr 2024,2024,-5,Electronics,Mountain West,94901.63,83120.91,11780.72,99110.44,4208.82,96.0,86.0,969.2,40,36,4,7,5,28
2024-04-01,Apr 2024,2024,-5,Electronics,Northeast,65850.47,59012.55,6837.92,69296.53,3446.07,66.0,60.0,712.9,26,25,1,2,0,16
2024-04-01,Apr 2024,2024,-5,Electronics,Pacific,105358.39,92063.0,13295.4,110788.62,5430.24,116.0,109.0,1121.63,49,44,5,4,1,30
2024-04-01,Apr 2024,2024,-5,Electronics,Southeast,305966.15,270007.43,35958.72,320622.15,14656.02,313.0,296.0,3247.34,105,98,7,7,3,64
2024-04-01,Apr 2024,2024,-5,Electronics,Texas & Gulf,226085.96,199750.19,26335.76,236159.13,10073.17,232.0,225.0,2366.79,87,80,7,6,2,56
2024-04-01,Apr 2024,2024,-5,Fresh & Produce,Mid-Atlantic,29199.15,21775.95,7423.19,30541.93,1342.82,1008.0,931.0,10044.64,290,260,30,32,10,49
2024-04-01,Apr 2024,2024,-5,Fresh & Produce,Midwest,44924.57,33553.3,11371.27,47111.06,2186.52,1578.0,1468.0,15873.23,518,477,41,57,21,98
2024-04-01,Apr 2024,2024,-5,Fresh & Produce,Mountain West,23718.39,17784.53,5933.85,24750.19,1031.78,809.0,764.0,8372.14,281,254,27,34,16,52
2024-04-01,Apr 2024,2024,-5,Fresh & Produce,Northeast,18694.04,14258.68,4435.36,19548.15,854.06,648.0,612.0,6686.14,175,163,12,18,7,30
2024-04-01,Apr 2024,2024,-5,Fresh & Produce,Pacific,25046.5,18614.55,6431.96,26286.91,1240.49,865.0,808.0,8447.19,266,240,26,34,19,51
2024-04-01,Apr 2024,2024,-5,Fresh & Produce,Southeast,56884.63,42636.9,14247.73,59579.95,2695.42,2001.0,1918.0,19944.63,601,550,51,48,21,102
2024-04-01,Apr 2024,2024,-5,Fresh & Produce,Texas & Gulf,40076.44,30097.91,9978.53,41956.25,1879.83,1534.0,1425.0,14434.51,500,466,34,62,24,94
2024-04-01,Apr 2024,2024,-5,Grocery,Mid-Atlantic,70921.4,57793.57,13127.83,74243.27,3321.88,1569.0,1557.0,17349.22,534,490,44,9,3,49
2024-04-01,Apr 2024,2024,-5,Grocery,Midwest,150682.27,123460.1,27222.17,157686.23,7003.94,3184.0,3159.0,36376.72,978,903,75,22,6,100
2024-04-01,Apr 2024,2024,-5,Grocery,Mountain West,59933.21,49184.54,10748.68,62729.15,2795.98,1335.0,1323.0,15085.62,493,457,36,8,4,53
2024-04-01,Apr 2024,2024,-5,Grocery,Northeast,47744.71,40082.62,7662.09,49980.51,2235.71,1119.0,1117.0,12346.42,302,275,27,1,0,31
2024-04-01,Apr 2024,2024,-5,Grocery,Pacific,73398.68,59553.46,13845.23,76888.28,3489.69,1594.0,1581.0,18243.05,489,441,48,12,6,52
2024-04-01,Apr 2024,2024,-5,Grocery,Southeast,153495.6,124738.23,28757.36,160750.82,7255.0,3342.0,3324.0,38049.03,1114,1008,106,15,10,100
2024-04-01,Apr 2024,2024,-5,Grocery,Texas & Gulf,134067.44,109306.66,24760.79,140403.78,6336.37,2939.0,2910.0,32621.95,936,869,67,16,8,96
2024-04-01,Apr 2024,2024,-5,Health & Wellness,Mid-Atlantic,67085.2,48508.67,18576.53,70468.89,3383.62,524.0,519.0,5743.17,173,158,15,3,1,46
2024-04-01,Apr 2024,2024,-5,Health & Wellness,Midwest,111802.71,80252.62,31550.09,117156.73,5354.01,855.0,844.0,9211.24,290,270,20,8,5,90
2024-04-01,Apr 2024,2024,-5,Health & Wellness,Mountain West,61361.7,44928.31,16433.39,64462.07,3100.42,509.0,507.0,5115.72,168,158,10,2,2,52
2024-04-01,Apr 2024,2024,-5,Health & Wellness,Northeast,38495.04,28068.57,10426.47,40495.21,2000.27,318.0,313.0,3461.23,92,85,7,2,0,29
2024-04-01,Apr 2024,2024,-5,Health & Wellness,Pacific,57443.38,40758.47,16684.91,60478.16,3034.8,460.0,454.0,4734.22,169,158,11,5,2,46
2024-04-01,Apr 2024,2024,-5,Health & Wellness,Southeast,126449.72,91357.27,35092.45,132551.13,6101.41,1028.0,1013.0,10874.36,339,315,24,12,2,92
2024-04-01,Apr 2024,2024,-5,Health & Wellness,Texas & Gulf,119754.0,87650.22,32103.78,125895.13,6141.16,987.0,983.0,10590.72,303,285,18,4,3,84
2024-04-01,Apr 2024,2024,-5,Home & Kitchen,Mid-Atlantic,71756.36,46822.4,24933.96,75374.9,3618.57,261.0,261.0,3084.48,78,72,6,0,0,41
2024-04-01,Apr 2024,2024,-5,Home & Kitchen,Midwest,135721.72,89614.78,46106.94,141865.57,6143.79,566.0,565.0,5981.99,154,146,8,1,0,74
2024-04-01,Apr 2024,2024,-5,Home & Kitchen,Mountain West,74368.33,49137.85,25230.47,78077.41,3709.14,314.0,308.0,3192.01,106,99,7,5,0,41
2024-04-01,Apr 2024,2024,-5,Home & Kitchen,Northeast,66828.0,42738.14,24089.86,70172.05,3344.06,230.0,227.0,2553.64,57,52,5,2,2,23
2024-04-01,Apr 2024,2024,-5,Home & Kitchen,Pacific,68151.21,43033.45,25117.75,71724.43,3573.23,235.0,235.0,2683.58,73,68,5,0,0,36
2024-04-01,Apr 2024,2024,-5,Home & Kitchen,Southeast,154410.47,100774.49,53635.98,161995.25,7584.75,595.0,577.0,6603.7,195,174,21,10,3,81
2024-04-01,Apr 2024,2024,-5,Home & Kitchen,Texas & Gulf,140342.92,90526.31,49816.61,147001.58,6658.64,544.0,534.0,5770.29,169,155,14,7,2,73
2024-04-01,Apr 2024,2024,-5,Household Essentials,Mid-Atlantic,40647.35,31280.77,9366.58,42729.02,2081.75,553.0,551.0,5893.14,143,128,15,2,0,39
2024-04-01,Apr 2024,2024,-5,Household Essentials,Midwest,61447.01,47855.04,13591.97,64321.05,2874.1,843.0,839.0,9299.21,249,231,18,3,1,85
2024-04-01,Apr 2024,2024,-5,Household Essentials,Mountain West,28193.05,21710.42,6482.64,29584.79,1391.61,384.0,383.0,4069.82,139,125,14,1,1,49
2024-04-01,Apr 2024,2024,-5,Household Essentials,Northeast,18679.61,14592.51,4087.1,19594.58,914.95,274.0,273.0,2891.44,85,79,6,1,1,25
2024-04-01,Apr 2024,2024,-5,Household Essentials,Pacific,31017.94,23968.84,7049.1,32494.84,1476.8,407.0,404.0,4574.07,129,120,9,3,0,48
2024-04-01,Apr 2024,2024,-5,Household Essentials,Southeast,60024.09,45931.88,14092.21,62937.06,2912.91,865.0,856.0,9036.83,286,267,19,9,3,98
2024-04-01,Apr 2024,2024,-5,Household Essentials,Texas & Gulf,67221.38,51751.92,15469.45,70443.16,3221.78,942.0,933.0,10246.24,286,264,22,9,4,86
2024-04-01,Apr 2024,2024,-5,Meat & Seafood,Mid-Atlantic,66550.34,53218.34,13332.0,69717.43,3167.19,707.0,685.0,8281.98,212,196,16,18,5,45
2024-04-01,Apr 2024,2024,-5,Meat & Seafood,Midwest,131883.49,106995.56,24887.93,138123.85,6240.34,1396.0,1348.0,15947.29,384,348,36,32,11,90
2024-04-01,Apr 2024,2024,-5,Meat & Seafood,Mountain West,44838.16,35647.24,9190.92,46864.14,2026.09,495.0,476.0,5374.94,167,153,14,9,2,48
2024-04-01,Apr 2024,2024,-5,Meat & Seafood,Northeast,32622.86,26795.66,5827.2,34180.14,1557.28,343.0,325.0,3967.84,99,88,11,12,3,29
2024-04-01,Apr 2024,2024,-5,Meat & Seafood,Pacific,64292.39,51263.96,13028.43,67312.74,3020.36,665.0,645.0,7728.13,194,181,13,14,4,50
2024-04-01,Apr 2024,2024,-5,Meat & Seafood,Southeast,106695.1,86131.87,20563.23,111814.87,5119.68,1116.0,1080.0,13010.68,367,338,29,24,4,100
2024-04-01,Apr 2024,2024,-5,Meat & Seafood,Texas & Gulf,91886.21,74034.38,17851.83,96111.06,4224.74,1002.0,962.0,11000.19,314,289,25,23,9,86
2024-04-01,Apr 2024,2024,-5,Toys & Seasonal,Mid-Atlantic,21706.62,15167.84,6538.79,22725.77,1019.15,106.0,101.0,1160.53,39,35,4,5,5,22
2024-04-01,Apr 2024,2024,-5,Toys & Seasonal,Midwest,39554.43,27450.36,12104.07,41518.41,1963.97,215.0,204.0,2209.69,84,80,4,7,2,56
2024-04-01,Apr 2024,2024,-5,Toys & Seasonal,Mountain West,17136.68,12000.73,5135.95,17929.43,792.72,106.0,99.0,1003.02,47,43,4,7,5,33
2024-04-01,Apr 2024,2024,-5,Toys & Seasonal,Northeast,19025.13,12964.61,6060.52,19838.5,813.36,121.0,99.0,983.91,37,35,2,8,1,17
2024-04-01,Apr 2024,2024,-5,Toys & Seasonal,Pacific,18626.52,12786.79,5839.74,19528.36,901.81,129.0,112.0,999.79,54,51,3,13,9,35
2024-04-01,Apr 2024,2024,-5,Toys & Seasonal,Southeast,60075.31,42554.14,17521.18,63305.76,3230.45,329.0,310.0,3363.14,111,107,4,12,5,66
2024-04-01,Apr 2024,2024,-5,Toys & Seasonal,Texas & Gulf,52785.75,37641.76,15143.99,55310.21,2524.43,322.0,287.0,3077.4,98,92,6,13,6,58
2024-05-01,May 2024,2024,-4,Apparel,Mid-Atlantic,41204.53,24743.19,16461.34,43059.62,1855.07,210.0,207.0,2374.02,74,69,5,2,0,38
2024-05-01,May 2024,2024,-4,Apparel,Midwest,92868.99,55826.83,37042.16,97273.51,4404.54,517.0,498.0,5347.2,145,134,11,10,2,67
2024-05-01,May 2024,2024,-4,Apparel,Mountain West,37759.82,22649.62,15110.2,39442.14,1682.33,203.0,195.0,2068.17,74,68,6,5,2,32
2024-05-01,May 2024,2024,-4,Apparel,Northeast,17536.19,10364.24,7171.94,18455.94,919.74,102.0,100.0,968.79,40,38,2,2,0,19
2024-05-01,May 2024,2024,-4,Apparel,Pacific,55010.3,33100.83,21909.47,57609.1,2598.8,293.0,275.0,3015.23,81,74,7,8,1,37
2024-05-01,May 2024,2024,-4,Apparel,Southeast,115011.03,68454.09,46556.94,120454.73,5443.75,582.0,573.0,6372.77,175,164,11,6,3,76
2024-05-01,May 2024,2024,-4,Apparel,Texas & Gulf,85013.34,49668.61,35344.73,89145.05,4131.71,423.0,415.0,4775.85,139,128,11,7,3,69
2024-05-01,May 2024,2024,-4,Dairy & Frozen,Mid-Atlantic,28810.02,23017.49,5792.53,30171.85,1361.81,658.0,653.0,7119.35,202,180,22,5,3,44
2024-05-01,May 2024,2024,-4,Dairy & Frozen,Midwest,60177.67,48836.89,11340.77,63041.01,2863.39,1428.0,1418.0,15529.41,396,364,32,6,1,91
2024-05-01,May 2024,2024,-4,Dairy & Frozen,Mountain West,24267.15,19342.7,4924.45,25445.32,1178.14,578.0,571.0,6223.74,219,206,13,7,5,50
2024-05-01,May 2024,2024,-4,Dairy & Frozen,Northeast,19119.32,15346.65,3772.67,19911.77,792.47,449.0,442.0,4784.56,131,120,11,5,2,29
2024-05-01,May 2024,2024,-4,Dairy & Frozen,Pacific,28853.18,22641.71,6211.46,30150.83,1297.52,674.0,664.0,7170.71,208,186,22,9,6,50
2024-05-01,May 2024,2024,-4,Dairy & Frozen,Southeast,54314.8,43188.45,11126.35,56878.21,2563.46,1337.0,1319.0,13659.33,392,361,31,13,4,96
2024-05-01,May 2024,2024,-4,Dairy & Frozen,Texas & Gulf,54096.17,43561.95,10534.22,56641.06,2544.98,1262.0,1254.0,13659.94,390,359,31,7,2,93
2024-05-01,May 2024,2024,-4,Electronics,Mid-Atlantic,137669.66,122608.2,15061.47,142874.16,5204.51,138.0,130.0,1504.95,43,39,4,5,3,30
2024-05-01,May 2024,2024,-4,Electronics,Midwest,210178.67,195087.95,15090.72,219214.96,9036.26,240.0,231.0,2420.96,80,73,7,7,5,50
2024-05-01,May 2024,2024,-4,Electronics,Mountain West,101009.44,89452.11,11557.33,105484.97,4475.5,100.0,95.0,1035.36,38,35,3,2,1,26
2024-05-01,May 2024,2024,-4,Electronics,Northeast,84808.16,77654.79,7153.37,88409.98,3601.85,90.0,90.0,958.08,24,21,3,0,0,17
2024-05-01,May 2024,2024,-4,Electronics,Pacific,151503.87,132544.51,18959.36,159205.02,7701.17,141.0,139.0,1546.22,42,39,3,2,1,29
2024-05-01,May 2024,2024,-4,Electronics,Southeast,262261.73,231231.45,31030.29,274399.05,12137.33,262.0,246.0,2739.22,92,82,10,9,3,52
2024-05-01,May 2024,2024,-4,Electronics,Texas & Gulf,260388.06,227304.35,33083.71,273646.45,13258.46,263.0,251.0,2759.07,79,74,5,4,2,44
2024-05-01,May 2024,2024,-4,Fresh & Produce,Mid-Atlantic,27634.63,20555.66,7078.97,28959.63,1325.05,1020.0,966.0,9922.73,269,248,21,29,6,46
2024-05-01,May 2024,2024,-4,Fresh & Produce,Midwest,55342.5,41878.6,13463.89,58007.27,2664.77,2049.0,1920.0,19915.11,544,495,49,61,24,94
2024-05-01,May 2024,2024,-4,Fresh & Produce,Mountain West,26315.1,19611.08,6704.03,27579.91,1264.89,917.0,877.0,9158.86,299,277,22,28,13,52
2024-05-01,May 2024,2024,-4,Fresh & Produce,Northeast,17392.31,13142.03,4250.27,18201.36,809.04,646.0,586.0,6090.18,159,140,19,24,4,29
2024-05-01,May 2024,2024,-4,Fresh & Produce,Pacific,25800.77,18824.02,6976.76,27095.26,1294.49,906.0,850.0,9223.89,265,245,20,33,12,48
2024-05-01,May 2024,2024,-4,Fresh & Produce,Southeast,56229.41,41697.25,14532.16,58903.02,2673.61,1983.0,1858.0,19538.74,575,534,41,66,29,98
2024-05-01,May 2024,2024,-4,Fresh & Produce,Texas & Gulf,50366.53,38029.67,12336.86,52765.84,2399.4,1868.0,1747.0,18319.55,505,466,39,58,20,95
2024-05-01,May 2024,2024,-4,Grocery,Mid-Atlantic,68844.6,56403.03,12441.57,72100.39,3255.89,1462.0,1452.0,16881.78,431,401,30,10,2,46
2024-05-01,May 2024,2024,-4,Grocery,Midwest,161830.91,133977.15,27853.77,169225.85,7394.9,3492.0,3467.0,39721.05,1007,937,70,18,7,100
2024-05-01,May 2024,2024,-4,Grocery,Mountain West,60980.22,49577.8,11402.42,63948.23,2968.14,1282.0,1278.0,15067.23,478,441,37,4,2,51
2024-05-01,May 2024,2024,-4,Grocery,Northeast,43645.28,35509.48,8135.79,45789.38,2144.11,984.0,976.0,10771.41,283,270,13,7,1,30
2024-05-01,May 2024,2024,-4,Grocery,Pacific,74087.8,59121.15,14966.65,77448.73,3361.17,1566.0,1547.0,17586.95,492,447,45,11,3,51
2024-05-01,May 2024,2024,-4,Grocery,Southeast,147142.51,119726.35,27416.16,154069.88,6927.41,3220.0,3202.0,36523.58,1021,941,80,15,5,98
2024-05-01,May 2024,2024,-4,Grocery,Texas & Gulf,144036.23,117506.15,26530.08,150820.33,6784.24,3108.0,3091.0,35558.66,962,896,66,16,6,95
2024-05-01,May 2024,2024,-4,Health & Wellness,Mid-Atlantic,68560.48,48791.46,19769.03,71683.2,3122.72,517.0,511.0,5818.43,176,150,26,6,2,45
2024-05-01,May 2024,2024,-4,Health & Wellness,Midwest,135254.49,99180.4,36074.09,141650.23,6395.75,1032.0,1029.0,11675.55,311,290,21,3,2,86
2024-05-01,May 2024,2024,-4,Health & Wellness,Mountain West,45659.69,32816.45,12843.24,47680.21,2020.54,364.0,359.0,3937.59,152,142,10,4,2,45
2024-05-01,May 2024,2024,-4,Health & Wellness,Northeast,39602.01,28576.3,11025.71,41441.62,1839.55,316.0,315.0,3585.57,98,89,9,1,1,27
2024-05-01,May 2024,2024,-4,Health & Wellness,Pacific,49938.46,35100.11,14838.35,52401.45,2463.01,395.0,389.0,4095.59,135,130,5,3,0,45
2024-05-01,May 2024,2024,-4,Health & Wellness,Southeast,127558.06,91840.54,35717.52,133668.52,6110.42,1022.0,1008.0,11007.81,349,320,29,13,7,97
2024-05-01,May 2024,2024,-4,Health & Wellness,Texas & Gulf,97658.15,69564.18,28093.97,102026.57,4368.27,786.0,784.0,8414.8,282,263,19,2,0,80
2024-05-01,May 2024,2024,-4,Home & Kitchen,Mid-Atlantic,78870.94,51070.07,27800.87,82694.22,3823.23,287.0,281.0,3242.41,74,68,6,5,3,33
2024-05-01,May 2024,2024,-4,Home & Kitchen,Midwest,140810.93,90747.73,50063.2,146977.96,6166.97,549.0,539.0,5997.69,167,159,8,8,6,72
2024-05-01,May 2024,2024,-4,Home & Kitchen,Mountain West,56827.04,36255.78,20571.27,59306.75,2479.67,232.0,229.0,2318.77,87,78,9,2,0,40
2024-05-01,May 2024,2024,-4,Home & Kitchen,Northeast,59234.18,37511.51,21722.68,62338.63,3104.37,190.0,190.0,2315.14,55,54,1,0,0,23
2024-05-01,May 2024,2024,-4,Home & Kitchen,Pacific,86401.52,55248.32,31153.2,90340.13,3938.6,299.0,295.0,3465.06,79,70,9,3,2,40
2024-05-01,May 2024,2024,-4,Home & Kitchen,Southeast,160114.1,102674.81,57439.29,168134.74,8020.62,592.0,582.0,6571.33,163,155,8,8,4,79
2024-05-01,May 2024,2024,-4,Home & Kitchen,Texas & Gulf,125365.65,81699.15,43666.51,131796.4,6430.76,516.0,508.0,5481.56,149,138,11,6,2,74
2024-05-01,May 2024,2024,-4,Household Essentials,Mid-Atlantic,31121.77,23833.64,7288.13,32491.92,1370.21,420.0,417.0,4539.74,127,121,6,2,1,40
2024-05-01,May 2024,2024,-4,Household Essentials,Midwest,67838.39,53091.15,14747.24,71173.8,3335.4,972.0,958.0,10153.88,268,254,14,7,1,81
2024-05-01,May 2024,2024,-4,Household Essentials,Mountain West,19811.7,15280.88,4530.82,20712.75,900.95,297.0,289.0,3046.02,126,117,9,6,3,43
2024-05-01,May 2024,2024,-4,Household Essentials,Northeast,20155.77,15517.98,4637.79,21114.72,958.93,282.0,280.0,2840.89,74,70,4,1,0,25
2024-05-01,May 2024,2024,-4,Household Essentials,Pacific,32361.18,24403.32,7957.86,33804.99,1443.81,453.0,449.0,4872.09,139,127,12,4,3,43
2024-05-01,May 2024,2024,-4,Household Essentials,Southeast,68038.43,52291.92,15746.52,71391.5,3353.17,951.0,936.0,10280.51,272,252,20,10,5,84
2024-05-01,May 2024,2024,-4,Household Essentials,Texas & Gulf,62920.14,48965.89,13954.25,65992.81,3072.75,890.0,881.0,9601.55,247,229,18,5,1,81
2024-05-01,May 2024,2024,-4,Meat & Seafood,Mid-Atlantic,53960.6,43078.34,10882.26,56430.88,2470.23,578.0,553.0,6835.43,160,140,20,7,0,40
2024-05-01,May 2024,2024,-4,Meat & Seafood,Midwest,119004.29,95781.97,23222.31,124264.75,5260.5,1298.0,1231.0,14478.97,339,320,19,37,10,86
2024-05-01,May 2024,2024,-4,Meat & Seafood,Mountain West,36763.09,29193.33,7569.76,38483.78,1720.77,453.0,427.0,4693.06,151,133,18,16,6,47
2024-05-01,May 2024,2024,-4,Meat & Seafood,Northeast,30359.54,24557.12,5802.42,31915.12,1555.53,329.0,313.0,3682.57,98,89,9,8,1,29
2024-05-01,May 2024,2024,-4,Meat & Seafood,Pacific,56068.4,44372.83,11695.57,58792.27,2723.85,603.0,581.0,7006.12,168,148,20,12,5,45
2024-05-01,May 2024,2024,-4,Meat & Seafood,Southeast,102400.48,83456.86,18943.62,107546.85,5146.26,1157.0,1120.0,12622.08,311,275,36,19,6,88
2024-05-01,May 2024,2024,-4,Meat & Seafood,Texas & Gulf,107817.83,86086.77,21731.06,112962.4,5144.72,1162.0,1120.0,13007.35,316,298,18,31,11,84
2024-05-01,May 2024,2024,-4,Toys & Seasonal,Mid-Atlantic,20698.31,14546.0,6152.31,21717.87,1019.54,134.0,118.0,1196.09,44,42,2,9,3,26
2024-05-01,May 2024,2024,-4,Toys & Seasonal,Midwest,41786.21,30404.45,11381.77,43857.84,2071.65,287.0,252.0,2617.08,75,70,5,12,4,46
2024-05-01,May 2024,2024,-4,Toys & Seasonal,Mountain West,20209.76,14334.34,5875.42,21356.93,1147.18,110.0,96.0,1079.32,47,42,5,10,8,28
2024-05-01,May 2024,2024,-4,Toys & Seasonal,Northeast,17171.08,12113.15,5057.93,17901.21,730.13,107.0,98.0,946.58,30,29,1,4,1,20
2024-05-01,May 2024,2024,-4,Toys & Seasonal,Pacific,22238.94,15384.8,6854.14,23345.35,1106.42,142.0,133.0,1266.62,53,49,4,4,3,29
2024-05-01,May 2024,2024,-4,Toys & Seasonal,Southeast,38050.98,25595.28,12455.7,39783.12,1732.17,237.0,215.0,2159.21,86,78,8,15,6,56
2024-05-01,May 2024,2024,-4,Toys & Seasonal,Texas & Gulf,40616.1,27477.81,13138.29,42684.94,2068.8,247.0,227.0,2235.65,87,78,9,11,2,51
2024-06-01,Jun 2024,2024,-3,Apparel,Mid-Atlantic,36001.43,21373.17,14628.26,37616.01,1614.63,176.0,173.0,1994.84,62,57,5,3,1,32
2024-06-01,Jun 2024,2024,-3,Apparel,Midwest,84691.43,51718.65,32972.79,88666.35,3974.88,462.0,456.0,4805.86,145,131,14,4,2,72
2024-06-01,Jun 2024,2024,-3,Apparel,Mountain West,35516.36,21430.12,14086.24,37163.37,1646.98,215.0,210.0,1999.63,81,76,5,4,2,40
2024-06-01,Jun 2024,2024,-3,Apparel,Northeast,32959.41,19370.41,13589.0,34617.96,1658.61,181.0,181.0,1825.91,53,48,5,0,0,24
2024-06-01,Jun 2024,2024,-3,Apparel,Pacific,49946.15,29361.42,20584.73,52554.27,2608.17,235.0,234.0,2927.96,78,72,6,1,1,36
2024-06-01,Jun 2024,2024,-3,Apparel,Southeast,107989.66,63136.52,44853.14,113234.67,5244.97,560.0,545.0,6174.63,182,174,8,9,3,75
2024-06-01,Jun 2024,2024,-3,Apparel,Texas & Gulf,82920.76,49439.31,33481.45,87089.83,4169.05,446.0,433.0,4794.38,154,144,10,8,4,67
2024-06-01,Jun 2024,2024,-3,Dairy & Frozen,Mid-Atlantic,38425.85,30468.92,7956.93,40268.25,1842.41,882.0,872.0,9562.24,247,233,14,9,4,47
2024-06-01,Jun 2024,2024,-3,Dairy & Frozen,Midwest,66333.51,53423.26,12910.25,69332.76,2999.1,1540.0,1526.0,16991.57,429,392,37,11,4,95
2024-06-01,Jun 2024,2024,-3,Dairy & Frozen,Mountain West,30610.35,24541.29,6069.06,32064.5,1454.17,663.0,657.0,7702.12,232,216,16,6,4,50
2024-06-01,Jun 2024,2024,-3,Dairy & Frozen,Northeast,20331.81,16378.68,3953.13,21320.42,988.61,516.0,514.0,5260.26,136,127,9,2,2,28
2024-06-01,Jun 2024,2024,-3,Dairy & Frozen,Pacific,35144.19,27656.15,7488.05,36838.5,1694.26,816.0,800.0,8694.29,223,202,21,10,2,43
2024-06-01,Jun 2024,2024,-3,Dairy & Frozen,Southeast,66530.16,52819.67,13710.49,69616.79,3086.48,1566.0,1537.0,16934.65,458,429,29,22,6,96
2024-06-01,Jun 2024,2024,-3,Dairy & Frozen,Texas & Gulf,64491.39,51502.95,12988.44,67477.29,2985.71,1582.0,1561.0,16533.51,423,396,27,13,4,89
2024-06-01,Jun 2024,2024,-3,Electronics,Mid-Atlantic,140701.81,124791.33,15910.49,147065.24,6363.41,145.0,138.0,1535.6,42,38,4,4,2,20
2024-06-01,Jun 2024,2024,-3,Electronics,Midwest,268238.29,236096.06,32142.23,281489.07,13250.82,276.0,261.0,2889.94,83,72,11,8,3,55
2024-06-01,Jun 2024,2024,-3,Electronics,Mountain West,136478.5,122637.4,13841.1,142031.64,5553.14,151.0,140.0,1526.03,47,41,6,6,4,30
2024-06-01,Jun 2024,2024,-3,Electronics,Northeast,71535.47,63207.34,8328.13,74598.62,3063.16,73.0,72.0,762.47,21,17,4,1,1,11
2024-06-01,Jun 2024,2024,-3,Electronics,Pacific,124172.71,108899.57,15273.13,130417.81,6245.1,154.0,141.0,1453.35,52,49,3,7,6,30
2024-06-01,Jun 2024,2024,-3,Electronics,Southeast,245091.42,213127.46,31963.96,257043.7,11952.26,244.0,238.0,2667.24,92,86,6,6,5,54
2024-06-01,Jun 2024,2024,-3,Electronics,Texas & Gulf,296050.53,260672.66,35377.87,310765.49,14714.96,304.0,292.0,3376.94,97,86,11,7,2,60
2024-06-01,Jun 2024,2024,-3,Fresh & Produce,Mid-Atlantic,29992.28,22440.69,7551.6,31427.48,1435.19,1098.0,1025.0,10632.94,280,262,18,41,14,46
2024-06-01,Jun 2024,2024,-3,Fresh & Produce,Midwest,54877.3,41240.41,13636.89,57557.07,2679.77,1991.0,1869.0,19169.88,518,479,39,72,26,93
2024-06-01,Jun 2024,2024,-3,Fresh & Produce,Mountain West,24568.9,18106.33,6462.57,25726.38,1157.59,880.0,827.0,8376.8,271,258,13,39,16,49
2024-06-01,Jun 2024,2024,-3,Fresh & Produce,Northeast,20166.03,15266.72,4899.31,21158.55,992.51,783.0,753.0,7322.7,177,162,15,15,7,29
2024-06-01,Jun 2024,2024,-3,Fresh & Produce,Pacific,31415.42,23339.65,8075.77,32920.16,1504.72,1136.0,1060.0,11001.62,285,253,32,45,9,47
2024-06-01,Jun 2024,2024,-3,Fresh & Produce,Southeast,55413.43,41111.49,14301.95,58035.87,2622.63,1854.0,1777.0,18975.12,537,510,27,37,11,94
2024-06-01,Jun 2024,2024,-3,Fresh & Produce,Texas & Gulf,53015.36,39187.99,13827.37,55607.75,2592.63,1836.0,1726.0,18248.63,525,491,34,48,13,95
2024-06-01,Jun 2024,2024,-3,Grocery,Mid-Atlantic,69448.05,56215.53,13232.52,72605.95,3157.93,1541.0,1521.0,17226.07,480,442,38,15,5,49
2024-06-01,Jun 2024,2024,-3,Grocery,Midwest,139300.19,114046.19,25254.0,145910.91,6610.65,3078.0,3047.0,34493.0,931,842,89,21,10,96
2024-06-01,Jun 2024,2024,-3,Grocery,Mountain West,61885.15,50199.28,11685.87,64928.12,3042.86,1327.0,1319.0,14952.47,488,438,50,6,4,53
2024-06-01,Jun 2024,2024,-3,Grocery,Northeast,44360.8,36120.23,8240.57,46435.99,2075.26,984.0,979.0,10987.43,289,270,19,5,0,31
2024-06-01,Jun 2024,2024,-3,Grocery,Pacific,81738.36,66943.62,14794.73,85552.65,3814.39,1804.0,1796.0,20541.65,523,480,43,7,2,49
2024-06-01,Jun 2024,2024,-3,Grocery,Southeast,165752.59,134803.08,30949.51,173750.93,7998.27,3697.0,3648.0,40585.9,1095,1017,78,26,9,99
2024-06-01,Jun 2024,2024,-3,Grocery,Texas & Gulf,153065.99,124068.39,28997.61,160405.99,7339.81,3307.0,3275.0,36851.87,968,890,78,21,7,96
2024-06-01,Jun 2024,2024,-3,Health & Wellness,Mid-Atlantic,47101.65,33386.06,13715.6,49424.58,2322.97,374.0,368.0,3914.87,154,142,12,4,2,48
2024-06-01,Jun 2024,2024,-3,Health & Wellness,Midwest,124231.26,90298.66,33932.6,130347.2,6115.86,1055.0,1044.0,10860.44,325,299,26,11,4,84
2024-06-01,Jun 2024,2024,-3,Health & Wellness,Mountain West,58391.62,42108.78,16282.84,61390.14,2998.57,443.0,440.0,5076.48,160,146,14,3,1,45
2024-06-01,Jun 2024,2024,-3,Health & Wellness,Northeast,34786.85,24867.6,9919.25,36588.29,1801.44,269.0,267.0,2987.85,92,83,9,2,0,26
2024-06-01,Jun 2024,2024,-3,Health & Wellness,Pacific,77664.65,55328.98,22335.67,81232.6,3567.94,586.0,579.0,6454.45,164,148,16,2,0,44
2024-06-01,Jun 2024,2024,-3,Health & Wellness,Southeast,137893.43,98844.55,39048.88,144632.55,6739.16,1109.0,1097.0,11750.58,359,331,28,8,2,93
2024-06-01,Jun 2024,2024,-3,Health & Wellness,Texas & Gulf,114240.23,82647.18,31593.05,119498.35,5258.04,926.0,914.0,9723.15,306,278,28,9,4,86
2024-06-01,Jun 2024,2024,-3,Home & Kitchen,Mid-Atlantic,55755.39,36562.1,19193.3,58642.59,2887.2,221.0,219.0,2380.99,83,76,7,2,1,39
2024-06-01,Jun 2024,2024,-3,Home & Kitchen,Midwest,132172.31,86132.28,46040.03,138517.22,6344.88,522.0,512.0,5640.82,155,144,11,8,2,73
2024-06-01,Jun 2024,2024,-3,Home & Kitchen,Mountain West,47911.5,30942.2,16969.3,50256.65,2345.17,207.0,198.0,2070.59,96,89,7,6,3,45
2024-06-01,Jun 2024,2024,-3,Home & Kitchen,Northeast,47000.71,30578.59,16422.12,49078.3,2077.57,159.0,156.0,1993.9,36,34,2,2,0,20
2024-06-01,Jun 2024,2024,-3,Home & Kitchen,Pacific,78837.81,50588.44,28249.37,82625.81,3788.02,289.0,280.0,3299.84,90,82,8,6,3,33
2024-06-01,Jun 2024,2024,-3,Home & Kitchen,Southeast,162330.02,105276.36,57053.66,170107.66,7777.69,604.0,599.0,6724.58,176,160,16,5,2,72
2024-06-01,Jun 2024,2024,-3,Home & Kitchen,Texas & Gulf,124852.46,80451.82,44400.64,130877.24,6024.66,476.0,470.0,5137.72,141,129,12,4,1,66
2024-06-01,Jun 2024,2024,-3,Household Essentials,Mid-Atlantic,32613.66,25117.48,7496.17,34267.87,1654.28,487.0,483.0,5170.55,158,147,11,2,0,44
2024-06-01,Jun 2024,2024,-3,Household Essentials,Midwest,64068.16,49590.02,14478.14,67078.06,3009.89,921.0,914.0,10090.31,258,238,20,6,4,82
2024-06-01,Jun 2024,2024,-3,Household Essentials,Mountain West,28946.86,21653.62,7293.24,30425.91,1479.02,391.0,388.0,4195.13,149,141,8,2,0,49
2024-06-01,Jun 2024,2024,-3,Household Essentials,Northeast,24025.65,18352.49,5673.16,25246.62,1221.01,307.0,305.0,3411.17,80,73,7,1,0,27
2024-06-01,Jun 2024,2024,-3,Household Essentials,Pacific,34105.97,25678.6,8427.37,35570.9,1465.04,470.0,463.0,5030.73,135,123,12,6,2,44
2024-06-01,Jun 2024,2024,-3,Household Essentials,Southeast,67603.13,51527.62,16075.51,71050.51,3447.4,927.0,914.0,10100.73,288,262,26,10,5,85
2024-06-01,Jun 2024,2024,-3,Household Essentials,Texas & Gulf,60661.48,46814.97,13846.51,63533.26,2871.72,874.0,870.0,9395.7,255,232,23,4,1,84
2024-06-01,Jun 2024,2024,-3,Meat & Seafood,Mid-Atlantic,58049.69,46288.46,11761.23,60455.46,2405.74,623.0,601.0,6700.97,181,160,21,13,7,45
2024-06-01,Jun 2024,2024,-3,Meat & Seafood,Midwest,118508.14,95532.05,22976.09,124095.13,5586.9,1246.0,1221.0,14453.54,301,278,23,15,4,83
2024-06-01,Jun 2024,2024,-3,Meat & Seafood,Mountain West,45736.11,36745.18,8990.93,47948.62,2212.6,522.0,496.0,5655.51,161,148,13,18,8,46
2024-06-01,Jun 2024,2024,-3,Meat & Seafood,Northeast,45307.4,36544.97,8762.43,47423.08,2115.55,460.0,448.0,5470.67,111,104,7,8,3,29
2024-06-01,Jun 2024,2024,-3,Meat & Seafood,Pacific,61476.18,49081.54,12394.64,64385.97,2909.78,674.0,646.0,7288.69,167,157,10,15,4,43
2024-06-01,Jun 2024,2024,-3,Meat & Seafood,Southeast,126853.07,101099.68,25753.39,132963.96,6110.74,1384.0,1340.0,15566.21,374,348,26,26,8,89
2024-06-01,Jun 2024,2024,-3,Meat & Seafood,Texas & Gulf,123498.76,97688.09,25810.68,129387.94,5889.18,1351.0,1287.0,14697.57,359,311,48,33,14,88
2024-06-01,Jun 2024,2024,-3,Toys & Seasonal,Mid-Atlantic,28315.19,19455.56,8859.63,29658.76,1343.63,152.0,141.0,1537.2,47,43,4,5,1,28
2024-06-01,Jun 2024,2024,-3,Toys & Seasonal,Midwest,51484.63,35942.29,15542.34,53962.4,2477.83,295.0,269.0,2897.26,91,82,9,13,7,54
2024-06-01,Jun 2024,2024,-3,Toys & Seasonal,Mountain West,19852.79,13528.3,6324.48,20811.56,958.82,137.0,119.0,1185.13,47,45,2,8,4,26
2024-06-01,Jun 2024,2024,-3,Toys & Seasonal,Northeast,11219.82,7815.1,3404.72,11714.11,494.28,86.0,74.0,684.7,24,23,1,5,3,17
2024-06-01,Jun 2024,2024,-3,Toys & Seasonal,Pacific,27669.05,19495.63,8173.42,29009.21,1340.17,157.0,145.0,1608.44,50,49,1,5,1,29
2024-06-01,Jun 2024,2024,-3,Toys & Seasonal,Southeast,51893.64,36449.9,15443.74,54530.24,2636.68,309.0,274.0,2998.92,102,91,11,17,6,62
2024-06-01,Jun 2024,2024,-3,Toys & Seasonal,Texas & Gulf,37351.11,25357.19,11993.92,38968.36,1617.19,221.0,206.0,2051.55,70,64,6,8,2,40
2024-07-01,Jul 2024,2024,-2,Apparel,Mid-Atlantic,52051.47,31740.02,20311.45,54427.04,2375.61,291.0,277.0,2991.48,93,90,3,9,5,38
2024-07-01,Jul 2024,2024,-2,Apparel,Midwest,83580.8,50295.21,33285.59,87603.0,4022.24,481.0,470.0,4908.74,142,125,17,8,3,61
2024-07-01,Jul 2024,2024,-2,Apparel,Mountain West,35509.09,20846.93,14662.16,37326.23,1817.12,219.0,209.0,1956.96,83,76,7,5,0,38
2024-07-01,Jul 2024,2024,-2,Apparel,Northeast,43172.24,26704.08,16468.16,45261.07,2088.85,248.0,247.0,2562.59,62,59,3,1,1,21
2024-07-01,Jul 2024,2024,-2,Apparel,Pacific,41242.51,24479.89,16762.61,43001.5,1758.91,213.0,210.0,2386.99,80,79,1,3,1,35
2024-07-01,Jul 2024,2024,-2,Apparel,Southeast,117743.52,71534.71,46208.81,123075.38,5331.86,574.0,562.0,6756.24,177,162,15,8,3,76
2024-07-01,Jul 2024,2024,-2,Apparel,Texas & Gulf,92826.77,54942.27,37884.5,97129.81,4303.01,462.0,455.0,5142.98,157,145,12,6,0,71
2024-07-01,Jul 2024,2024,-2,Dairy & Frozen,Mid-Atlantic,35753.04,28469.45,7283.6,37392.33,1639.24,835.0,823.0,9111.67,213,204,9,9,1,45
2024-07-01,Jul 2024,2024,-2,Dairy & Frozen,Midwest,72679.83,59924.06,12755.77,76078.12,3398.29,1743.0,1708.0,18911.22,399,365,34,17,3,85
2024-07-01,Jul 2024,2024,-2,Dairy & Frozen,Mountain West,26330.56,21076.72,5253.84,27630.52,1300.03,638.0,627.0,6643.37,201,178,23,7,0,51
2024-07-01,Jul 2024,2024,-2,Dairy & Frozen,Northeast,20238.17,15997.65,4240.52,21226.0,987.8,521.0,515.0,5041.25,134,119,15,4,2,28
2024-07-01,Jul 2024,2024,-2,Dairy & Frozen,Pacific,42687.49,33941.62,8745.87,44729.38,2041.89,981.0,967.0,10756.77,249,230,19,9,2,47
2024-07-01,Jul 2024,2024,-2,Dairy & Frozen,Southeast,63486.73,50653.9,12832.83,66493.91,3007.24,1591.0,1564.0,16550.92,425,391,34,16,3,97
2024-07-01,Jul 2024,2024,-2,Dairy & Frozen,Texas & Gulf,70693.48,56413.12,14280.35,74303.77,3610.22,1688.0,1674.0,18087.22,423,385,38,10,1,89
2024-07-01,Jul 2024,2024,-2,Electronics,Mid-Atlantic,76334.2,65254.59,11079.61,80208.06,3873.83,82.0,73.0,810.83,34,34,0,2,1,25
2024-07-01,Jul 2024,2024,-2,Electronics,Midwest,216506.26,193899.79,22606.46,226485.96,9979.64,212.0,202.0,2352.85,61,55,6,4,2,38
2024-07-01,Jul 2024,2024,-2,Electronics,Mountain West,131563.92,117360.77,14203.15,138282.65,6718.75,143.0,135.0,1415.51,44,41,3,5,1,24
2024-07-01,Jul 2024,2024,-2,Electronics,Northeast,50220.23,44991.63,5228.59,52281.12,2060.9,59.0,56.0,609.42,19,18,1,2,1,13
2024-07-01,Jul 2024,2024,-2,Electronics,Pacific,152662.9,130999.77,21663.13,159482.34,6819.46,185.0,180.0,1659.88,51,45,6,3,1,30
2024-07-01,Jul 2024,2024,-2,Electronics,Southeast,253528.44,223517.2,30011.24,264830.79,11302.32,271.0,252.0,2786.91,88,78,10,8,4,52
2024-07-01,Jul 2024,2024,-2,Electronics,Texas & Gulf,202966.8,180644.03,22322.77,213480.1,10513.23,234.0,214.0,2238.92,77,73,4,11,6,50
2024-07-01,Jul 2024,2024,-2,Fresh & Produce,Mid-Atlantic,27006.86,20216.5,6790.36,28360.82,1353.92,1067.0,987.0,9649.58,262,240,22,38,14,48
2024-07-01,Jul 2024,2024,-2,Fresh & Produce,Midwest,53665.66,40298.32,13367.34,56175.25,2509.52,1952.0,1852.0,19367.36,508,477,31,58,21,95
2024-07-01,Jul 2024,2024,-2,Fresh & Produce,Mountain West,27561.58,20261.72,7299.86,28866.7,1305.12,969.0,919.0,9791.89,275,258,17,25,7,53
2024-07-01,Jul 2024,2024,-2,Fresh & Produce,Northeast,16011.95,11957.33,4054.62,16678.44,666.54,527.0,498.0,5360.39,165,152,13,15,5,28
2024-07-01,Jul 2024,2024,-2,Fresh & Produce,Pacific,34347.48,25246.88,9100.59,35970.38,1622.95,1254.0,1164.0,12046.98,313,296,17,41,8,44
2024-07-01,Jul 2024,2024,-2,Fresh & Produce,Southeast,61867.71,45631.56,16236.15,64872.19,3004.49,2274.0,2111.0,21738.6,594,536,58,80,31,96
2024-07-01,Jul 2024,2024,-2,Fresh & Produce,Texas & Gulf,63973.03,48306.22,15666.81,67114.64,3141.47,2273.0,2119.0,22601.06,548,500,48,74,26,89
2024-07-01,Jul 2024,2024,-2,Grocery,Mid-Atlantic,81592.74,66350.74,15242.0,85455.03,3862.12,1815.0,1802.0,20483.44,528,496,32,12,4,48
2024-07-01,Jul 2024,2024,-2,Grocery,Midwest,154072.94,126867.12,27205.82,161519.01,7445.99,3345.0,3319.0,37941.89,909,841,68,18,7,95
2024-07-01,Jul 2024,2024,-2,Grocery,Mountain West,71269.73,57427.69,13842.04,74656.33,3386.6,1461.0,1447.0,17159.89,501,466,35,12,4,52
2024-07-01,Jul 2024,2024,-2,Grocery,Northeast,42955.07,35448.45,7506.62,44985.81,2030.73,965.0,960.0,11051.07,284,262,22,5,4,29
2024-07-01,Jul 2024,2024,-2,Grocery,Pacific,83984.23,67862.48,16121.76,87735.32,3750.91,1763.0,1754.0,20357.34,521,485,36,7,1,49
2024-07-01,Jul 2024,2024,-2,Grocery,Southeast,162252.12,131449.51,30802.62,169858.02,7605.76,3543.0,3515.0,39792.72,1060,971,89,20,10,97
2024-07-01,Jul 2024,2024,-2,Grocery,Texas & Gulf,159896.2,130483.97,29412.23,167499.67,7603.59,3453.0,3423.0,40057.39,970,892,78,23,9,93
2024-07-01,Jul 2024,2024,-2,Health & Wellness,Mid-Atlantic,77028.66,55197.5,21831.16,80834.2,3805.5,612.0,605.0,6343.53,175,159,16,6,2,45
2024-07-01,Jul 2024,2024,-2,Health & Wellness,Midwest,111183.79,81840.16,29343.64,116185.78,5002.0,942.0,926.0,9564.25,280,255,25,12,2,89
2024-07-01,Jul 2024,2024,-2,Health & Wellness,Mountain West,47244.74,34560.63,12684.1,49469.63,2224.97,413.0,409.0,4089.24,157,145,12,2,0,48
2024-07-01,Jul 2024,2024,-2,Health & Wellness,Northeast,37581.68,27340.4,10241.29,39054.84,1473.19,301.0,298.0,3280.36,95,82,13,3,3,27
2024-07-01,Jul 2024,2024,-2,Health & Wellness,Pacific,58580.84,41881.1,16699.74,61526.97,2946.18,486.0,474.0,5020.19,155,143,12,9,4,45
2024-07-01,Jul 2024,2024,-2,Health & Wellness,Southeast,117876.13,84917.12,32959.01,123456.5,5580.26,936.0,920.0,10103.77,299,282,17,12,4,90
2024-07-01,Jul 2024,2024,-2,Health & Wellness,Texas & Gulf,123452.43,89047.22,34405.2,129633.21,6180.82,1000.0,994.0,10768.51,298,282,16,6,0,79
2024-07-01,Jul 2024,2024,-2,Home & Kitchen,Mid-Atlantic,85244.32,56090.14,29154.18,88966.96,3722.61,338.0,333.0,3770.05,90,83,7,4,1,37
2024-07-01,Jul 2024,2024,-2,Home & Kitchen,Midwest,154364.3,99946.62,54417.68,161501.12,7136.97,593.0,579.0,6620.62,159,149,10,10,1,73
2024-07-01,Jul 2024,2024,-2,Home & Kitchen,Mountain West,63491.77,41217.18,22274.59,66724.36,3232.6,221.0,217.0,2683.06,80,75,5,3,1,38
2024-07-01,Jul 2024,2024,-2,Home & Kitchen,Northeast,45361.89,29922.5,15439.39,47240.52,1878.71,182.0,181.0,1955.45,57,55,2,1,0,22
2024-07-01,Jul 2024,2024,-2,Home & Kitchen,Pacific,54431.63,35246.46,19185.17,57009.75,2578.1,247.0,238.0,2412.56,85,76,9,6,2,33
2024-07-01,Jul 2024,2024,-2,Home & Kitchen,Southeast,183044.28,118820.68,64223.6,191169.98,8125.62,676.0,668.0,7503.11,206,194,12,8,4,84
2024-07-01,Jul 2024,2024,-2,Home & Kitchen,Texas & Gulf,117269.71,76508.54,40761.16,123204.65,5934.94,495.0,482.0,5203.14,142,130,12,6,1,66
2024-07-01,Jul 2024,2024,-2,Household Essentials,Mid-Atlantic,34139.84,26318.07,7821.77,35738.86,1598.98,441.0,435.0,4962.52,141,128,13,6,4,46
2024-07-01,Jul 2024,2024,-2,Household Essentials,Midwest,60810.51,47799.56,13010.95,63768.7,2958.26,878.0,872.0,9552.13,242,227,15,5,0,82
2024-07-01,Jul 2024,2024,-2,Household Essentials,Mountain West,29089.02,22413.99,6675.03,30461.41,1372.32,420.0,418.0,4489.56,155,146,9,2,1,47
2024-07-01,Jul 2024,2024,-2,Household Essentials,Northeast,20132.2,15695.29,4436.91,21090.2,957.99,327.0,323.0,3152.92,86,78,8,3,1,24
2024-07-01,Jul 2024,2024,-2,Household Essentials,Pacific,38921.2,29531.22,9389.98,40708.01,1786.83,553.0,549.0,5789.08,166,150,16,2,0,43
2024-07-01,Jul 2024,2024,-2,Household Essentials,Southeast,68593.84,52799.11,15794.73,71628.86,3035.01,935.0,926.0,10505.39,300,277,23,8,2,92
2024-07-01,Jul 2024,2024,-2,Household Essentials,Texas & Gulf,62873.31,48271.19,14602.11,65868.12,2994.85,898.0,890.0,9527.79,263,244,19,6,3,82
2024-07-01,Jul 2024,2024,-2,Meat & Seafood,Mid-Atlantic,68683.81,55846.41,12837.4,72163.35,3479.6,748.0,712.0,8335.22,185,166,19,21,9,46
2024-07-01,Jul 2024,2024,-2,Meat & Seafood,Midwest,106537.98,87094.18,19443.8,111690.32,5152.28,1172.0,1122.0,13129.75,289,269,20,25,8,86
2024-07-01,Jul 2024,2024,-2,Meat & Seafood,Mountain West,45840.4,35954.26,9886.14,48245.99,2405.55,484.0,474.0,5584.28,139,124,15,7,3,46
2024-07-01,Jul 2024,2024,-2,Meat & Seafood,Northeast,36557.15,29409.64,7147.5,38442.23,1885.18,382.0,363.0,4681.63,100,89,11,8,3,28
2024-07-01,Jul 2024,2024,-2,Meat & Seafood,Pacific,66517.82,52569.9,13947.92,69852.31,3334.52,648.0,623.0,7898.38,172,159,13,15,6,44
2024-07-01,Jul 2024,2024,-2,Meat & Seafood,Southeast,129289.55,104172.83,25116.72,135631.03,6341.43,1435.0,1391.0,15643.9,356,330,26,26,7,95
2024-07-01,Jul 2024,2024,-2,Meat & Seafood,Texas & Gulf,129648.22,103600.31,26047.91,135641.91,5993.7,1411.0,1352.0,15709.37,338,313,25,28,8,88
2024-07-01,Jul 2024,2024,-2,Toys & Seasonal,Mid-Atlantic,41063.76,28170.64,12893.12,43017.01,1953.29,215.0,209.0,2268.98,64,61,3,5,2,37
2024-07-01,Jul 2024,2024,-2,Toys & Seasonal,Midwest,54324.99,38237.09,16087.9,56936.9,2611.88,335.0,300.0,3036.89,89,79,10,15,3,61
2024-07-01,Jul 2024,2024,-2,Toys & Seasonal,Mountain West,18794.46,12560.22,6234.25,19707.63,913.2,122.0,113.0,1040.96,49,47,2,6,4,32
2024-07-01,Jul 2024,2024,-2,Toys & Seasonal,Northeast,13273.96,9120.21,4153.75,13993.72,719.77,86.0,78.0,673.88,21,21,0,4,1,12
2024-07-01,Jul 2024,2024,-2,Toys & Seasonal,Pacific,21732.09,13974.16,7757.93,22723.14,991.06,115.0,106.0,1180.99,35,32,3,4,1,17
2024-07-01,Jul 2024,2024,-2,Toys & Seasonal,Southeast,52159.36,36042.4,16116.96,54598.74,2439.36,295.0,281.0,2845.11,90,83,7,9,4,57
2024-07-01,Jul 2024,2024,-2,Toys & Seasonal,Texas & Gulf,45977.1,32283.82,13693.29,48130.51,2153.44,277.0,250.0,2655.29,89,80,9,14,6,54
2024-08-01,Aug 2024,2024,-1,Apparel,Mid-Atlantic,49359.26,28978.85,20380.42,51703.31,2344.07,227.0,221.0,2605.46,68,65,3,4,0,33
2024-08-01,Aug 2024,2024,-1,Apparel,Midwest,137089.85,81904.91,55184.94,144199.22,7109.43,704.0,689.0,7952.93,168,162,6,8,1,73
2024-08-01,Aug 2024,2024,-1,Apparel,Mountain West,49805.05,29345.83,20459.22,52229.75,2424.7,245.0,238.0,2849.96,80,70,10,5,4,38
2024-08-01,Aug 2024,2024,-1,Apparel,Northeast,29812.09,17453.81,12358.28,31179.07,1367.0,144.0,140.0,1612.44,47,43,4,3,1,20
2024-08-01,Aug 2024,2024,-1,Apparel,Pacific,76133.68,43759.22,32374.46,80038.72,3905.01,369.0,365.0,4179.46,89,80,9,2,0,36
2024-08-01,Aug 2024,2024,-1,Apparel,Southeast,130425.31,76485.35,53939.97,136599.81,6174.49,687.0,669.0,7401.68,173,165,8,12,6,80
2024-08-01,Aug 2024,2024,-1,Apparel,Texas & Gulf,137759.93,80936.72,56823.22,144143.14,6383.19,715.0,691.0,7695.32,155,146,9,11,3,67
2024-08-01,Aug 2024,2024,-1,Dairy & Frozen,Mid-Atlantic,27470.66,21797.56,5673.1,28773.46,1302.83,659.0,634.0,7024.28,213,192,21,13,5,45
2024-08-01,Aug 2024,2024,-1,Dairy & Frozen,Midwest,61257.34,48695.83,12561.52,64220.98,2963.7,1451.0,1436.0,15504.0,391,368,23,10,2,90
2024-08-01,Aug 2024,2024,-1,Dairy & Frozen,Mountain West,26327.98,21075.4,5252.57,27481.19,1153.26,636.0,627.0,6552.84,214,203,11,7,3,47
2024-08-01,Aug 2024,2024,-1,Dairy & Frozen,Northeast,19661.52,15545.25,4116.27,20566.53,904.98,422.0,418.0,4844.33,122,114,8,4,2,26
2024-08-01,Aug 2024,2024,-1,Dairy & Frozen,Pacific,29551.0,23233.49,6317.51,30918.05,1367.0,712.0,702.0,7231.83,209,193,16,9,6,44
2024-08-01,Aug 2024,2024,-1,Dairy & Frozen,Southeast,68653.48,54397.59,14255.89,71800.65,3147.21,1628.0,1602.0,17759.46,464,426,38,18,4,93
2024-08-01,Aug 2024,2024,-1,Dairy & Frozen,Texas & Gulf,73671.51,58792.79,14878.72,77031.48,3359.93,1772.0,1736.0,18976.88,460,424,36,23,7,86
2024-08-01,Aug 2024,2024,-1,Electronics,Mid-Atlantic,105571.9,91617.21,13954.69,111512.14,5940.24,123.0,105.0,1084.62,38,32,6,5,1,21
2024-08-01,Aug 2024,2024,-1,Electronics,Midwest,208585.55,187303.21,21282.34,219064.34,10478.81,232.0,223.0,2256.2,87,80,7,5,2,52
2024-08-01,Aug 2024,2024,-1,Electronics,Mountain West,130406.6,115949.7,14456.9,137129.77,6723.15,167.0,163.0,1429.66,49,47,2,3,2,33
2024-08-01,Aug 2024,2024,-1,Electronics,Northeast,66778.79,57808.52,8970.27,69831.49,3052.72,67.0,63.0,710.5,23,23,0,1,0,13
2024-08-01,Aug 2024,2024,-1,Electronics,Pacific,93145.94,80235.87,12910.08,97757.68,4611.74,90.0,85.0,943.5,36,34,2,3,1,21
2024-08-01,Aug 2024,2024,-1,Electronics,Southeast,247634.85,214296.6,33338.25,260407.52,12772.73,248.0,231.0,2612.55,89,77,12,9,4,54
2024-08-01,Aug 2024,2024,-1,Electronics,Texas & Gulf,211735.72,182361.35,29374.38,221038.16,9302.41,210.0,207.0,2224.71,66,63,3,2,1,43
2024-08-01,Aug 2024,2024,-1,Fresh & Produce,Mid-Atlantic,25572.71,19140.35,6432.36,26743.37,1170.57,893.0,834.0,9177.11,244,222,22,29,10,47
2024-08-01,Aug 2024,2024,-1,Fresh & Produce,Midwest,66932.9,50200.19,16732.71,70193.15,3260.25,2321.0,2189.0,23586.58,564,514,50,70,21,92
2024-08-01,Aug 2024,2024,-1,Fresh & Produce,Mountain West,25166.2,18914.36,6251.84,26297.25,1131.08,849.0,803.0,9062.1,265,254,11,25,9,50
2024-08-01,Aug 2024,2024,-1,Fresh & Produce,Northeast,21621.62,15729.64,5891.98,22591.37,969.77,670.0,634.0,7058.6,178,166,12,16,0,28
2024-08-01,Aug 2024,2024,-1,Fresh & Produce,Pacific,26246.49,19074.0,7172.49,27454.56,1208.13,905.0,850.0,8568.82,232,204,28,27,7,47
2024-08-01,Aug 2024,2024,-1,Fresh & Produce,Southeast,60476.16,44025.55,16450.61,63538.28,3062.03,2150.0,1996.0,20341.58,598,555,43,75,31,93
2024-08-01,Aug 2024,2024,-1,Fresh & Produce,Texas & Gulf,69180.8,51394.07,17786.74,72435.07,3254.42,2444.0,2257.0,23876.95,591,544,47,77,21,89
2024-08-01,Aug 2024,2024,-1,Grocery,Mid-Atlantic,70780.7,57348.47,13432.23,74275.67,3494.88,1504.0,1499.0,17087.07,448,414,34,5,1,47
2024-08-01,Aug 2024,2024,-1,Grocery,Midwest,132122.02,107705.22,24416.79,138376.36,6254.25,2866.0,2851.0,32443.34,904,835,69,14,6,94
2024-08-01,Aug 2024,2024,-1,Grocery,Mountain West,62452.28,50411.64,12040.64,65432.77,2980.43,1379.0,1367.0,15193.03,505,466,39,11,5,50
2024-08-01,Aug 2024,2024,-1,Grocery,Northeast,47653.36,38495.93,9157.43,49944.33,2291.01,1036.0,1033.0,11783.24,312,288,24,3,0,29
2024-08-01,Aug 2024,2024,-1,Grocery,Pacific,71374.07,56990.23,14383.84,74590.53,3216.48,1533.0,1522.0,17252.43,473,437,36,9,2,47
2024-08-01,Aug 2024,2024,-1,Grocery,Southeast,152664.12,123708.24,28955.88,159794.91,7130.94,3212.0,3190.0,36776.45,1019,951,68,20,5,94
2024-08-01,Aug 2024,2024,-1,Grocery,Texas & Gulf,177104.66,143641.65,33463.01,185484.32,8379.95,3872.0,3846.0,42708.06,1079,995,84,21,6,92
2024-08-01,Aug 2024,2024,-1,Health & Wellness,Mid-Atlantic,49559.37,35194.02,14365.35,52162.9,2603.51,384.0,381.0,4200.82,134,121,13,3,2,42
2024-08-01,Aug 2024,2024,-1,Health & Wellness,Midwest,119122.12,85651.15,33470.97,124812.76,5690.62,959.0,955.0,10472.73,294,270,24,4,3,86
2024-08-01,Aug 2024,2024,-1,Health & Wellness,Mountain West,49608.01,36102.71,13505.3,51861.84,2253.89,399.0,394.0,4249.24,160,148,12,4,3,45
2024-08-01,Aug 2024,2024,-1,Health & Wellness,Northeast,36967.14,26535.53,10431.62,38748.34,1781.22,294.0,289.0,3123.85,102,94,8,5,3,27
2024-08-01,Aug 2024,2024,-1,Health & Wellness,Pacific,62334.0,44189.09,18144.91,65477.38,3143.41,562.0,546.0,5439.81,167,154,13,8,1,43
2024-08-01,Aug 2024,2024,-1,Health & Wellness,Southeast,117498.14,84466.78,33031.35,122905.46,5407.19,970.0,957.0,9933.92,315,293,22,13,5,90
2024-08-01,Aug 2024,2024,-1,Health & Wellness,Texas & Gulf,151396.96,109532.79,41864.17,158830.25,7433.32,1259.0,1250.0,13465.57,362,337,25,8,4,83
2024-08-01,Aug 2024,2024,-1,Home & Kitchen,Mid-Atlantic,70278.65,46679.85,23598.79,73575.2,3296.52,268.0,262.0,3039.89,72,59,13,4,1,32
2024-08-01,Aug 2024,2024,-1,Home & Kitchen,Midwest,140995.13,91357.09,49638.03,147293.93,6298.83,581.0,570.0,5933.23,166,155,11,8,4,75
2024-08-01,Aug 2024,2024,-1,Home & Kitchen,Mountain West,43854.96,28240.26,15614.7,45869.33,2014.38,172.0,171.0,1951.43,69,61,8,1,1,33
2024-08-01,Aug 2024,2024,-1,Home & Kitchen,Northeast,39490.1,25870.01,13620.08,41454.98,1964.88,168.0,165.0,1642.46,52,48,4,3,1,23
2024-08-01,Aug 2024,2024,-1,Home & Kitchen,Pacific,58755.76,37657.14,21098.62,61782.67,3026.88,228.0,225.0,2631.96,83,78,5,3,2,38
2024-08-01,Aug 2024,2024,-1,Home & Kitchen,Southeast,117542.79,75932.58,41610.22,123376.77,5833.98,479.0,467.0,5114.86,161,143,18,10,6,72
2024-08-01,Aug 2024,2024,-1,Home & Kitchen,Texas & Gulf,157256.36,102434.42,54821.95,165044.34,7787.96,620.0,608.0,7125.73,184,171,13,8,0,70
2024-08-01,Aug 2024,2024,-1,Household Essentials,Mid-Atlantic,32000.94,24291.18,7709.76,33539.42,1538.41,443.0,440.0,4711.68,134,122,12,3,1,42
2024-08-01,Aug 2024,2024,-1,Household Essentials,Midwest,65262.72,50413.18,14849.54,68353.49,3090.81,950.0,938.0,9645.37,263,235,28,5,0,82
2024-08-01,Aug 2024,2024,-1,Household Essentials,Mountain West,26083.96,20083.16,6000.79,27368.06,1284.07,374.0,372.0,4076.2,120,115,5,2,1,42
2024-08-01,Aug 2024,2024,-1,Household Essentials,Northeast,17952.67,13587.53,4365.14,18813.23,860.6,277.0,274.0,2681.87,93,79,14,3,2,26
2024-08-01,Aug 2024,2024,-1,Household Essentials,Pacific,40478.82,30963.82,9515.0,42424.09,1945.22,555.0,552.0,5900.47,162,144,18,3,3,38
2024-08-01,Aug 2024,2024,-1,Household Essentials,Southeast,61671.51,46938.15,14733.36,64614.18,2942.71,914.0,907.0,9537.44,303,279,24,7,4,82
2024-08-01,Aug 2024,2024,-1,Household Essentials,Texas & Gulf,66782.96,51254.07,15528.89,70036.2,3253.25,939.0,930.0,10158.73,270,250,20,5,0,77
2024-08-01,Aug 2024,2024,-1,Meat & Seafood,Mid-Atlantic,53814.98,43566.89,10248.09,56513.26,2698.35,598.0,575.0,6479.06,154,138,16,14,2,42
2024-08-01,Aug 2024,2024,-1,Meat & Seafood,Midwest,95335.95,76984.65,18351.3,99781.12,4445.21,1098.0,1068.0,11965.54,290,267,23,22,9,86
2024-08-01,Aug 2024,2024,-1,Meat & Seafood,Mountain West,58856.01,47411.56,11444.45,61550.44,2694.42,597.0,562.0,6711.21,184,170,14,17,10,42
2024-08-01,Aug 2024,2024,-1,Meat & Seafood,Northeast,38916.17,32157.32,6758.85,40701.25,1785.06,434.0,418.0,4857.12,111,99,12,9,2,29
2024-08-01,Aug 2024,2024,-1,Meat & Seafood,Pacific,56016.34,45065.16,10951.17,58757.34,2740.94,630.0,608.0,7012.67,168,156,12,11,2,39
2024-08-01,Aug 2024,2024,-1,Meat & Seafood,Southeast,127694.63,101516.51,26178.12,133885.77,6191.21,1326.0,1273.0,15465.71,355,329,26,29,8,88
2024-08-01,Aug 2024,2024,-1,Meat & Seafood,Texas & Gulf,139201.28,112192.67,27008.61,145967.39,6765.99,1385.0,1321.0,16369.85,349,324,25,25,7,82
2024-08-01,Aug 2024,2024,-1,Toys & Seasonal,Mid-Atlantic,14182.05,10002.24,4179.81,14909.68,727.6,77.0,71.0,792.92,30,26,4,5,3,23
2024-08-01,Aug 2024,2024,-1,Toys & Seasonal,Midwest,41556.26,28996.97,12559.3,43604.38,2048.03,241.0,229.0,2411.29,91,82,9,10,6,59
2024-08-01,Aug 2024,2024,-1,Toys & Seasonal,Mountain West,17894.74,12119.17,5775.57,18796.78,902.04,107.0,94.0,969.23,39,37,2,4,2,29
2024-08-01,Aug 2024,2024,-1,Toys & Seasonal,Northeast,14430.22,10334.35,4095.87,15242.76,812.54,108.0,89.0,882.78,31,31,0,9,3,22
2024-08-01,Aug 2024,2024,-1,Toys & Seasonal,Pacific,19289.06,13121.97,6167.09,20169.54,880.49,109.0,105.0,1088.55,38,34,4,4,4,26
2024-08-01,Aug 2024,2024,-1,Toys & Seasonal,Southeast,42324.85,28944.33,13380.52,44398.79,2073.92,266.0,244.0,2398.89,99,91,8,14,5,54
2024-08-01,Aug 2024,2024,-1,Toys & Seasonal,Texas & Gulf,58110.11,40690.34,17419.77,60680.74,2570.64,304.0,286.0,3209.31,87,80,7,9,4,50
2024-09-01,Sep 2024,2024,0,Apparel,Mid-Atlantic,49058.61,28642.49,20416.12,51578.53,2519.95,232.0,222.0,2650.6,67,60,7,6,1,32
2024-09-01,Sep 2024,2024,0,Apparel,Midwest,97538.84,58979.34,38559.49,101826.22,4287.33,519.0,512.0,5677.64,134,126,8,5,2,63
2024-09-01,Sep 2024,2024,0,Apparel,Mountain West,47815.22,28319.6,19495.62,49928.8,2113.58,257.0,248.0,2644.53,78,70,8,4,0,33
2024-09-01,Sep 2024,2024,0,Apparel,Northeast,26960.67,15975.13,10985.54,28234.83,1274.15,119.0,118.0,1448.16,33,28,5,1,1,19
2024-09-01,Sep 2024,2024,0,Apparel,Pacific,49852.8,28839.51,21013.3,52301.67,2448.93,260.0,257.0,2822.37,78,68,10,3,1,38
2024-09-01,Sep 2024,2024,0,Apparel,Southeast,93940.47,55800.02,38140.45,98556.46,4615.95,494.0,481.0,5550.07,140,129,11,11,4,71
2024-09-01,Sep 2024,2024,0,Apparel,Texas & Gulf,83320.41,49307.42,34012.99,87547.46,4227.04,439.0,425.0,4628.59,134,120,14,9,3,64
2024-09-01,Sep 2024,2024,0,Dairy & Frozen,Mid-Atlantic,23620.75,18602.64,5018.11,24766.37,1145.66,583.0,571.0,5957.61,184,169,15,10,4,43
2024-09-01,Sep 2024,2024,0,Dairy & Frozen,Midwest,56225.51,44979.21,11246.29,59021.15,2795.58,1265.0,1252.0,14069.34,386,352,34,10,4,84
2024-09-01,Sep 2024,2024,0,Dairy & Frozen,Mountain West,21911.13,17224.54,4686.59,22981.79,1070.71,505.0,499.0,5501.46,188,173,15,5,3,47
2024-09-01,Sep 2024,2024,0,Dairy & Frozen,Northeast,20298.79,16324.7,3974.09,21145.31,846.51,465.0,454.0,5179.01,136,122,14,6,2,28
2024-09-01,Sep 2024,2024,0,Dairy & Frozen,Pacific,26983.83,21213.12,5770.71,28242.65,1258.72,638.0,633.0,6904.05,213,197,16,5,2,45
2024-09-01,Sep 2024,2024,0,Dairy & Frozen,Southeast,48431.79,38598.06,9833.73,50779.64,2347.77,1183.0,1158.0,11887.62,394,363,31,16,8,89
2024-09-01,Sep 2024,2024,0,Dairy & Frozen,Texas & Gulf,52159.53,41773.49,10386.03,54633.1,2473.54,1244.0,1228.0,13525.38,376,344,32,9,1,85
2024-09-01,Sep 2024,2024,0,Electronics,Mid-Atlantic,129770.19,111707.34,18062.85,135090.89,5320.68,133.0,132.0,1408.99,35,30,5,1,1,24
2024-09-01,Sep 2024,2024,0,Electronics,Midwest,234853.92,207331.37,27522.55,245780.43,10926.47,250.0,238.0,2424.6,70,64,6,4,0,46
2024-09-01,Sep 2024,2024,0,Electronics,Mountain West,89711.88,79623.27,10088.61,93738.0,4026.12,90.0,85.0,946.12,42,38,4,4,2,25
2024-09-01,Sep 2024,2024,0,Electronics,Northeast,98187.01,87442.5,10744.51,103750.04,5563.04,98.0,98.0,1034.15,23,23,0,0,0,15
2024-09-01,Sep 2024,2024,0,Electronics,Pacific,131970.99,112888.14,19082.84,138434.29,6463.26,147.0,131.0,1464.34,41,39,2,7,4,26
2024-09-01,Sep 2024,2024,0,Electronics,Southeast,261315.06,230722.43,30592.63,273278.2,11963.14,271.0,257.0,2776.85,81,73,8,7,3,53
2024-09-01,Sep 2024,2024,0,Electronics,Texas & Gulf,199645.02,176095.09,23549.93,209560.19,9915.15,208.0,194.0,2137.4,63,56,7,5,1,41
2024-09-01,Sep 2024,2024,0,Fresh & Produce,Mid-Atlantic,22735.73,16594.44,6141.29,23765.47,1029.73,810.0,763.0,7952.51,238,221,17,21,7,46
2024-09-01,Sep 2024,2024,0,Fresh & Produce,Midwest,41494.76,30770.6,10724.16,43505.59,2010.81,1493.0,1430.0,14903.62,454,431,23,43,18,85
2024-09-01,Sep 2024,2024,0,Fresh & Produce,Mountain West,20243.25,14963.88,5279.37,21204.54,961.18,757.0,699.0,6922.34,261,237,24,35,16,49
2024-09-01,Sep 2024,2024,0,Fresh & Produce,Northeast,15168.15,11260.39,3907.76,15863.84,695.67,528.0,491.0,5203.97,149,138,11,21,8,29
2024-09-01,Sep 2024,2024,0,Fresh & Produce,Pacific,25064.84,18570.16,6494.68,26291.69,1226.87,876.0,841.0,8792.91,282,263,19,24,10,47
2024-09-01,Sep 2024,2024,0,Fresh & Produce,Southeast,42396.1,31631.61,10764.49,44393.65,1997.55,1498.0,1411.0,14846.65,466,429,37,52,24,92
2024-09-01,Sep 2024,2024,0,Fresh & Produce,Texas & Gulf,50151.39,36932.98,13218.41,52524.21,2372.83,1680.0,1604.0,17492.72,474,435,39,46,14,92
2024-09-01,Sep 2024,2024,0,Grocery,Mid-Atlantic,65742.99,53025.36,12717.63,68763.55,3020.63,1435.0,1424.0,15836.7,427,389,38,10,3,48
2024-09-01,Sep 2024,2024,0,Grocery,Midwest,132078.29,107845.71,24232.58,138404.99,6326.62,2864.0,2837.0,32215.93,864,802,62,22,4,90
2024-09-01,Sep 2024,2024,0,Grocery,Mountain West,51745.53,41600.61,10144.93,54264.33,2518.8,1101.0,1089.0,12609.19,403,373,30,10,6,49
2024-09-01,Sep 2024,2024,0,Grocery,Northeast,34843.78,28392.71,6451.07,36483.45,1639.69,721.0,717.0,8522.7,243,216,27,3,2,28
2024-09-01,Sep 2024,2024,0,Grocery,Pacific,70231.3,56068.38,14162.91,73641.49,3410.12,1471.0,1467.0,16941.85,468,421,47,4,0,46
2024-09-01,Sep 2024,2024,0,Grocery,Southeast,131220.08,105643.94,25576.14,137172.46,5952.45,2774.0,2753.0,31705.17,934,850,84,18,8,95
2024-09-01,Sep 2024,2024,0,Grocery,Texas & Gulf,125460.13,101423.99,24036.14,131348.78,5888.7,2654.0,2637.0,30307.27,799,744,55,11,1,93
2024-09-01,Sep 2024,2024,0,Health & Wellness,Mid-Atlantic,50951.1,36031.54,14919.56,53455.24,2504.15,412.0,408.0,4411.12,132,119,13,3,0,40
2024-09-01,Sep 2024,2024,0,Health & Wellness,Midwest,101631.63,72670.8,28960.83,106341.25,4709.58,762.0,756.0,8659.75,230,215,15,4,1,78
2024-09-01,Sep 2024,2024,0,Health & Wellness,Mountain West,43323.9,30869.92,12453.98,45422.73,2098.78,361.0,358.0,3838.53,142,134,8,3,1,47
2024-09-01,Sep 2024,2024,0,Health & Wellness,Northeast,32084.28,23620.05,8464.23,33578.09,1493.85,266.0,263.0,2783.5,88,84,4,2,2,26
2024-09-01,Sep 2024,2024,0,Health & Wellness,Pacific,54243.64,37360.56,16883.08,56888.96,2645.24,426.0,422.0,4455.15,156,145,11,4,2,43
2024-09-01,Sep 2024,2024,0,Health & Wellness,Southeast,101394.97,72100.31,29294.66,106079.11,4684.1,825.0,814.0,8664.19,270,250,20,7,3,85
2024-09-01,Sep 2024,2024,0,Health & Wellness,Texas & Gulf,104166.44,74696.67,29469.76,108807.06,4640.52,827.0,817.0,8933.62,271,253,18,8,3,78
2024-09-01,Sep 2024,2024,0,Home & Kitchen,Mid-Atlantic,59397.67,37805.45,21592.22,62015.18,2617.44,224.0,221.0,2376.46,83,81,2,2,1,39
2024-09-01,Sep 2024,2024,0,Home & Kitchen,Midwest,119011.56,78757.14,40254.42,124853.85,5842.21,516.0,513.0,5212.61,141,126,15,2,0,63
2024-09-01,Sep 2024,2024,0,Home & Kitchen,Mountain West,59343.22,37964.03,21379.18,62189.2,2846.06,237.0,232.0,2444.25,81,67,14,4,2,40
2024-09-01,Sep 2024,2024,0,Home & Kitchen,Northeast,38613.46,24923.36,13690.1,40540.04,1926.55,156.0,153.0,1639.51,48,45,3,2,0,20
2024-09-01,Sep 2024,2024,0,Home & Kitchen,Pacific,52869.89,34408.6,18461.29,55327.02,2457.14,207.0,202.0,2357.86,67,64,3,3,1,36
2024-09-01,Sep 2024,2024,0,Home & Kitchen,Southeast,155801.22,102272.85,53528.36,162952.01,7150.79,615.0,598.0,6781.59,172,160,12,8,2,76
2024-09-01,Sep 2024,2024,0,Home & Kitchen,Texas & Gulf,129227.97,83364.29,45863.69,134845.0,5617.09,517.0,504.0,5497.05,139,119,20,8,2,65
2024-09-01,Sep 2024,2024,0,Household Essentials,Mid-Atlantic,26249.15,19729.18,6519.97,27472.77,1223.57,366.0,360.0,3885.33,120,110,10,5,2,41
2024-09-01,Sep 2024,2024,0,Household Essentials,Midwest,52535.47,40187.2,12348.27,55112.89,2577.46,750.0,740.0,8093.58,238,216,22,8,3,80
2024-09-01,Sep 2024,2024,0,Household Essentials,Mountain West,25071.83,19603.55,5468.28,26301.9,1230.05,353.0,349.0,3853.19,129,118,11,3,1,42
2024-09-01,Sep 2024,2024,0,Household Essentials,Northeast,15683.17,12005.43,3677.74,16456.73,773.58,218.0,214.0,2328.16,78,72,6,4,1,22
2024-09-01,Sep 2024,2024,0,Household Essentials,Pacific,27822.18,20831.41,6990.77,29149.03,1326.77,394.0,393.0,3998.21,119,105,14,1,0,38
2024-09-01,Sep 2024,2024,0,Household Essentials,Southeast,52705.8,40360.99,12344.82,55193.49,2487.84,767.0,763.0,7881.95,259,239,20,4,1,79
2024-09-01,Sep 2024,2024,0,Household Essentials,Texas & Gulf,49962.75,38040.34,11922.41,52406.93,2444.03,762.0,755.0,7687.54,230,219,11,5,0,79
2024-09-01,Sep 2024,2024,0,Meat & Seafood,Mid-Atlantic,51743.67,40682.27,11061.4,54285.32,2541.58,485.0,470.0,5976.53,152,141,11,9,3,45
2024-09-01,Sep 2024,2024,0,Meat & Seafood,Midwest,94527.44,76480.59,18046.85,99012.96,4485.59,990.0,953.0,11590.16,289,271,18,26,12,82
2024-09-01,Sep 2024,2024,0,Meat & Seafood,Mountain West,41228.72,32853.8,8374.91,43344.4,2115.73,419.0,409.0,4903.45,156,147,9,8,5,44
2024-09-01,Sep 2024,2024,0,Meat & Seafood,Northeast,23191.15,18336.06,4855.09,24361.21,1170.18,237.0,226.0,2662.83,82,76,6,7,3,25
2024-09-01,Sep 2024,2024,0,Meat & Seafood,Pacific,43977.43,34483.17,9494.26,46064.95,2087.42,483.0,461.0,5236.2,145,126,19,8,3,42
2024-09-01,Sep 2024,2024,0,Meat & Seafood,Southeast,86810.44,68199.0,18611.44,90911.81,4101.32,862.0,824.0,10055.2,297,275,22,28,14,85
2024-09-01,Sep 2024,2024,0,Meat & Seafood,Texas & Gulf,80743.68,64511.35,16232.33,84487.98,3744.4,847.0,824.0,9425.33,272,251,21,15,6,83
2024-09-01,Sep 2024,2024,0,Toys & Seasonal,Mid-Atlantic,17777.38,11872.95,5904.43,18666.16,888.8,108.0,105.0,974.44,37,34,3,2,0,23
2024-09-01,Sep 2024,2024,0,Toys & Seasonal,Midwest,38165.38,26197.25,11968.12,40009.79,1844.4,203.0,185.0,2139.42,70,65,5,12,5,48
2024-09-01,Sep 2024,2024,0,Toys & Seasonal,Mountain West,18938.96,12946.98,5991.98,19701.93,762.97,93.0,92.0,1012.59,42,35,7,1,1,29
2024-09-01,Sep 2024,2024,0,Toys & Seasonal,Northeast,16201.32,11714.39,4486.93,17096.45,895.14,89.0,83.0,940.86,25,21,4,6,4,13
2024-09-01,Sep 2024,2024,0,Toys & Seasonal,Pacific,20801.05,14705.66,6095.38,21724.13,923.05,115.0,105.0,1154.91,45,40,5,3,2,28
2024-09-01,Sep 2024,2024,0,Toys & Seasonal,Southeast,39538.93,26600.92,12938.01,41275.69,1736.8,222.0,210.0,2148.85,77,73,4,5,2,46
2024-09-01,Sep 2024,2024,0,Toys & Seasonal,Texas & Gulf,37781.42,25918.09,11863.32,39405.22,1623.77,237.0,217.0,2194.53,75,72,3,10,4,51
2024-10-01,Oct 2024,2025,1,Apparel,Mid-Atlantic,47064.89,29763.47,17301.43,49243.02,2178.15,244.0,242.0,2796.55,64,59,5,2,2,34
2024-10-01,Oct 2024,2025,1,Apparel,Midwest,88882.16,52710.25,36171.92,93217.62,4335.43,466.0,454.0,5081.01,148,140,8,9,5,67
2024-10-01,Oct 2024,2025,1,Apparel,Mountain West,38297.36,22566.26,15731.11,40154.53,1857.13,195.0,186.0,2144.26,82,78,4,5,3,39
2024-10-01,Oct 2024,2025,1,Apparel,Northeast,31354.97,18748.5,12606.47,32889.32,1534.34,155.0,145.0,1775.16,49,46,3,3,0,23
2024-10-01,Oct 2024,2025,1,Apparel,Pacific,39445.25,22999.6,16445.65,41345.91,1900.66,214.0,203.0,2142.33,86,78,8,7,4,37
2024-10-01,Oct 2024,2025,1,Apparel,Southeast,90817.24,53293.88,37523.36,95329.16,4511.94,496.0,480.0,5094.96,161,148,13,11,3,71
2024-10-01,Oct 2024,2025,1,Apparel,Texas & Gulf,91655.4,53535.35,38120.05,95970.57,4315.11,484.0,471.0,5081.06,145,137,8,8,2,72
2024-10-01,Oct 2024,2025,1,Dairy & Frozen,Mid-Atlantic,25757.89,20696.06,5061.84,26954.24,1196.34,574.0,567.0,6431.64,175,158,17,6,3,45
2024-10-01,Oct 2024,2025,1,Dairy & Frozen,Midwest,58098.7,46048.72,12049.99,60814.85,2716.06,1315.0,1291.0,14315.75,419,382,37,15,6,88
2024-10-01,Oct 2024,2025,1,Dairy & Frozen,Mountain West,18063.02,14444.89,3618.13,18864.25,801.24,466.0,458.0,4746.24,199,179,20,6,2,48
2024-10-01,Oct 2024,2025,1,Dairy & Frozen,Northeast,13156.54,10225.47,2931.07,13833.58,677.04,317.0,310.0,3281.9,104,96,8,5,1,26
2024-10-01,Oct 2024,2025,1,Dairy & Frozen,Pacific,29784.53,23152.14,6632.39,31115.15,1330.63,695.0,680.0,7350.41,219,209,10,12,5,42
2024-10-01,Oct 2024,2025,1,Dairy & Frozen,Southeast,52822.74,42310.01,10512.73,55390.06,2567.39,1216.0,1197.0,13464.88,409,372,37,15,3,89
2024-10-01,Oct 2024,2025,1,Dairy & Frozen,Texas & Gulf,55370.27,43628.35,11741.92,58064.98,2694.71,1296.0,1277.0,13665.78,401,370,31,16,2,82
2024-10-01,Oct 2024,2025,1,Electronics,Mid-Atlantic,110824.38,97234.52,13589.86,117225.94,6401.55,121.0,116.0,1244.92,33,28,5,3,1,23
2024-10-01,Oct 2024,2025,1,Electronics,Midwest,289964.7,255689.51,34275.19,303831.67,13866.97,305.0,277.0,3103.55,90,78,12,9,4,53
2024-10-01,Oct 2024,2025,1,Electronics,Mountain West,83545.01,76738.54,6806.47,87935.44,4390.49,103.0,100.0,869.85,31,28,3,3,1,24
2024-10-01,Oct 2024,2025,1,Electronics,Northeast,68004.91,60697.55,7307.36,70490.19,2485.28,68.0,68.0,703.85,18,18,0,0,0,11
2024-10-01,Oct 2024,2025,1,Electronics,Pacific,101574.32,89924.37,11649.96,105936.44,4362.07,127.0,101.0,1092.3,38,35,3,9,2,23
2024-10-01,Oct 2024,2025,1,Electronics,Southeast,243394.59,211675.64,31718.95,254881.23,11486.63,272.0,256.0,2534.33,85,77,8,7,2,53
2024-10-01,Oct 2024,2025,1,Electronics,Texas & Gulf,306084.93,269464.53,36620.39,320332.13,14247.21,316.0,292.0,3251.28,84,80,4,11,3,48
2024-10-01,Oct 2024,2025,1,Fresh & Produce,Mid-Atlantic,19955.33,14760.24,5195.09,20941.44,986.08,735.0,692.0,6914.1,231,208,23,23,12,46
2024-10-01,Oct 2024,2025,1,Fresh & Produce,Midwest,49528.86,36874.05,12654.81,51831.58,2302.83,1681.0,1592.0,17138.3,491,450,41,41,13,89
2024-10-01,Oct 2024,2025,1,Fresh & Produce,Mountain West,17231.22,12953.39,4277.83,18114.54,883.21,624.0,584.0,5966.93,251,236,15,32,23,49
2024-10-01,Oct 2024,2025,1,Fresh & Produce,Northeast,12064.36,8793.27,3271.09,12597.92,533.65,463.0,438.0,4376.51,145,138,7,16,6,24
2024-10-01,Oct 2024,2025,1,Fresh & Produce,Pacific,23780.58,17505.23,6275.35,24945.91,1165.29,870.0,811.0,8346.05,274,252,22,34,13,46
2024-10-01,Oct 2024,2025,1,Fresh & Produce,Southeast,46996.44,34678.49,12317.95,49191.03,2194.48,1670.0,1579.0,16389.1,514,460,54,57,25,91
2024-10-01,Oct 2024,2025,1,Fresh & Produce,Texas & Gulf,48824.47,36215.12,12609.35,51167.06,2342.63,1722.0,1650.0,17647.1,496,465,31,44,16,89
2024-10-01,Oct 2024,2025,1,Grocery,Mid-Atlantic,67029.11,54636.09,12393.02,70166.49,3137.31,1580.0,1560.0,16866.04,436,400,36,12,2,46
2024-10-01,Oct 2024,2025,1,Grocery,Midwest,143967.75,116904.62,27063.13,150672.26,6704.52,3090.0,3069.0,34646.36,919,855,64,16,3,91
2024-10-01,Oct 2024,2025,1,Grocery,Mountain West,58592.84,47549.5,11043.34,61296.46,2703.55,1297.0,1284.0,14602.53,466,433,33,11,8,49
2024-10-01,Oct 2024,2025,1,Grocery,Northeast,42552.35,34881.63,7670.72,44573.45,2021.07,916.0,913.0,10421.89,279,262,17,3,1,28
2024-10-01,Oct 2024,2025,1,Grocery,Pacific,71057.1,56848.0,14209.1,74470.26,3413.13,1541.0,1526.0,17117.8,478,441,37,11,4,47
2024-10-01,Oct 2024,2025,1,Grocery,Southeast,159065.78,129993.09,29072.69,166668.84,7603.24,3438.0,3411.0,39021.41,1044,959,85,20,5,94
2024-10-01,Oct 2024,2025,1,Grocery,Texas & Gulf,134889.1,109802.13,25086.97,141381.12,6492.18,2945.0,2924.0,33522.02,866,788,78,16,5,91
2024-10-01,Oct 2024,2025,1,Health & Wellness,Mid-Atlantic,58597.99,41532.33,17065.67,61305.17,2707.22,455.0,450.0,5108.98,130,120,10,3,1,43
2024-10-01,Oct 2024,2025,1,Health & Wellness,Midwest,136651.56,98164.36,38487.19,143323.95,6672.46,1062.0,1057.0,11391.56,300,279,21,5,3,84
2024-10-01,Oct 2024,2025,1,Health & Wellness,Mountain West,52608.07,37820.24,14787.84,55087.2,2479.16,419.0,416.0,4443.67,148,122,26,3,2,46
2024-10-01,Oct 2024,2025,1,Health & Wellness,Northeast,27138.55,19233.24,7905.31,28428.33,1289.79,233.0,228.0,2359.21,68,62,6,4,1,22
2024-10-01,Oct 2024,2025,1,Health & Wellness,Pacific,49819.58,35219.63,14599.95,52020.98,2201.39,400.0,396.0,4236.74,139,117,22,3,2,43
2024-10-01,Oct 2024,2025,1,Health & Wellness,Southeast,132725.78,94481.63,38244.16,138788.63,6062.91,1051.0,1034.0,11150.02,307,279,28,11,4,89
2024-10-01,Oct 2024,2025,1,Health & Wellness,Texas & Gulf,134426.98,96926.23,37500.75,140649.99,6223.06,1047.0,1036.0,11188.22,295,267,28,8,2,87
2024-10-01,Oct 2024,2025,1,Home & Kitchen,Mid-Atlantic,57993.68,37455.39,20538.29,60831.06,2837.4,225.0,218.0,2438.77,63,57,6,3,0,32
2024-10-01,Oct 2024,2025,1,Home & Kitchen,Midwest,151344.73,98380.13,52964.6,158921.13,7576.34,599.0,584.0,6437.75,174,162,12,9,1,74
2024-10-01,Oct 2024,2025,1,Home & Kitchen,Mountain West,52658.42,34318.46,18339.96,54840.98,2182.57,224.0,222.0,2268.11,78,71,7,2,2,38
2024-10-01,Oct 2024,2025,1,Home & Kitchen,Northeast,32244.36,20677.63,11566.73,34033.08,1788.7,126.0,125.0,1430.27,40,38,2,1,0,20
2024-10-01,Oct 2024,2025,1,Home & Kitchen,Pacific,66101.94,42620.15,23481.79,69024.77,2922.89,241.0,238.0,2745.09,74,71,3,2,1,30
2024-10-01,Oct 2024,2025,1,Home & Kitchen,Southeast,151918.26,99123.5,52794.76,159314.98,7396.81,548.0,544.0,6076.67,160,148,12,3,3,72
2024-10-01,Oct 2024,2025,1,Home & Kitchen,Texas & Gulf,139413.36,90003.69,49409.67,146366.03,6952.68,545.0,539.0,5841.6,160,145,15,4,0,69
2024-10-01,Oct 2024,2025,1,Household Essentials,Mid-Atlantic,24340.46,18461.35,5879.12,25601.97,1261.53,349.0,347.0,3730.19,109,98,11,2,1,41
2024-10-01,Oct 2024,2025,1,Household Essentials,Midwest,61846.98,47342.55,14504.42,64885.78,3038.87,876.0,868.0,9205.21,254,237,17,4,0,80
2024-10-01,Oct 2024,2025,1,Household Essentials,Mountain West,28061.24,21511.2,6550.04,29454.7,1393.5,388.0,387.0,4193.11,148,141,7,1,1,43
2024-10-01,Oct 2024,2025,1,Household Essentials,Northeast,16614.71,12658.73,3955.98,17439.38,824.67,237.0,236.0,2387.54,60,56,4,1,0,22
2024-10-01,Oct 2024,2025,1,Household Essentials,Pacific,30586.8,22844.66,7742.14,32139.45,1552.59,402.0,398.0,4399.86,124,116,8,2,0,42
2024-10-01,Oct 2024,2025,1,Household Essentials,Southeast,61774.13,47650.39,14123.73,64698.89,2924.84,872.0,865.0,9097.52,263,244,19,4,1,86
2024-10-01,Oct 2024,2025,1,Household Essentials,Texas & Gulf,63412.09,48107.28,15304.81,66383.08,2970.97,883.0,876.0,9324.94,260,242,18,7,3,78
2024-10-01,Oct 2024,2025,1,Meat & Seafood,Mid-Atlantic,38617.65,31555.48,7062.17,40357.17,1739.49,435.0,416.0,4782.18,129,117,12,12,5,40
2024-10-01,Oct 2024,2025,1,Meat & Seafood,Midwest,99008.12,79964.63,19043.48,104005.43,4997.32,1033.0,1013.0,12186.31,330,309,21,14,7,88
2024-10-01,Oct 2024,2025,1,Meat & Seafood,Mountain West,40568.71,32165.73,8402.98,42543.34,1974.62,419.0,409.0,4825.72,166,155,11,9,4,48
2024-10-01,Oct 2024,2025,1,Meat & Seafood,Northeast,25216.81,20372.95,4843.86,26516.95,1300.1,265.0,260.0,2979.27,86,82,4,4,2,23
2024-10-01,Oct 2024,2025,1,Meat & Seafood,Pacific,46299.84,36594.47,9705.37,48478.5,2178.61,516.0,493.0,5430.55,172,155,17,15,5,42
2024-10-01,Oct 2024,2025,1,Meat & Seafood,Southeast,86546.68,69630.91,16915.77,90667.09,4120.17,915.0,888.0,10566.13,295,268,27,18,8,88
2024-10-01,Oct 2024,2025,1,Meat & Seafood,Texas & Gulf,113031.73,90573.49,22458.24,118434.43,5402.76,1153.0,1122.0,13385.73,321,294,27,19,5,84
2024-10-01,Oct 2024,2025,1,Toys & Seasonal,Mid-Atlantic,26677.38,18310.64,8366.73,28094.37,1416.98,161.0,159.0,1600.78,40,39,1,1,0,26
2024-10-01,Oct 2024,2025,1,Toys & Seasonal,Midwest,50800.01,36039.09,14760.92,52903.06,2103.13,334.0,301.0,2924.46,78,72,6,13,6,51
2024-10-01,Oct 2024,2025,1,Toys & Seasonal,Mountain West,19769.93,14571.86,5198.08,20709.38,939.5,120.0,114.0,1244.86,45,43,2,6,5,27
2024-10-01,Oct 2024,2025,1,Toys & Seasonal,Northeast,18919.67,12827.13,6092.54,19943.42,1023.74,105.0,103.0,1009.08,21,21,0,1,0,12
2024-10-01,Oct 2024,2025,1,Toys & Seasonal,Pacific,20740.13,13894.17,6845.96,21594.89,854.73,113.0,109.0,1080.24,38,34,4,3,1,27
2024-10-01,Oct 2024,2025,1,Toys & Seasonal,Southeast,47037.41,30985.64,16051.77,49344.27,2306.86,259.0,240.0,2458.91,83,76,7,8,5,56
2024-10-01,Oct 2024,2025,1,Toys & Seasonal,Texas & Gulf,34148.41,23274.28,10874.13,35587.44,1439.06,202.0,188.0,1852.57,73,66,7,8,4,45
2024-11-01,Nov 2024,2025,2,Apparel,Mid-Atlantic,53458.82,32309.56,21149.25,55987.91,2529.04,277.0,268.0,2976.02,95,86,9,8,3,39
2024-11-01,Nov 2024,2025,2,Apparel,Midwest,82431.87,48874.34,33557.54,86273.05,3841.18,422.0,403.0,4629.35,139,128,11,11,3,60
2024-11-01,Nov 2024,2025,2,Apparel,Mountain West,33336.22,20326.29,13009.94,34819.74,1483.5,199.0,186.0,1951.53,85,74,11,10,4,43
2024-11-01,Nov 2024,2025,2,Apparel,Northeast,16566.56,9692.42,6874.14,17364.56,797.97,100.0,94.0,1010.99,37,36,1,5,5,20
2024-11-01,Nov 2024,2025,2,Apparel,Pacific,45856.12,26853.28,19002.84,48003.36,2147.24,253.0,242.0,2593.9,74,69,5,8,4,38
2024-11-01,Nov 2024,2025,2,Apparel,Southeast,91477.9,53193.05,38284.85,95818.42,4340.43,467.0,463.0,4940.63,145,132,13,4,0,69
2024-11-01,Nov 2024,2025,2,Apparel,Texas & Gulf,99171.41,57269.49,41901.93,103781.94,4610.57,490.0,473.0,5557.15,157,144,13,8,2,66
2024-11-01,Nov 2024,2025,2,Dairy & Frozen,Mid-Atlantic,26304.93,20802.93,5502.0,27591.03,1286.07,608.0,598.0,6530.8,205,185,20,5,0,45
2024-11-01,Nov 2024,2025,2,Dairy & Frozen,Midwest,45457.07,36142.28,9314.79,47485.17,2028.11,1052.0,1038.0,11621.11,343,323,20,7,1,87
2024-11-01,Nov 2024,2025,2,Dairy & Frozen,Mountain West,17507.71,13807.17,3700.53,18373.25,865.55,414.0,401.0,4550.25,173,160,13,10,3,46
2024-11-01,Nov 2024,2025,2,Dairy & Frozen,Northeast,17388.68,13823.07,3565.6,18194.05,805.42,443.0,436.0,4271.77,129,121,8,6,3,26
2024-11-01,Nov 2024,2025,2,Dairy & Frozen,Pacific,28532.93,22246.39,6286.54,29872.27,1339.29,690.0,673.0,6929.47,227,202,25,9,2,47
2024-11-01,Nov 2024,2025,2,Dairy & Frozen,Southeast,51639.01,40773.86,10865.14,54007.77,2368.77,1198.0,1190.0,12820.18,362,344,18,7,6,89
2024-11-01,Nov 2024,2025,2,Dairy & Frozen,Texas & Gulf,49815.49,39073.61,10741.88,52164.45,2348.9,1148.0,1136.0,12398.92,359,337,22,9,3,86
2024-11-01,Nov 2024,2025,2,Electronics,Mid-Atlantic,140629.54,119962.25,20667.29,147176.47,6546.9,128.0,123.0,1496.42,32,28,4,3,1,25
2024-11-01,Nov 2024,2025,2,Electronics,Midwest,269235.61,236956.21,32279.39,283192.12,13956.48,295.0,284.0,2896.77,60,55,5,6,3,41
2024-11-01,Nov 2024,2025,2,Electronics,Mountain West,90959.64,76977.54,13982.1,94786.17,3826.5,95.0,95.0,975.48,32,30,2,0,0,22
2024-11-01,Nov 2024,2025,2,Electronics,Northeast,53320.06,46066.9,7253.16,56327.0,3006.97,71.0,64.0,609.54,19,17,2,3,1,11
2024-11-01,Nov 2024,2025,2,Electronics,Pacific,165640.25,146909.34,18730.91,172157.14,6516.86,191.0,186.0,1789.19,45,34,11,1,0,28
2024-11-01,Nov 2024,2025,2,Electronics,Southeast,300403.78,258511.56,41892.22,315637.59,15233.73,307.0,283.0,3127.29,84,72,12,7,2,55
2024-11-01,Nov 2024,2025,2,Electronics,Texas & Gulf,351030.39,310083.64,40946.75,367580.41,16550.1,366.0,353.0,3822.63,78,75,3,6,4,47
2024-11-01,Nov 2024,2025,2,Fresh & Produce,Mid-Atlantic,22690.34,16634.95,6055.4,23795.73,1105.38,818.0,764.0,7915.95,255,230,25,33,14,46
2024-11-01,Nov 2024,2025,2,Fresh & Produce,Midwest,44818.22,33209.15,11609.07,46900.85,2082.4,1590.0,1509.0,15443.37,477,444,33,52,18,87
2024-11-01,Nov 2024,2025,2,Fresh & Produce,Mountain West,17023.84,12620.18,4403.67,17821.34,797.57,603.0,565.0,5901.44,245,222,23,27,18,51
2024-11-01,Nov 2024,2025,2,Fresh & Produce,Northeast,12262.19,9207.39,3054.8,12885.15,622.92,441.0,423.0,4232.39,154,143,11,13,6,27
2024-11-01,Nov 2024,2025,2,Fresh & Produce,Pacific,21546.6,15785.18,5761.42,22549.12,1002.55,752.0,714.0,7289.47,264,251,13,21,4,45
2024-11-01,Nov 2024,2025,2,Fresh & Produce,Southeast,41613.49,30695.38,10918.11,43647.57,2034.12,1478.0,1415.0,14438.91,467,431,36,45,23,90
2024-11-01,Nov 2024,2025,2,Fresh & Produce,Texas & Gulf,42814.65,31412.68,11401.98,44845.25,2030.62,1503.0,1420.0,14818.05,497,457,40,53,26,90
2024-11-01,Nov 2024,2025,2,Grocery,Mid-Atlantic,94784.41,77291.46,17492.95,99403.92,4619.5,1973.0,1969.0,23344.67,502,469,33,4,3,48
2024-11-01,Nov 2024,2025,2,Grocery,Midwest,132389.83,107611.14,24778.69,138634.33,6244.51,2856.0,2835.0,32091.4,801,749,52,15,6,90
2024-11-01,Nov 2024,2025,2,Grocery,Mountain West,61627.83,49779.27,11848.56,64550.02,2922.1,1310.0,1294.0,14721.42,405,368,37,11,4,51
2024-11-01,Nov 2024,2025,2,Grocery,Northeast,48052.01,39108.64,8943.37,50441.04,2388.92,1034.0,1032.0,11793.21,310,288,22,2,1,27
2024-11-01,Nov 2024,2025,2,Grocery,Pacific,90556.48,72451.23,18105.25,94915.57,4358.94,1961.0,1948.0,22003.13,566,520,46,10,3,48
2024-11-01,Nov 2024,2025,2,Grocery,Southeast,131310.78,105427.11,25883.67,137691.53,6380.65,2833.0,2815.0,32462.49,852,789,63,13,2,94
2024-11-01,Nov 2024,2025,2,Grocery,Texas & Gulf,147457.61,117714.47,29743.14,154253.25,6795.43,3229.0,3195.0,35347.25,954,884,70,27,8,93
2024-11-01,Nov 2024,2025,2,Health & Wellness,Mid-Atlantic,66230.95,47056.76,19174.19,69279.93,3048.84,469.0,466.0,5612.56,154,141,13,3,1,47
2024-11-01,Nov 2024,2025,2,Health & Wellness,Midwest,99042.76,70357.29,28685.47,103787.31,4744.51,798.0,791.0,8569.09,248,226,22,7,2,83
2024-11-01,Nov 2024,2025,2,Health & Wellness,Mountain West,48341.69,34581.23,13760.46,51065.23,2723.5,379.0,377.0,4285.46,128,121,7,2,0,39
2024-11-01,Nov 2024,2025,2,Health & Wellness,Northeast,50432.76,36164.99,14267.77,52847.37,2414.65,392.0,387.0,4309.46,121,111,10,4,0,27
2024-11-01,Nov 2024,2025,2,Health & Wellness,Pacific,62770.67,45018.31,17752.36,65897.68,3127.03,520.0,517.0,5367.18,150,144,6,2,1,46
2024-11-01,Nov 2024,2025,2,Health & Wellness,Southeast,103539.76,73601.69,29938.08,108245.87,4706.1,842.0,831.0,8893.12,264,240,24,11,7,84
2024-11-01,Nov 2024,2025,2,Health & Wellness,Texas & Gulf,110982.98,78745.58,32237.4,116593.98,5611.08,887.0,882.0,9592.15,279,250,29,5,2,83
2024-11-01,Nov 2024,2025,2,Home & Kitchen,Mid-Atlantic,89812.95,58533.49,31279.46,93879.13,4066.16,342.0,340.0,3817.37,91,83,8,2,0,41
2024-11-01,Nov 2024,2025,2,Home & Kitchen,Midwest,132680.07,85836.43,46843.63,139214.32,6534.28,510.0,503.0,5726.37,145,141,4,3,0,65
2024-11-01,Nov 2024,2025,2,Home & Kitchen,Mountain West,55874.62,36093.51,19781.11,58692.11,2817.46,229.0,224.0,2377.74,83,76,7,4,1,32
2024-11-01,Nov 2024,2025,2,Home & Kitchen,Northeast,44226.26,28828.8,15397.46,46199.15,1972.85,170.0,165.0,1931.42,56,54,2,3,1,22
2024-11-01,Nov 2024,2025,2,Home & Kitchen,Pacific,99159.01,64652.64,34506.37,103478.7,4319.67,389.0,383.0,4340.34,105,104,1,5,2,42
2024-11-01,Nov 2024,2025,2,Home & Kitchen,Southeast,144267.54,92874.83,51392.71,151047.93,6780.4,560.0,555.0,5903.31,166,154,12,5,3,77
2024-11-01,Nov 2024,2025,2,Home & Kitchen,Texas & Gulf,116899.78,74920.8,41978.98,122427.17,5527.42,444.0,440.0,4959.24,145,129,16,2,1,65
2024-11-01,Nov 2024,2025,2,Household Essentials,Mid-Atlantic,29198.94,22517.91,6681.03,30525.86,1326.97,417.0,409.0,4209.88,134,118,16,7,1,42
2024-11-01,Nov 2024,2025,2,Household Essentials,Midwest,45462.74,34721.78,10740.95,47714.29,2251.59,650.0,646.0,6780.34,214,196,18,4,0,75
2024-11-01,Nov 2024,2025,2,Household Essentials,Mountain West,23755.53,17964.53,5791.01,24916.6,1161.11,318.0,311.0,3559.95,116,109,7,5,3,44
2024-11-01,Nov 2024,2025,2,Household Essentials,Northeast,22063.51,17007.2,5056.31,23121.31,1057.75,294.0,290.0,3274.79,100,94,6,2,1,25
2024-11-01,Nov 2024,2025,2,Household Essentials,Pacific,32005.13,24526.42,7478.71,33405.28,1400.18,439.0,438.0,4769.62,134,121,13,1,1,41
2024-11-01,Nov 2024,2025,2,Household Essentials,Southeast,58280.77,44171.3,14109.47,61114.38,2833.57,792.0,784.0,8598.42,255,230,25,7,3,80
2024-11-01,Nov 2024,2025,2,Household Essentials,Texas & Gulf,57608.63,43461.02,14147.61,60249.08,2640.35,784.0,771.0,8451.81,249,232,17,8,1,81
2024-11-01,Nov 2024,2025,2,Meat & Seafood,Mid-Atlantic,47497.38,38589.1,8908.28,49823.67,2326.13,477.0,460.0,5592.83,156,147,9,11,5,45
2024-11-01,Nov 2024,2025,2,Meat & Seafood,Midwest,82139.52,66091.59,16047.92,86272.83,4133.35,861.0,831.0,9572.22,284,261,23,21,6,82
2024-11-01,Nov 2024,2025,2,Meat & Seafood,Mountain West,32060.98,25949.45,6111.53,33543.57,1482.65,356.0,345.0,4077.89,126,115,11,10,4,45
2024-11-01,Nov 2024,2025,2,Meat & Seafood,Northeast,24329.81,19295.84,5033.97,25525.88,1196.0,251.0,240.0,2781.51,91,83,8,9,6,24
2024-11-01,Nov 2024,2025,2,Meat & Seafood,Pacific,61024.46,48462.63,12561.82,63848.77,2824.27,596.0,575.0,7237.27,183,163,20,14,8,45
2024-11-01,Nov 2024,2025,2,Meat & Seafood,Southeast,80800.68,63446.83,17353.84,84591.49,3790.9,832.0,808.0,9168.48,284,259,25,19,8,86
2024-11-01,Nov 2024,2025,2,Meat & Seafood,Texas & Gulf,86141.69,68893.61,17248.08,90301.23,4159.66,935.0,904.0,10408.89,306,287,19,24,12,87
2024-11-01,Nov 2024,2025,2,Toys & Seasonal,Mid-Atlantic,35956.1,24755.22,11200.88,37727.53,1771.47,233.0,226.0,2240.56,48,47,1,4,1,29
2024-11-01,Nov 2024,2025,2,Toys & Seasonal,Midwest,73559.33,50736.56,22822.78,76942.34,3383.03,431.0,391.0,4044.11,84,78,6,10,0,51
2024-11-01,Nov 2024,2025,2,Toys & Seasonal,Mountain West,22798.04,16351.01,6447.03,23763.01,964.98,139.0,132.0,1256.82,29,24,5,3,1,21
2024-11-01,Nov 2024,2025,2,Toys & Seasonal,Northeast,48193.43,33371.26,14822.18,50467.23,2273.83,258.0,236.0,2519.06,37,32,5,6,0,18
2024-11-01,Nov 2024,2025,2,Toys & Seasonal,Pacific,36943.16,25402.82,11540.34,38378.21,1435.04,239.0,219.0,2128.51,37,33,4,5,1,23
2024-11-01,Nov 2024,2025,2,Toys & Seasonal,Southeast,57320.24,38408.28,18911.96,60096.57,2776.37,328.0,310.0,3192.48,74,68,6,7,2,49
2024-11-01,Nov 2024,2025,2,Toys & Seasonal,Texas & Gulf,75946.0,52473.84,23472.16,79530.1,3584.13,435.0,400.0,4294.05,87,79,8,15,9,50
2024-12-01,Dec 2024,2025,3,Apparel,Mid-Atlantic,60588.6,35319.34,25269.26,63521.98,2933.37,312.0,310.0,3314.8,90,82,8,1,0,38
2024-12-01,Dec 2024,2025,3,Apparel,Midwest,76963.58,45450.14,31513.44,80239.48,3275.92,373.0,360.0,4299.28,106,94,12,8,3,57
2024-12-01,Dec 2024,2025,3,Apparel,Mountain West,49296.34,28391.49,20904.85,51739.71,2443.37,226.0,220.0,2680.55,89,81,8,6,2,37
2024-12-01,Dec 2024,2025,3,Apparel,Northeast,33787.39,19985.34,13802.05,35566.18,1778.76,175.0,172.0,1854.57,54,52,2,2,0,20
2024-12-01,Dec 2024,2025,3,Apparel,Pacific,43596.74,24776.49,18820.24,45686.2,2089.48,223.0,219.0,2389.97,67,63,4,3,1,32
2024-12-01,Dec 2024,2025,3,Apparel,Southeast,89180.03,52645.03,36534.99,93763.3,4583.22,436.0,431.0,4871.66,127,121,6,3,0,63
2024-12-01,Dec 2024,2025,3,Apparel,Texas & Gulf,106019.51,60755.3,45264.22,110716.73,4697.23,515.0,505.0,5715.52,164,145,19,9,4,70
2024-12-01,Dec 2024,2025,3,Dairy & Frozen,Mid-Atlantic,31152.24,24195.53,6956.72,32591.03,1438.79,739.0,724.0,7666.69,239,220,19,11,4,46
2024-12-01,Dec 2024,2025,3,Dairy & Frozen,Midwest,48337.13,38317.08,10020.05,50619.84,2282.74,1154.0,1143.0,12150.87,347,318,29,10,5,86
2024-12-01,Dec 2024,2025,3,Dairy & Frozen,Mountain West,23355.09,18153.75,5201.35,24518.94,1163.84,541.0,535.0,5590.11,205,185,20,5,4,50
2024-12-01,Dec 2024,2025,3,Dairy & Frozen,Northeast,13163.02,10370.99,2792.04,13789.03,625.96,295.0,286.0,3111.29,102,94,8,6,1,23
2024-12-01,Dec 2024,2025,3,Dairy & Frozen,Pacific,24721.9,19165.31,5556.59,25917.07,1195.11,608.0,595.0,6266.2,170,157,13,12,3,43
2024-12-01,Dec 2024,2025,3,Dairy & Frozen,Southeast,49721.34,39457.31,10264.03,52016.88,2295.39,1231.0,1224.0,12775.91,391,357,34,7,5,90
2024-12-01,Dec 2024,2025,3,Dairy & Frozen,Texas & Gulf,73030.38,57860.74,15169.64,76644.73,3614.4,1743.0,1720.0,17964.87,481,433,48,20,10,94
2024-12-01,Dec 2024,2025,3,Electronics,Mid-Atlantic,239631.09,213012.92,26618.17,251102.73,11471.61,248.0,247.0,2636.86,50,49,1,1,1,32
2024-12-01,Dec 2024,2025,3,Electronics,Midwest,255762.93,226852.36,28910.57,266564.17,10801.3,290.0,278.0,2795.56,66,59,7,7,3,46
2024-12-01,Dec 2024,2025,3,Electronics,Mountain West,90901.85,79596.14,11305.72,94358.57,3456.7,91.0,91.0,969.24,33,31,2,0,0,24
2024-12-01,Dec 2024,2025,3,Electronics,Northeast,64132.58,57022.78,7109.8,66721.38,2588.78,61.0,61.0,644.22,17,16,1,0,0,11
2024-12-01,Dec 2024,2025,3,Electronics,Pacific,147931.04,128321.3,19609.74,155128.09,7197.06,174.0,160.0,1537.58,38,33,5,6,1,21
2024-12-01,Dec 2024,2025,3,Electronics,Southeast,288835.78,255729.64,33106.14,302861.23,14025.45,289.0,262.0,3054.09,62,60,2,9,2,47
2024-12-01,Dec 2024,2025,3,Electronics,Texas & Gulf,369176.93,326304.68,42872.25,386116.55,16939.61,392.0,382.0,4012.1,93,87,6,7,4,53
2024-12-01,Dec 2024,2025,3,Fresh & Produce,Mid-Atlantic,30088.44,21814.38,8274.06,31565.11,1476.69,979.0,915.0,10337.83,306,281,25,33,9,47
2024-12-01,Dec 2024,2025,3,Fresh & Produce,Midwest,35491.27,26478.65,9012.62,37175.69,1684.46,1312.0,1227.0,12401.51,410,374,36,45,17,84
2024-12-01,Dec 2024,2025,3,Fresh & Produce,Mountain West,22012.82,16223.87,5788.95,23036.27,1023.42,708.0,672.0,7466.27,263,241,22,29,18,52
2024-12-01,Dec 2024,2025,3,Fresh & Produce,Northeast,11516.43,8639.68,2876.75,12057.92,541.4,412.0,376.0,4003.36,133,126,7,24,12,25
2024-12-01,Dec 2024,2025,3,Fresh & Produce,Pacific,18881.48,13570.49,5310.99,19776.88,895.38,643.0,599.0,6418.35,215,196,19,22,9,45
2024-12-01,Dec 2024,2025,3,Fresh & Produce,Southeast,41351.37,30084.63,11266.74,43319.79,1968.38,1507.0,1387.0,14193.78,499,469,30,66,22,88
2024-12-01,Dec 2024,2025,3,Fresh & Produce,Texas & Gulf,52205.16,38072.13,14133.03,54755.15,2550.04,1859.0,1739.0,18096.52,578,531,47,73,27,90
2024-12-01,Dec 2024,2025,3,Grocery,Mid-Atlantic,90914.76,73621.22,17293.54,95287.13,4372.5,1967.0,1960.0,21965.44,540,486,54,5,0,49
2024-12-01,Dec 2024,2025,3,Grocery,Midwest,152500.69,124239.91,28260.77,159653.83,7153.05,3227.0,3202.0,36323.41,830,759,71,16,5,88
2024-12-01,Dec 2024,2025,3,Grocery,Mountain West,55023.34,44386.99,10636.35,57614.99,2591.66,1171.0,1168.0,13367.67,397,357,40,3,3,52
2024-12-01,Dec 2024,2025,3,Grocery,Northeast,33294.22,26700.18,6594.04,34975.61,1681.4,732.0,722.0,8020.81,207,189,18,5,0,25
2024-12-01,Dec 2024,2025,3,Grocery,Pacific,72535.33,57797.42,14737.91,75984.68,3449.28,1587.0,1574.0,17550.85,428,395,33,6,3,47
2024-12-01,Dec 2024,2025,3,Grocery,Southeast,162224.59,130773.75,31450.84,169894.41,7669.79,3519.0,3483.0,39477.92,980,902,78,25,6,94
2024-12-01,Dec 2024,2025,3,Grocery,Texas & Gulf,168301.25,135690.15,32611.1,176117.49,7815.98,3714.0,3699.0,41707.17,1001,937,64,7,1,95
2024-12-01,Dec 2024,2025,3,Health & Wellness,Mid-Atlantic,58217.24,41291.3,16925.94,60981.93,2764.67,464.0,462.0,4831.0,156,142,14,2,1,47
2024-12-01,Dec 2024,2025,3,Health & Wellness,Midwest,110889.26,79473.14,31416.12,115960.75,5071.52,860.0,843.0,9307.63,251,233,18,9,4,78
2024-12-01,Dec 2024,2025,3,Health & Wellness,Mountain West,41116.21,28869.66,12246.55,42936.86,1820.68,326.0,325.0,3297.29,124,110,14,1,1,43
2024-12-01,Dec 2024,2025,3,Health & Wellness,Northeast,27114.71,19455.63,7659.08,28423.48,1308.73,215.0,214.0,2262.02,63,62,1,1,1,20
2024-12-01,Dec 2024,2025,3,Health & Wellness,Pacific,64132.89,45093.72,19039.16,67216.46,3083.54,487.0,482.0,5180.1,150,140,10,4,1,43
2024-12-01,Dec 2024,2025,3,Health & Wellness,Southeast,111459.53,78763.19,32696.34,116920.3,5460.75,867.0,857.0,9430.94,293,276,17,8,4,86
2024-12-01,Dec 2024,2025,3,Health & Wellness,Texas & Gulf,118456.84,84827.61,33629.23,124265.89,5808.99,941.0,919.0,9982.55,303,274,29,12,2,88
2024-12-01,Dec 2024,2025,3,Home & Kitchen,Mid-Atlantic,60759.38,38586.5,22172.88,63548.93,2789.59,250.0,249.0,2693.05,68,62,6,1,0,35
2024-12-01,Dec 2024,2025,3,Home & Kitchen,Midwest,105058.96,68479.34,36579.62,110316.81,5257.8,408.0,403.0,4655.31,140,131,9,3,0,61
2024-12-01,Dec 2024,2025,3,Home & Kitchen,Mountain West,61021.31,39443.37,21577.95,64044.45,3023.16,220.0,217.0,2378.39,69,61,8,3,2,38
2024-12-01,Dec 2024,2025,3,Home & Kitchen,Northeast,30697.14,19543.47,11153.67,32097.55,1400.45,145.0,139.0,1277.56,36,33,3,3,0,19
2024-12-01,Dec 2024,2025,3,Home & Kitchen,Pacific,60934.59,38024.44,22910.14,63941.29,3006.67,229.0,226.0,2385.34,68,63,5,2,0,33
2024-12-01,Dec 2024,2025,3,Home & Kitchen,Southeast,147258.03,95502.18,51755.86,154052.04,6793.95,577.0,566.0,6340.55,154,139,15,6,3,67
2024-12-01,Dec 2024,2025,3,Home & Kitchen,Texas & Gulf,185840.26,119515.93,66324.33,195024.73,9184.44,650.0,633.0,7740.77,161,143,18,11,1,76
2024-12-01,Dec 2024,2025,3,Household Essentials,Mid-Atlantic,34077.17,26148.55,7928.63,35673.34,1596.11,503.0,500.0,5120.1,158,145,13,2,0,45
2024-12-01,Dec 2024,2025,3,Household Essentials,Midwest,51498.15,40201.65,11296.49,54038.16,2540.09,732.0,726.0,7948.46,223,204,19,6,3,76
2024-12-01,Dec 2024,2025,3,Household Essentials,Mountain West,28596.37,21693.08,6903.29,29976.33,1379.93,384.0,381.0,4182.86,123,111,12,2,0,41
2024-12-01,Dec 2024,2025,3,Household Essentials,Northeast,12954.79,9652.66,3302.13,13557.48,602.67,190.0,184.0,1978.3,66,61,5,4,1,24
2024-12-01,Dec 2024,2025,3,Household Essentials,Pacific,26963.99,20136.24,6827.75,28334.71,1370.72,347.0,344.0,3961.28,112,104,8,3,1,38
2024-12-01,Dec 2024,2025,3,Household Essentials,Southeast,59125.86,44843.56,14282.3,61960.81,2834.97,820.0,810.0,8792.93,279,263,16,7,4,84
2024-12-01,Dec 2024,2025,3,Household Essentials,Texas & Gulf,63962.5,48355.97,15606.53,67026.64,3064.11,843.0,839.0,9328.44,289,268,21,4,2,87
2024-12-01,Dec 2024,2025,3,Meat & Seafood,Mid-Atlantic,49195.09,38701.41,10493.68,51426.36,2231.26,529.0,511.0,5779.22,186,172,14,11,4,47
2024-12-01,Dec 2024,2025,3,Meat & Seafood,Midwest,89617.88,72667.69,16950.19,93974.91,4357.0,919.0,884.0,10724.93,258,234,24,23,8,81
2024-12-01,Dec 2024,2025,3,Meat & Seafood,Mountain West,48008.69,37826.68,10182.02,50301.24,2292.48,470.0,461.0,5668.73,181,168,13,8,4,50
2024-12-01,Dec 2024,2025,3,Meat & Seafood,Northeast,24141.94,18719.98,5421.95,25263.74,1121.77,258.0,251.0,2855.9,80,73,7,7,6,24
2024-12-01,Dec 2024,2025,3,Meat & Seafood,Pacific,38520.52,29619.11,8901.41,40321.89,1801.44,404.0,381.0,4578.02,141,129,12,14,5,41
2024-12-01,Dec 2024,2025,3,Meat & Seafood,Southeast,107058.56,84320.04,22738.52,112107.71,5049.16,1095.0,1059.0,12283.53,335,314,21,21,9,85
2024-12-01,Dec 2024,2025,3,Meat & Seafood,Texas & Gulf,132050.56,106969.65,25080.91,138191.22,6140.64,1399.0,1354.0,16213.66,350,327,23,21,5,85
2024-12-01,Dec 2024,2025,3,Toys & Seasonal,Mid-Atlantic,44920.22,31902.31,13017.91,47082.23,2162.01,250.0,235.0,2324.05,36,33,3,4,0,22
2024-12-01,Dec 2024,2025,3,Toys & Seasonal,Midwest,91412.75,62139.53,29273.22,95645.82,4233.01,468.0,438.0,4781.34,66,59,7,9,2,51
2024-12-01,Dec 2024,2025,3,Toys & Seasonal,Mountain West,23933.21,15486.42,8446.79,25057.1,1123.9,158.0,141.0,1355.36,40,37,3,5,0,28
2024-12-01,Dec 2024,2025,3,Toys & Seasonal,Northeast,15803.87,11417.8,4386.08,16432.01,628.13,96.0,94.0,941.3,20,15,5,2,0,14
2024-12-01,Dec 2024,2025,3,Toys & Seasonal,Pacific,40976.24,28852.39,12123.84,43142.79,2166.55,214.0,192.0,2243.12,36,34,2,5,2,24
2024-12-01,Dec 2024,2025,3,Toys & Seasonal,Southeast,105032.53,72827.65,32204.88,110283.56,5251.02,547.0,522.0,5824.04,94,84,10,11,4,59
2024-12-01,Dec 2024,2025,3,Toys & Seasonal,Texas & Gulf,112318.73,76689.76,35628.97,117997.65,5678.85,687.0,650.0,6169.34,96,90,6,11,2,54
2025-01-01,Jan 2025,2025,-8,Apparel,Mid-Atlantic,44868.33,26473.45,18394.87,46825.14,1956.85,240.0,237.0,2459.3,89,80,9,3,1,39
2025-01-01,Jan 2025,2025,-8,Apparel,Midwest,67133.59,39715.62,27417.96,70067.3,2933.74,341.0,326.0,3769.84,129,121,8,11,6,64
2025-01-01,Jan 2025,2025,-8,Apparel,Mountain West,29105.11,17248.92,11856.18,30547.03,1441.88,159.0,152.0,1675.79,67,61,6,6,3,34
2025-01-01,Jan 2025,2025,-8,Apparel,Northeast,33783.01,20685.95,13097.06,35418.19,1635.15,205.0,200.0,1936.39,65,59,6,3,1,22
2025-01-01,Jan 2025,2025,-8,Apparel,Pacific,36808.75,21773.86,15034.89,38658.08,1849.3,195.0,189.0,2111.56,77,69,8,5,5,35
2025-01-01,Jan 2025,2025,-8,Apparel,Southeast,76339.39,45190.1,31149.29,79279.34,2939.84,404.0,390.0,4234.3,149,140,9,11,4,71
2025-01-01,Jan 2025,2025,-8,Apparel,Texas & Gulf,81056.71,48047.84,33008.86,84903.89,3847.13,420.0,415.0,4626.49,156,143,13,4,2,77
2025-01-01,Jan 2025,2025,-8,Dairy & Frozen,Mid-Atlantic,34871.34,27659.07,7212.27,36473.78,1602.45,810.0,804.0,8387.39,254,227,27,5,2,48
2025-01-01,Jan 2025,2025,-8,Dairy & Frozen,Midwest,42995.54,34356.98,8638.56,44993.45,1997.93,1013.0,982.0,10772.6,348,324,24,20,8,85
2025-01-01,Jan 2025,2025,-8,Dairy & Frozen,Mountain West,25527.9,20203.54,5324.36,26763.1,1235.27,582.0,575.0,6348.34,214,197,17,5,3,48
2025-01-01,Jan 2025,2025,-8,Dairy & Frozen,Northeast,16550.21,12970.45,3579.76,17400.19,850.01,391.0,388.0,4043.49,121,110,11,3,2,24
2025-01-01,Jan 2025,2025,-8,Dairy & Frozen,Pacific,26582.86,20594.98,5987.89,27833.31,1250.48,600.0,596.0,6557.99,203,182,21,4,4,44
2025-01-01,Jan 2025,2025,-8,Dairy & Frozen,Southeast,59276.22,47171.47,12104.75,62041.99,2765.77,1424.0,1395.0,14718.69,476,436,40,21,6,92
2025-01-01,Jan 2025,2025,-8,Dairy & Frozen,Texas & Gulf,60729.73,47958.06,12771.68,63567.56,2837.72,1416.0,1392.0,15172.04,412,376,36,14,9,90
2025-01-01,Jan 2025,2025,-8,Electronics,Mid-Atlantic,143922.8,124613.27,19309.53,150557.4,6634.59,142.0,132.0,1509.49,47,44,3,4,1,25
2025-01-01,Jan 2025,2025,-8,Electronics,Midwest,217574.19,192353.95,25220.24,227280.77,9706.55,230.0,222.0,2379.06,79,75,4,7,5,44
2025-01-01,Jan 2025,2025,-8,Electronics,Mountain West,96402.21,83403.26,12998.95,101579.14,5176.92,104.0,101.0,1060.32,45,41,4,2,1,30
2025-01-01,Jan 2025,2025,-8,Electronics,Northeast,83073.34,72612.56,10460.78,87198.5,4125.17,86.0,82.0,953.83,25,23,2,3,2,13
2025-01-01,Jan 2025,2025,-8,Electronics,Pacific,77404.25,66153.88,11250.37,81062.77,3658.47,83.0,77.0,806.0,36,32,4,3,1,27
2025-01-01,Jan 2025,2025,-8,Electronics,Southeast,178348.89,155830.13,22518.76,187328.33,8979.4,182.0,174.0,1873.74,68,62,6,7,5,43
2025-01-01,Jan 2025,2025,-8,Electronics,Texas & Gulf,214134.1,187469.78,26664.32,224723.44,10589.32,237.0,219.0,2225.53,90,81,9,7,0,58
2025-01-01,Jan 2025,2025,-8,Fresh & Produce,Mid-Atlantic,24516.21,18233.92,6282.29,25653.36,1137.2,869.0,815.0,8561.86,291,272,19,40,17,47
2025-01-01,Jan 2025,2025,-8,Fresh & Produce,Midwest,38695.91,28686.23,10009.67,40527.73,1831.81,1392.0,1323.0,13868.99,460,431,29,44,17,90
2025-01-01,Jan 2025,2025,-8,Fresh & Produce,Mountain West,18090.36,13245.52,4844.84,18986.25,895.89,630.0,583.0,6053.57,270,245,25,33,21,52
2025-01-01,Jan 2025,2025,-8,Fresh & Produce,Northeast,12092.13,9024.95,3067.17,12664.96,572.78,414.0,386.0,4221.85,141,132,9,16,5,25
2025-01-01,Jan 2025,2025,-8,Fresh & Produce,Pacific,21979.78,16167.76,5812.02,22999.85,1019.97,753.0,716.0,7692.36,272,254,18,26,12,49
2025-01-01,Jan 2025,2025,-8,Fresh & Produce,Southeast,47722.19,35185.6,12536.6,50109.3,2387.26,1750.0,1591.0,16491.84,591,547,44,94,32,95
2025-01-01,Jan 2025,2025,-8,Fresh & Produce,Texas & Gulf,51508.45,37714.35,13794.1,54084.32,2575.84,1842.0,1718.0,18085.67,541,506,35,67,18,91
2025-01-01,Jan 2025,2025,-8,Grocery,Mid-Atlantic,88736.95,71198.78,17538.17,93071.32,4334.29,1909.0,1899.0,21252.98,571,530,41,8,1,48
2025-01-01,Jan 2025,2025,-8,Grocery,Midwest,129678.49,105035.73,24642.76,135959.01,6280.51,2819.0,2805.0,31583.57,872,811,61,13,4,92
2025-01-01,Jan 2025,2025,-8,Grocery,Mountain West,56919.38,45848.86,11070.52,59507.45,2588.09,1247.0,1239.0,13930.86,471,432,39,7,5,54
2025-01-01,Jan 2025,2025,-8,Grocery,Northeast,43646.62,35408.82,8237.8,45852.94,2206.25,945.0,938.0,10849.66,295,273,22,7,4,27
2025-01-01,Jan 2025,2025,-8,Grocery,Pacific,66907.8,52826.3,14081.5,70206.47,3298.71,1370.0,1358.0,15830.13,465,428,37,8,1,50
2025-01-01,Jan 2025,2025,-8,Grocery,Southeast,161339.06,130061.04,31278.03,169147.88,7808.96,3406.0,3390.0,38709.35,1070,957,113,10,4,97
2025-01-01,Jan 2025,2025,-8,Grocery,Texas & Gulf,141552.58,113732.66,27819.91,148096.84,6544.2,3077.0,3051.0,34406.71,975,898,77,20,5,94
2025-01-01,Jan 2025,2025,-8,Health & Wellness,Mid-Atlantic,94364.46,66242.8,28121.66,99298.05,4933.65,724.0,720.0,7812.5,183,167,16,2,0,47
2025-01-01,Jan 2025,2025,-8,Health & Wellness,Midwest,138620.41,98850.83,39769.58,145102.15,6481.75,1035.0,1022.0,11720.71,267,252,15,7,3,81
2025-01-01,Jan 2025,2025,-8,Health & Wellness,Mountain West,52455.41,37779.46,14675.95,55018.88,2563.51,413.0,404.0,4488.98,148,138,10,6,1,48
2025-01-01,Jan 2025,2025,-8,Health & Wellness,Northeast,43376.16,30529.0,12847.16,45616.32,2240.17,368.0,366.0,3738.8,98,87,11,2,2,23
2025-01-01,Jan 2025,2025,-8,Health & Wellness,Pacific,68745.38,48658.4,20086.97,72063.59,3318.33,525.0,520.0,5699.63,152,135,17,3,1,44
2025-01-01,Jan 2025,2025,-8,Health & Wellness,Southeast,149171.9,107151.76,42020.14,155897.44,6725.47,1186.0,1173.0,12642.17,329,303,26,7,3,93
2025-01-01,Jan 2025,2025,-8,Health & Wellness,Texas & Gulf,147584.32,105255.32,42329.0,154584.75,7000.6,1149.0,1139.0,12707.09,297,261,36,9,3,84
2025-01-01,Jan 2025,2025,-8,Home & Kitchen,Mid-Atlantic,70269.21,45363.43,24905.78,73417.96,3148.75,238.0,236.0,2959.03,79,70,9,2,2,35
2025-01-01,Jan 2025,2025,-8,Home & Kitchen,Midwest,104800.0,69035.21,35764.79,110196.15,5396.15,431.0,421.0,4444.79,153,140,13,7,4,75
2025-01-01,Jan 2025,2025,-8,Home & Kitchen,Mountain West,62464.01,40014.06,22449.95,65531.61,3067.53,246.0,240.0,2545.07,80,75,5,5,3,42
2025-01-01,Jan 2025,2025,-8,Home & Kitchen,Northeast,34259.36,21917.39,12341.97,35812.16,1552.81,151.0,144.0,1403.91,53,49,4,5,0,23
2025-01-01,Jan 2025,2025,-8,Home & Kitchen,Pacific,63690.7,39912.87,23777.84,66775.96,3085.25,240.0,239.0,2444.78,85,77,8,1,0,42
2025-01-01,Jan 2025,2025,-8,Home & Kitchen,Southeast,119943.04,76622.25,43320.79,126186.07,6242.96,458.0,449.0,4790.03,156,140,16,8,4,66
2025-01-01,Jan 2025,2025,-8,Home & Kitchen,Texas & Gulf,151133.44,97113.89,54019.54,158552.04,7418.59,581.0,573.0,6387.2,192,176,16,6,3,80
2025-01-01,Jan 2025,2025,-8,Household Essentials,Mid-Atlantic,33670.32,25441.62,8228.7,35240.31,1570.01,475.0,471.0,5229.07,149,134,15,3,1,44
2025-01-01,Jan 2025,2025,-8,Household Essentials,Midwest,50374.53,38441.16,11933.37,52770.46,2395.82,757.0,756.0,7622.2,214,198,16,1,0,72
2025-01-01,Jan 2025,2025,-8,Household Essentials,Mountain West,24346.65,18966.96,5379.7,25407.37,1060.67,397.0,395.0,3997.81,131,123,8,2,0,48
2025-01-01,Jan 2025,2025,-8,Household Essentials,Northeast,18707.43,14152.3,4555.12,19591.16,883.82,256.0,249.0,2752.71,75,70,5,5,0,22
2025-01-01,Jan 2025,2025,-8,Household Essentials,Pacific,30900.02,22852.55,8047.48,32353.37,1453.39,409.0,406.0,4363.27,132,115,17,2,1,42
2025-01-01,Jan 2025,2025,-8,Household Essentials,Southeast,67863.46,51318.97,16544.48,71102.55,3239.09,984.0,976.0,10239.13,295,279,16,8,1,84
2025-01-01,Jan 2025,2025,-8,Household Essentials,Texas & Gulf,66880.76,51132.45,15748.31,69986.74,3106.0,993.0,979.0,9908.01,273,255,18,10,3,85
2025-01-01,Jan 2025,2025,-8,Meat & Seafood,Mid-Atlantic,59395.08,47745.65,11649.43,62179.51,2784.36,601.0,587.0,6967.77,199,189,10,11,5,44
2025-01-01,Jan 2025,2025,-8,Meat & Seafood,Midwest,69440.95,55464.2,13976.75,72810.47,3369.61,768.0,735.0,8709.09,272,257,15,25,10,84
2025-01-01,Jan 2025,2025,-8,Meat & Seafood,Mountain West,32516.5,25468.33,7048.17,34183.61,1667.04,316.0,305.0,3599.93,138,126,12,9,6,45
2025-01-01,Jan 2025,2025,-8,Meat & Seafood,Northeast,21346.01,16825.08,4520.93,22433.0,1087.01,231.0,222.0,2519.85,85,80,5,7,2,23
2025-01-01,Jan 2025,2025,-8,Meat & Seafood,Pacific,45083.6,36028.94,9054.66,47350.18,2266.55,447.0,431.0,5263.65,167,162,5,12,8,45
2025-01-01,Jan 2025,2025,-8,Meat & Seafood,Southeast,81008.49,64317.1,16691.38,84630.38,3622.01,877.0,840.0,9709.23,327,307,20,27,18,86
2025-01-01,Jan 2025,2025,-8,Meat & Seafood,Texas & Gulf,96248.14,76221.29,20026.85,100985.51,4737.44,957.0,926.0,11421.26,333,297,36,22,8,86
2025-01-01,Jan 2025,2025,-8,Toys & Seasonal,Mid-Atlantic,20054.43,13888.8,6165.63,21120.16,1065.73,100.0,97.0,1150.7,41,36,5,3,3,23
2025-01-01,Jan 2025,2025,-8,Toys & Seasonal,Midwest,27043.11,18826.45,8216.67,28447.58,1404.48,152.0,141.0,1532.36,80,73,7,10,7,43
2025-01-01,Jan 2025,2025,-8,Toys & Seasonal,Mountain West,7028.72,4699.24,2329.48,7297.29,268.58,37.0,35.0,374.81,27,26,1,2,2,19
2025-01-01,Jan 2025,2025,-8,Toys & Seasonal,Northeast,8357.29,5636.06,2721.22,8787.39,430.09,53.0,45.0,461.68,33,31,2,6,4,17
2025-01-01,Jan 2025,2025,-8,Toys & Seasonal,Pacific,17656.56,11904.09,5752.47,18561.22,904.66,121.0,105.0,1027.5,57,55,2,9,5,36
2025-01-01,Jan 2025,2025,-8,Toys & Seasonal,Southeast,29125.01,19662.13,9462.88,30540.68,1415.72,173.0,154.0,1636.6,86,77,9,15,11,53
2025-01-01,Jan 2025,2025,-8,Toys & Seasonal,Texas & Gulf,30532.08,20690.62,9841.46,32036.72,1504.64,185.0,177.0,1797.15,90,82,8,8,6,55
2025-02-01,Feb 2025,2025,-7,Apparel,Mid-Atlantic,45731.1,26843.45,18887.65,47905.67,2174.51,223.0,210.0,2420.91,78,72,6,8,5,36
2025-02-01,Feb 2025,2025,-7,Apparel,Midwest,81005.66,48470.52,32535.14,84930.58,3925.02,414.0,407.0,4619.3,149,141,8,5,2,69
2025-02-01,Feb 2025,2025,-7,Apparel,Mountain West,28270.87,16471.3,11799.57,29588.04,1317.16,151.0,148.0,1615.38,73,67,6,3,2,39
2025-02-01,Feb 2025,2025,-7,Apparel,Northeast,38721.83,23078.06,15643.77,40254.93,1533.1,204.0,204.0,2208.79,61,59,2,0,0,21
2025-02-01,Feb 2025,2025,-7,Apparel,Pacific,38615.86,22030.25,16585.61,40590.95,1975.06,219.0,216.0,2140.43,75,68,7,3,1,36
2025-02-01,Feb 2025,2025,-7,Apparel,Southeast,85934.23,50809.13,35125.1,90076.6,4142.36,477.0,465.0,4978.34,169,154,15,11,5,73
2025-02-01,Feb 2025,2025,-7,Apparel,Texas & Gulf,84700.92,49569.04,35131.88,88508.82,3807.93,442.0,424.0,4794.07,149,140,9,9,5,78
2025-02-01,Feb 2025,2025,-7,Dairy & Frozen,Mid-Atlantic,36687.42,28898.33,7789.08,38579.2,1891.79,831.0,820.0,9062.75,260,240,20,7,0,46
2025-02-01,Feb 2025,2025,-7,Dairy & Frozen,Midwest,46485.69,37170.28,9315.41,48565.92,2080.26,1089.0,1067.0,11867.3,346,322,24,12,4,89
2025-02-01,Feb 2025,2025,-7,Dairy & Frozen,Mountain West,17829.77,14007.83,3821.94,18665.58,835.85,410.0,408.0,4607.61,150,134,16,2,1,46
2025-02-01,Feb 2025,2025,-7,Dairy & Frozen,Northeast,16370.58,12918.42,3452.16,17067.55,696.93,381.0,374.0,4059.28,116,106,10,3,0,27
2025-02-01,Feb 2025,2025,-7,Dairy & Frozen,Pacific,26428.98,20762.81,5666.17,27705.24,1276.22,606.0,592.0,6663.3,231,208,23,11,8,46
2025-02-01,Feb 2025,2025,-7,Dairy & Frozen,Southeast,52361.42,41590.74,10770.69,54778.03,2416.54,1206.0,1191.0,13200.0,392,361,31,15,7,90
2025-02-01,Feb 2025,2025,-7,Dairy & Frozen,Texas & Gulf,47702.53,37490.45,10212.07,49974.55,2272.05,1104.0,1098.0,12254.98,374,344,30,6,2,95
2025-02-01,Feb 2025,2025,-7,Electronics,Mid-Atlantic,96918.8,83780.89,13137.91,101118.47,4199.72,101.0,97.0,1025.55,43,40,3,3,2,30
2025-02-01,Feb 2025,2025,-7,Electronics,Midwest,184852.41,162282.25,22570.15,193403.4,8550.99,217.0,199.0,1996.17,78,71,7,10,4,48
2025-02-01,Feb 2025,2025,-7,Electronics,Mountain West,104185.73,88385.8,15799.93,108768.97,4583.28,116.0,108.0,1055.4,44,40,4,5,4,25
2025-02-01,Feb 2025,2025,-7,Electronics,Northeast,84364.5,72045.42,12319.07,89160.29,4795.77,99.0,91.0,865.64,31,26,5,4,2,19
2025-02-01,Feb 2025,2025,-7,Electronics,Pacific,90573.2,78021.28,12551.91,95035.77,4462.6,106.0,102.0,932.14,41,40,1,2,1,31
2025-02-01,Feb 2025,2025,-7,Electronics,Southeast,199242.65,172240.93,27001.72,208729.52,9486.84,215.0,196.0,2076.88,84,80,4,12,6,51
2025-02-01,Feb 2025,2025,-7,Electronics,Texas & Gulf,225278.08,191588.33,33689.74,236198.2,10920.09,238.0,230.0,2374.61,77,71,6,7,5,52
2025-02-01,Feb 2025,2025,-7,Fresh & Produce,Mid-Atlantic,25273.62,18385.75,6887.87,26442.24,1168.67,927.0,858.0,8625.08,305,280,25,28,8,47
2025-02-01,Feb 2025,2025,-7,Fresh & Produce,Midwest,38803.83,28616.08,10187.75,40649.25,1845.51,1417.0,1336.0,13597.03,468,431,37,54,18,89
2025-02-01,Feb 2025,2025,-7,Fresh & Produce,Mountain West,17438.67,12924.84,4513.82,18285.8,847.17,615.0,573.0,6148.85,262,242,20,27,16,50
2025-02-01,Feb 2025,2025,-7,Fresh & Produce,Northeast,14083.53,10384.05,3699.48,14750.92,667.38,488.0,460.0,4955.85,164,150,14,19,4,29
2025-02-01,Feb 2025,2025,-7,Fresh & Produce,Pacific,25441.87,18537.67,6904.2,26673.53,1231.74,869.0,804.0,8683.6,300,281,19,42,18,46
2025-02-01,Feb 2025,2025,-7,Fresh & Produce,Southeast,43550.62,31907.49,11643.12,45620.15,2069.32,1594.0,1485.0,15411.47,543,496,47,64,23,96
2025-02-01,Feb 2025,2025,-7,Fresh & Produce,Texas & Gulf,38817.8,28448.84,10368.97,40642.23,1824.45,1384.0,1309.0,13508.91,501,454,47,50,30,99
2025-02-01,Feb 2025,2025,-7,Grocery,Mid-Atlantic,77388.0,61913.18,15474.82,81063.72,3675.76,1636.0,1619.0,18873.77,530,485,45,9,2,49
2025-02-01,Feb 2025,2025,-7,Grocery,Midwest,115546.7,93863.97,21682.73,121061.54,5514.76,2582.0,2563.0,28625.98,828,768,60,12,4,91
2025-02-01,Feb 2025,2025,-7,Grocery,Mountain West,51531.69,41201.17,10330.52,53929.34,2397.6,1095.0,1082.0,12454.24,435,404,31,10,4,53
2025-02-01,Feb 2025,2025,-7,Grocery,Northeast,46337.37,37252.63,9084.73,48646.5,2309.09,1019.0,1015.0,11294.16,302,272,30,3,2,29
2025-02-01,Feb 2025,2025,-7,Grocery,Pacific,74913.7,59407.88,15505.83,78562.85,3648.97,1542.0,1532.0,17648.96,502,465,37,9,3,48
2025-02-01,Feb 2025,2025,-7,Grocery,Southeast,130450.69,105783.78,24666.91,136420.5,5969.87,2858.0,2826.0,31814.18,958,875,83,18,7,98
2025-02-01,Feb 2025,2025,-7,Grocery,Texas & Gulf,121141.91,97584.79,23557.12,126849.97,5708.14,2628.0,2612.0,29199.26,847,783,64,15,6,100
2025-02-01,Feb 2025,2025,-7,Health & Wellness,Mid-Atlantic,88661.53,62551.4,26110.13,92954.33,4292.82,710.0,698.0,7376.08,194,176,18,4,2,45
2025-02-01,Feb 2025,2025,-7,Health & Wellness,Midwest,119617.06,85944.08,33672.98,125535.52,5918.58,929.0,918.0,10035.36,292,264,28,8,2,84
2025-02-01,Feb 2025,2025,-7,Health & Wellness,Mountain West,53962.32,37952.25,16010.07,56700.77,2738.42,408.0,401.0,4361.97,139,124,15,7,2,50
2025-02-01,Feb 2025,2025,-7,Health & Wellness,Northeast,48101.9,33964.18,14137.72,50280.02,2178.03,343.0,341.0,3861.77,103,95,8,2,0,25
2025-02-01,Feb 2025,2025,-7,Health & Wellness,Pacific,84603.15,59892.65,24710.5,88434.09,3830.98,655.0,647.0,7199.13,174,165,9,5,1,42
2025-02-01,Feb 2025,2025,-7,Health & Wellness,Southeast,117112.57,83245.86,33866.71,122532.08,5419.45,943.0,937.0,10203.05,272,252,20,5,2,85
2025-02-01,Feb 2025,2025,-7,Health & Wellness,Texas & Gulf,106585.34,75600.84,30984.5,111596.28,5010.9,822.0,812.0,8701.55,260,241,19,7,5,85
2025-02-01,Feb 2025,2025,-7,Home & Kitchen,Mid-Atlantic,75019.83,47892.37,27127.45,78444.08,3424.32,276.0,273.0,3063.09,93,86,7,2,0,40
2025-02-01,Feb 2025,2025,-7,Home & Kitchen,Midwest,141650.94,91365.82,50285.11,148191.73,6540.83,506.0,498.0,5770.96,161,148,13,7,3,73
2025-02-01,Feb 2025,2025,-7,Home & Kitchen,Mountain West,47273.21,29559.8,17713.42,49454.4,2181.15,176.0,175.0,1949.76,74,69,5,1,1,35
2025-02-01,Feb 2025,2025,-7,Home & Kitchen,Northeast,66708.55,41887.54,24821.01,69537.3,2828.78,251.0,242.0,2687.75,73,69,4,3,0,22
2025-02-01,Feb 2025,2025,-7,Home & Kitchen,Pacific,73951.68,46351.63,27600.05,77587.16,3635.48,287.0,286.0,2904.23,99,96,3,1,0,40
2025-02-01,Feb 2025,2025,-7,Home & Kitchen,Southeast,139190.71,89824.28,49366.43,145714.8,6524.02,514.0,503.0,5956.44,157,145,12,7,5,69
2025-02-01,Feb 2025,2025,-7,Home & Kitchen,Texas & Gulf,125548.87,80720.55,44828.32,131506.54,5957.68,485.0,479.0,5452.97,159,150,9,6,4,77
2025-02-01,Feb 2025,2025,-7,Household Essentials,Mid-Atlantic,33991.49,25402.07,8589.42,35620.37,1628.92,470.0,462.0,5065.37,157,144,13,6,3,45
2025-02-01,Feb 2025,2025,-7,Household Essentials,Midwest,54682.56,41879.87,12802.68,57331.09,2648.65,734.0,729.0,8098.87,229,208,21,5,2,79
2025-02-01,Feb 2025,2025,-7,Household Essentials,Mountain West,26385.94,19839.48,6546.46,27681.2,1295.23,359.0,352.0,3795.2,134,121,13,5,1,45
2025-02-01,Feb 2025,2025,-7,Household Essentials,Northeast,23394.6,17747.71,5646.89,24426.46,1031.88,311.0,311.0,3443.3,98,93,5,0,0,26
2025-02-01,Feb 2025,2025,-7,Household Essentials,Pacific,30153.44,22390.15,7763.29,31571.84,1418.4,428.0,424.0,4360.02,159,148,11,4,2,46
2025-02-01,Feb 2025,2025,-7,Household Essentials,Southeast,57042.13,43469.23,13572.9,59901.64,2859.44,751.0,750.0,8365.84,244,227,17,1,0,86
2025-02-01,Feb 2025,2025,-7,Household Essentials,Texas & Gulf,61578.76,45989.38,15589.38,64627.49,3048.86,855.0,843.0,9084.66,254,228,26,9,4,81
2025-02-01,Feb 2025,2025,-7,Meat & Seafood,Mid-Atlantic,52863.69,43079.28,9784.41,55370.06,2506.43,578.0,557.0,6580.81,198,184,14,15,4,46
2025-02-01,Feb 2025,2025,-7,Meat & Seafood,Midwest,64092.29,51116.08,12976.22,67146.7,3054.39,737.0,706.0,7871.03,255,233,22,18,6,82
2025-02-01,Feb 2025,2025,-7,Meat & Seafood,Mountain West,27478.88,21873.69,5605.19,28659.95,1181.12,326.0,305.0,3354.4,145,133,12,16,8,47
2025-02-01,Feb 2025,2025,-7,Meat & Seafood,Northeast,38534.58,30332.94,8201.64,40241.92,1707.27,366.0,356.0,4566.59,122,112,10,10,5,26
2025-02-01,Feb 2025,2025,-7,Meat & Seafood,Pacific,45575.93,35667.96,9907.96,47656.12,2080.29,494.0,481.0,5530.25,185,171,14,10,4,43
2025-02-01,Feb 2025,2025,-7,Meat & Seafood,Southeast,93356.96,73876.02,19480.95,97485.84,4128.93,990.0,966.0,11244.73,335,311,24,20,11,90
2025-02-01,Feb 2025,2025,-7,Meat & Seafood,Texas & Gulf,92012.22,72074.99,19937.23,96412.13,4399.86,969.0,945.0,11231.24,335,316,19,17,4,89
2025-02-01,Feb 2025,2025,-7,Toys & Seasonal,Mid-Atlantic,20074.3,13385.21,6689.09,20863.22,788.93,112.0,103.0,1072.1,51,48,3,5,2,32
2025-02-01,Feb 2025,2025,-7,Toys & Seasonal,Midwest,23721.33,16274.56,7446.77,24849.71,1128.3,150.0,133.0,1313.87,80,76,4,12,8,50
2025-02-01,Feb 2025,2025,-7,Toys & Seasonal,Mountain West,5554.47,3702.7,1851.77,5830.97,276.47,33.0,27.0,292.99,25,24,1,5,3,20
2025-02-01,Feb 2025,2025,-7,Toys & Seasonal,Northeast,8447.98,5693.56,2754.42,8839.89,391.92,48.0,42.0,440.51,31,28,3,5,2,18
2025-02-01,Feb 2025,2025,-7,Toys & Seasonal,Pacific,24625.66,16838.2,7787.46,25685.11,1059.47,125.0,117.0,1281.46,58,54,4,5,3,29
2025-02-01,Feb 2025,2025,-7,Toys & Seasonal,Southeast,25081.69,17035.86,8045.83,26350.45,1268.79,156.0,142.0,1437.52,71,66,5,14,10,43
2025-02-01,Feb 2025,2025,-7,Toys & Seasonal,Texas & Gulf,22721.63,15759.33,6962.3,23726.63,1005.02,143.0,128.0,1292.45,80,75,5,14,10,56
2025-03-01,Mar 2025,2025,-6,Apparel,Mid-Atlantic,75114.04,43334.19,31779.85,78776.4,3662.38,341.0,339.0,4199.16,87,79,8,2,1,37
2025-03-01,Mar 2025,2025,-6,Apparel,Midwest,81641.49,48939.88,32701.61,85433.57,3792.01,402.0,392.0,4493.57,125,113,12,7,4,65
2025-03-01,Mar 2025,2025,-6,Apparel,Mountain West,33848.71,19709.6,14139.11,35403.29,1554.52,183.0,176.0,1939.48,71,67,4,6,2,40
2025-03-01,Mar 2025,2025,-6,Apparel,Northeast,16567.46,9461.89,7105.57,17404.92,837.46,90.0,88.0,907.38,31,26,5,2,0,21
2025-03-01,Mar 2025,2025,-6,Apparel,Pacific,43406.88,25695.87,17711.01,45631.64,2224.77,246.0,240.0,2475.2,80,69,11,5,3,37
2025-03-01,Mar 2025,2025,-6,Apparel,Southeast,153243.91,90811.99,62431.92,160972.69,7728.73,794.0,765.0,8848.37,201,184,17,16,4,76
2025-03-01,Mar 2025,2025,-6,Apparel,Texas & Gulf,105772.25,61899.31,43872.94,110658.11,4885.87,541.0,530.0,5980.08,167,154,13,7,4,69
2025-03-01,Mar 2025,2025,-6,Dairy & Frozen,Mid-Atlantic,29627.13,23525.51,6101.62,31056.55,1429.37,720.0,712.0,7730.06,240,221,19,7,3,46
2025-03-01,Mar 2025,2025,-6,Dairy & Frozen,Midwest,36440.52,28899.05,7541.48,38214.8,1774.34,844.0,829.0,8996.73,289,262,27,10,4,79
2025-03-01,Mar 2025,2025,-6,Dairy & Frozen,Mountain West,19929.52,15638.85,4290.67,20802.36,872.86,455.0,452.0,4919.58,189,171,18,3,1,47
2025-03-01,Mar 2025,2025,-6,Dairy & Frozen,Northeast,16738.27,13149.11,3589.16,17516.71,778.4,392.0,389.0,4167.74,130,120,10,3,2,29
2025-03-01,Mar 2025,2025,-6,Dairy & Frozen,Pacific,29482.68,23086.98,6395.7,30818.5,1335.77,699.0,683.0,7156.63,221,201,20,12,4,48
2025-03-01,Mar 2025,2025,-6,Dairy & Frozen,Southeast,66445.07,52464.67,13980.4,69534.43,3089.4,1577.0,1555.0,16584.75,506,473,33,14,4,96
2025-03-01,Mar 2025,2025,-6,Dairy & Frozen,Texas & Gulf,56543.88,44452.14,12091.74,59154.66,2610.8,1380.0,1360.0,13964.88,441,412,29,13,4,95
2025-03-01,Mar 2025,2025,-6,Electronics,Mid-Atlantic,135736.48,119212.02,16524.46,141464.44,5727.94,132.0,126.0,1405.45,37,32,5,3,3,23
2025-03-01,Mar 2025,2025,-6,Electronics,Midwest,182160.2,169358.18,12802.02,189927.54,7767.34,226.0,208.0,2085.61,71,64,7,10,5,42
2025-03-01,Mar 2025,2025,-6,Electronics,Mountain West,80740.06,69521.95,11218.11,84688.87,3948.82,88.0,82.0,848.0,35,33,2,3,2,24
2025-03-01,Mar 2025,2025,-6,Electronics,Northeast,63035.8,55480.57,7555.22,66110.64,3074.84,65.0,59.0,619.73,23,22,1,3,1,14
2025-03-01,Mar 2025,2025,-6,Electronics,Pacific,90527.6,79145.09,11382.51,94862.8,4335.13,97.0,89.0,959.74,38,35,3,5,3,22
2025-03-01,Mar 2025,2025,-6,Electronics,Southeast,237786.3,206020.55,31765.75,248729.92,10943.62,245.0,234.0,2504.33,90,81,9,6,3,55
2025-03-01,Mar 2025,2025,-6,Electronics,Texas & Gulf,224099.13,195244.88,28854.25,234543.56,10444.48,214.0,207.0,2271.35,76,72,4,3,1,53
2025-03-01,Mar 2025,2025,-6,Fresh & Produce,Mid-Atlantic,29154.14,21540.79,7613.35,30551.0,1397.05,1023.0,950.0,10521.72,271,247,24,37,10,47
2025-03-01,Mar 2025,2025,-6,Fresh & Produce,Midwest,37320.0,27811.33,9508.67,39107.27,1787.25,1312.0,1237.0,13242.0,423,390,33,43,18,91
2025-03-01,Mar 2025,2025,-6,Fresh & Produce,Mountain West,16456.81,12207.23,4249.58,17284.79,828.03,614.0,575.0,5751.75,239,218,21,23,14,50
2025-03-01,Mar 2025,2025,-6,Fresh & Produce,Northeast,12625.01,9311.73,3313.28,13247.56,622.59,461.0,431.0,4620.42,150,138,12,18,9,30
2025-03-01,Mar 2025,2025,-6,Fresh & Produce,Pacific,22455.65,16319.74,6135.91,23537.74,1082.07,773.0,717.0,7795.76,273,249,24,31,12,47
2025-03-01,Mar 2025,2025,-6,Fresh & Produce,Southeast,57142.87,41690.64,15452.23,59905.51,2762.6,1958.0,1855.0,19469.71,655,589,66,65,24,96
2025-03-01,Mar 2025,2025,-6,Fresh & Produce,Texas & Gulf,48221.18,35539.21,12681.96,50600.57,2379.3,1697.0,1589.0,16430.97,584,539,45,72,29,94
2025-03-01,Mar 2025,2025,-6,Grocery,Mid-Atlantic,83541.43,67602.82,15938.62,87520.21,3978.67,1830.0,1816.0,20801.13,536,488,48,11,0,48
2025-03-01,Mar 2025,2025,-6,Grocery,Midwest,133998.05,109932.23,24065.82,140233.27,6235.28,2959.0,2943.0,33679.77,857,785,72,8,4,93
2025-03-01,Mar 2025,2025,-6,Grocery,Mountain West,47748.38,38642.91,9105.47,50030.77,2282.49,1018.0,1013.0,11769.98,402,368,34,5,1,52
2025-03-01,Mar 2025,2025,-6,Grocery,Northeast,33941.15,27212.55,6728.59,35567.39,1626.26,728.0,727.0,8351.54,248,221,27,1,0,30
2025-03-01,Mar 2025,2025,-6,Grocery,Pacific,81113.33,64483.27,16630.06,85004.74,3891.32,1677.0,1667.0,19111.09,517,470,47,9,2,48
2025-03-01,Mar 2025,2025,-6,Grocery,Southeast,168138.67,135876.99,32261.68,176217.75,8079.16,3582.0,3545.0,40767.3,1176,1075,101,27,13,99
2025-03-01,Mar 2025,2025,-6,Grocery,Texas & Gulf,157776.12,126610.12,31166.0,165323.13,7546.92,3373.0,3349.0,38405.45,1029,949,80,21,9,97
2025-03-01,Mar 2025,2025,-6,Health & Wellness,Mid-Atlantic,70700.22,49557.16,21143.06,74145.63,3445.4,544.0,539.0,5755.52,147,136,11,4,0,42
2025-03-01,Mar 2025,2025,-6,Health & Wellness,Midwest,82178.32,58921.45,23256.87,85970.06,3791.63,663.0,653.0,6945.65,230,216,14,8,2,78
2025-03-01,Mar 2025,2025,-6,Health & Wellness,Mountain West,41631.57,29071.41,12560.16,43672.66,2041.12,324.0,320.0,3357.68,135,126,9,4,2,45
2025-03-01,Mar 2025,2025,-6,Health & Wellness,Northeast,34269.58,24234.55,10035.03,35932.31,1662.74,270.0,265.0,2858.56,78,73,5,3,1,26
2025-03-01,Mar 2025,2025,-6,Health & Wellness,Pacific,68699.11,47616.13,21082.97,72008.62,3309.53,535.0,530.0,5572.99,183,168,15,4,1,46
2025-03-01,Mar 2025,2025,-6,Health & Wellness,Southeast,145603.43,103607.57,41995.86,152235.53,6632.09,1137.0,1125.0,12172.76,362,330,32,8,2,91
2025-03-01,Mar 2025,2025,-6,Health & Wellness,Texas & Gulf,136807.18,97825.93,38981.25,143328.77,6521.62,1130.0,1104.0,11906.82,325,308,17,13,4,91
2025-03-01,Mar 2025,2025,-6,Home & Kitchen,Mid-Atlantic,53421.07,34328.23,19092.85,56137.09,2716.03,199.0,196.0,2091.77,68,64,4,3,2,30
2025-03-01,Mar 2025,2025,-6,Home & Kitchen,Midwest,116084.4,74595.0,41489.4,121375.1,5290.76,444.0,441.0,4857.65,148,129,19,3,3,68
2025-03-01,Mar 2025,2025,-6,Home & Kitchen,Mountain West,57145.93,35804.59,21341.34,59870.56,2724.6,206.0,201.0,2406.34,83,81,2,3,1,40
2025-03-01,Mar 2025,2025,-6,Home & Kitchen,Northeast,22323.87,14282.39,8041.48,23336.9,1013.02,111.0,110.0,955.84,39,36,3,1,0,17
2025-03-01,Mar 2025,2025,-6,Home & Kitchen,Pacific,69189.53,43841.13,25348.41,72818.16,3628.67,261.0,250.0,2861.1,83,80,3,4,0,41
2025-03-01,Mar 2025,2025,-6,Home & Kitchen,Southeast,181854.9,117121.37,64733.52,190268.49,8413.68,669.0,657.0,7461.75,220,203,17,9,6,82
2025-03-01,Mar 2025,2025,-6,Home & Kitchen,Texas & Gulf,132279.25,83674.31,48604.94,138814.45,6535.22,504.0,494.0,5372.84,164,153,11,8,2,78
2025-03-01,Mar 2025,2025,-6,Household Essentials,Mid-Atlantic,31378.1,23581.73,7796.38,32789.61,1411.48,443.0,441.0,4623.0,131,122,9,2,2,40
2025-03-01,Mar 2025,2025,-6,Household Essentials,Midwest,63983.3,49511.38,14471.92,67156.29,3172.98,834.0,829.0,9467.57,233,215,18,4,1,83
2025-03-01,Mar 2025,2025,-6,Household Essentials,Mountain West,24333.58,18105.14,6228.44,25459.07,1125.44,323.0,319.0,3537.21,140,130,10,4,4,46
2025-03-01,Mar 2025,2025,-6,Household Essentials,Northeast,12485.51,9422.52,3062.99,13022.82,537.29,185.0,185.0,1873.64,69,65,4,0,0,25
2025-03-01,Mar 2025,2025,-6,Household Essentials,Pacific,37938.0,28457.2,9480.8,39778.74,1840.78,532.0,528.0,5626.0,150,139,11,4,4,44
2025-03-01,Mar 2025,2025,-6,Household Essentials,Southeast,70602.17,53156.91,17445.26,73964.7,3362.59,1009.0,1005.0,10566.63,317,297,20,4,3,85
2025-03-01,Mar 2025,2025,-6,Household Essentials,Texas & Gulf,72076.85,54386.65,17690.2,75635.93,3558.98,1017.0,1006.0,10694.44,306,282,24,10,6,85
2025-03-01,Mar 2025,2025,-6,Meat & Seafood,Mid-Atlantic,47526.93,38029.7,9497.23,49690.67,2163.64,545.0,515.0,5644.74,157,148,9,10,2,42
2025-03-01,Mar 2025,2025,-6,Meat & Seafood,Midwest,70903.84,56547.4,14356.45,74149.25,3245.21,767.0,731.0,8624.52,267,233,34,20,10,87
2025-03-01,Mar 2025,2025,-6,Meat & Seafood,Mountain West,32708.5,25842.57,6865.94,34333.44,1624.87,358.0,337.0,4083.82,169,159,10,18,8,49
2025-03-01,Mar 2025,2025,-6,Meat & Seafood,Northeast,26112.65,20857.24,5255.4,27386.1,1273.44,273.0,263.0,3031.64,100,89,11,7,2,26
2025-03-01,Mar 2025,2025,-6,Meat & Seafood,Pacific,52792.22,41487.18,11305.04,55398.13,2605.95,554.0,539.0,6262.81,198,177,21,12,5,44
2025-03-01,Mar 2025,2025,-6,Meat & Seafood,Southeast,111785.49,88983.51,22801.98,117026.56,5241.06,1202.0,1144.0,13262.75,412,381,31,39,12,96
2025-03-01,Mar 2025,2025,-6,Meat & Seafood,Texas & Gulf,120312.96,94380.8,25932.15,126202.37,5889.33,1189.0,1164.0,13971.55,368,343,25,18,9,89
2025-03-01,Mar 2025,2025,-6,Toys & Seasonal,Mid-Atlantic,16929.24,11623.4,5305.85,17649.12,719.88,94.0,83.0,894.99,38,35,3,7,3,25
2025-03-01,Mar 2025,2025,-6,Toys & Seasonal,Midwest,15354.7,10355.62,4999.08,16109.92,755.21,107.0,92.0,861.76,49,46,3,11,5,39
2025-03-01,Mar 2025,2025,-6,Toys & Seasonal,Mountain West,8560.77,5674.49,2886.27,9019.22,458.45,51.0,48.0,446.08,36,36,0,3,1,27
2025-03-01,Mar 2025,2025,-6,Toys & Seasonal,Northeast,11979.37,8114.97,3864.4,12609.68,630.31,71.0,59.0,641.91,34,33,1,8,6,17
2025-03-01,Mar 2025,2025,-6,Toys & Seasonal,Pacific,17060.82,11376.15,5684.67,17927.89,867.09,106.0,95.0,909.33,40,37,3,6,1,25
2025-03-01,Mar 2025,2025,-6,Toys & Seasonal,Southeast,38177.32,25983.51,12193.81,40007.63,1830.33,206.0,198.0,2088.39,100,92,8,7,2,59
2025-03-01,Mar 2025,2025,-6,Toys & Seasonal,Texas & Gulf,34593.91,23310.79,11283.12,36232.14,1638.22,208.0,185.0,1803.47,86,81,5,14,7,54
2025-04-01,Apr 2025,2025,-5,Apparel,Mid-Atlantic,70023.94,41199.06,28824.89,73257.33,3233.42,392.0,373.0,3960.12,89,81,8,8,2,39
2025-04-01,Apr 2025,2025,-5,Apparel,Midwest,74582.62,44328.7,30253.92,77941.4,3358.83,431.0,418.0,4267.97,112,105,7,9,3,66
2025-04-01,Apr 2025,2025,-5,Apparel,Mountain West,39120.46,22743.39,16377.07,40968.11,1847.66,195.0,187.0,2124.26,71,63,8,4,3,36
2025-04-01,Apr 2025,2025,-5,Apparel,Northeast,36696.65,21150.44,15546.2,38368.41,1671.77,180.0,178.0,2096.19,46,44,2,2,1,21
2025-04-01,Apr 2025,2025,-5,Apparel,Pacific,61612.63,35141.65,26470.98,64377.9,2765.25,282.0,276.0,3447.44,85,78,7,1,0,39
2025-04-01,Apr 2025,2025,-5,Apparel,Southeast,135244.99,80233.99,55011.0,141628.01,6383.04,747.0,726.0,7565.61,173,162,11,10,2,75
2025-04-01,Apr 2025,2025,-5,Apparel,Texas & Gulf,122520.5,70182.49,52338.02,128777.33,6256.8,601.0,583.0,6664.95,156,140,16,10,2,66
2025-04-01,Apr 2025,2025,-5,Dairy & Frozen,Mid-Atlantic,32829.42,25988.03,6841.39,34499.33,1670.0,775.0,767.0,8219.32,217,201,16,7,3,43
2025-04-01,Apr 2025,2025,-5,Dairy & Frozen,Midwest,50356.63,39943.69,10412.94,52838.34,2481.65,1161.0,1140.0,12479.7,355,333,22,16,7,83
2025-04-01,Apr 2025,2025,-5,Dairy & Frozen,Mountain West,21066.09,16654.96,4411.13,22039.97,973.9,503.0,497.0,5195.98,172,159,13,5,4,46
2025-04-01,Apr 2025,2025,-5,Dairy & Frozen,Northeast,16094.82,12735.59,3359.23,16769.08,674.29,374.0,370.0,4275.58,115,109,6,3,0,27
2025-04-01,Apr 2025,2025,-5,Dairy & Frozen,Pacific,30744.65,24114.71,6629.93,32193.57,1448.84,716.0,713.0,7717.78,216,194,22,3,0,50
2025-04-01,Apr 2025,2025,-5,Dairy & Frozen,Southeast,64524.59,51061.76,13462.83,67524.18,2999.43,1541.0,1515.0,16281.69,446,408,38,11,1,98
2025-04-01,Apr 2025,2025,-5,Dairy & Frozen,Texas & Gulf,60340.33,47288.2,13052.13,63220.95,2880.73,1340.0,1324.0,14873.62,420,389,31,9,2,92
2025-04-01,Apr 2025,2025,-5,Electronics,Mid-Atlantic,150854.51,134311.23,16543.28,158039.02,7184.52,160.0,158.0,1655.14,45,37,8,1,0,24
2025-04-01,Apr 2025,2025,-5,Electronics,Midwest,186298.82,162755.36,23543.46,195877.99,9579.19,215.0,189.0,2051.19,71,66,5,8,2,48
2025-04-01,Apr 2025,2025,-5,Electronics,Mountain West,77394.29,69342.56,8051.73,81044.78,3650.48,81.0,79.0,868.89,29,28,1,2,2,21
2025-04-01,Apr 2025,2025,-5,Electronics,Northeast,62801.41,55716.22,7085.19,65820.72,3019.31,69.0,60.0,679.33,22,22,0,4,2,12
2025-04-01,Apr 2025,2025,-5,Electronics,Pacific,114572.77,98264.29,16308.49,119834.94,5262.19,118.0,114.0,1209.74,42,42,0,3,2,25
2025-04-01,Apr 2025,2025,-5,Electronics,Southeast,265036.4,232655.65,32380.75,277608.53,12572.09,294.0,262.0,2832.62,90,86,4,12,4,55
2025-04-01,Apr 2025,2025,-5,Electronics,Texas & Gulf,284793.31,247860.48,36932.82,297193.75,12400.49,295.0,286.0,2973.03,96,86,10,7,3,59
2025-04-01,Apr 2025,2025,-5,Fresh & Produce,Mid-Atlantic,26179.66,19245.3,6934.36,27390.5,1210.83,966.0,915.0,9227.76,279,255,24,29,6,45
2025-04-01,Apr 2025,2025,-5,Fresh & Produce,Midwest,45739.09,33807.4,11931.69,47874.61,2135.47,1621.0,1525.0,15919.84,462,417,45,54,20,85
2025-04-01,Apr 2025,2025,-5,Fresh & Produce,Mountain West,21030.67,15524.51,5506.16,22042.71,1012.04,757.0,696.0,7242.26,256,237,19,34,16,51
2025-04-01,Apr 2025,2025,-5,Fresh & Produce,Northeast,12838.12,9571.01,3267.11,13403.93,565.79,475.0,447.0,4535.21,143,134,9,15,9,30
2025-04-01,Apr 2025,2025,-5,Fresh & Produce,Pacific,25127.4,18156.97,6970.43,26291.3,1163.98,830.0,765.0,8524.18,261,235,26,33,11,49
2025-04-01,Apr 2025,2025,-5,Fresh & Produce,Southeast,61297.12,45391.44,15905.68,64300.4,3003.21,2145.0,2037.0,21366.37,611,563,48,63,25,98
2025-04-01,Apr 2025,2025,-5,Fresh & Produce,Texas & Gulf,41212.78,29787.2,11425.58,43147.04,1934.39,1549.0,1459.0,14494.18,469,432,37,49,16,96
2025-04-01,Apr 2025,2025,-5,Grocery,Mid-Atlantic,75696.92,61701.8,13995.12,79483.41,3786.51,1662.0,1637.0,18630.62,502,453,49,14,4,47
2025-04-01,Apr 2025,2025,-5,Grocery,Midwest,115037.66,93344.26,21693.4,120380.22,5342.71,2534.0,2516.0,28273.83,832,779,53,16,7,90
2025-04-01,Apr 2025,2025,-5,Grocery,Mountain West,61485.42,49271.11,12214.31,64381.27,2895.72,1287.0,1281.0,15120.2,461,426,35,6,3,51
2025-04-01,Apr 2025,2025,-5,Grocery,Northeast,39802.0,31928.36,7873.64,41693.34,1891.37,890.0,879.0,9844.14,280,255,25,7,3,30
2025-04-01,Apr 2025,2025,-5,Grocery,Pacific,67116.55,53321.69,13794.85,70398.29,3281.86,1430.0,1415.0,16182.47,472,442,30,11,5,50
2025-04-01,Apr 2025,2025,-5,Grocery,Southeast,153067.06,123150.22,29916.84,160177.18,7109.84,3337.0,3314.0,37464.71,1023,923,100,21,12,97
2025-04-01,Apr 2025,2025,-5,Grocery,Texas & Gulf,139943.54,111833.56,28109.98,146538.04,6594.63,3065.0,3050.0,33804.91,954,883,71,14,7,99
2025-04-01,Apr 2025,2025,-5,Health & Wellness,Mid-Atlantic,56036.39,40234.4,15801.99,58729.33,2692.93,469.0,466.0,4846.53,152,142,10,3,1,42
2025-04-01,Apr 2025,2025,-5,Health & Wellness,Midwest,103734.64,74055.53,29679.11,108744.09,5009.55,810.0,797.0,8753.99,260,241,19,11,3,81
2025-04-01,Apr 2025,2025,-5,Health & Wellness,Mountain West,51092.53,36304.65,14787.88,53565.88,2473.29,409.0,399.0,4336.02,151,134,17,8,3,45
2025-04-01,Apr 2025,2025,-5,Health & Wellness,Northeast,32805.83,23016.63,9789.2,34371.58,1565.75,289.0,289.0,2591.64,97,92,5,0,0,24
2025-04-01,Apr 2025,2025,-5,Health & Wellness,Pacific,61860.16,43902.93,17957.23,64784.88,2924.78,521.0,519.0,5300.08,155,144,11,2,2,45
2025-04-01,Apr 2025,2025,-5,Health & Wellness,Southeast,149824.86,107230.5,42594.36,156739.94,6915.03,1155.0,1148.0,12572.45,353,329,24,6,3,90
2025-04-01,Apr 2025,2025,-5,Health & Wellness,Texas & Gulf,137811.02,98418.95,39392.07,144235.83,6424.86,1066.0,1057.0,11510.49,321,302,19,7,3,90
2025-04-01,Apr 2025,2025,-5,Home & Kitchen,Mid-Atlantic,75091.6,48300.89,26790.71,78500.92,3409.35,276.0,273.0,3006.04,83,78,5,3,1,33
2025-04-01,Apr 2025,2025,-5,Home & Kitchen,Midwest,161843.8,102754.02,59089.78,169610.58,7766.78,522.0,517.0,6363.11,160,145,15,3,1,69
2025-04-01,Apr 2025,2025,-5,Home & Kitchen,Mountain West,52534.31,33737.42,18796.89,54999.46,2465.18,229.0,227.0,2321.38,68,66,2,2,1,36
2025-04-01,Apr 2025,2025,-5,Home & Kitchen,Northeast,58914.18,37582.23,21331.95,61604.2,2690.09,219.0,219.0,2398.72,68,63,5,0,0,23
2025-04-01,Apr 2025,2025,-5,Home & Kitchen,Pacific,59346.26,37887.44,21458.82,61976.63,2630.41,217.0,215.0,2427.71,75,69,6,2,1,35
2025-04-01,Apr 2025,2025,-5,Home & Kitchen,Southeast,197409.15,127872.95,69536.2,206681.74,9272.54,740.0,727.0,8146.48,194,174,20,9,2,77
2025-04-01,Apr 2025,2025,-5,Home & Kitchen,Texas & Gulf,169273.34,106349.79,62923.55,176880.21,7606.91,615.0,603.0,7047.48,180,166,14,8,0,76
2025-04-01,Apr 2025,2025,-5,Household Essentials,Mid-Atlantic,34670.23,26826.26,7843.97,36400.68,1730.45,477.0,475.0,5127.58,133,121,12,2,2,40
2025-04-01,Apr 2025,2025,-5,Household Essentials,Midwest,54236.03,41408.43,12827.6,56635.48,2399.36,768.0,764.0,8085.62,241,226,15,4,2,77
2025-04-01,Apr 2025,2025,-5,Household Essentials,Mountain West,22814.08,17159.85,5654.24,23962.52,1148.46,329.0,328.0,3613.14,122,113,9,1,1,44
2025-04-01,Apr 2025,2025,-5,Household Essentials,Northeast,16199.4,12365.44,3833.96,16971.57,772.12,252.0,252.0,2615.63,74,70,4,0,0,24
2025-04-01,Apr 2025,2025,-5,Household Essentials,Pacific,35501.47,26538.53,8962.94,37139.58,1638.1,479.0,478.0,5217.54,134,124,10,1,0,41
2025-04-01,Apr 2025,2025,-5,Household Essentials,Southeast,77764.68,59056.03,18708.65,81525.77,3761.04,1065.0,1045.0,11504.82,311,296,15,9,3,92
2025-04-01,Apr 2025,2025,-5,Household Essentials,Texas & Gulf,65978.0,50135.67,15842.34,68981.86,3003.94,942.0,934.0,9717.83,277,244,33,7,1,86
2025-04-01,Apr 2025,2025,-5,Meat & Seafood,Mid-Atlantic,59045.69,46602.25,12443.44,61828.03,2782.27,610.0,591.0,6762.7,175,161,14,13,3,39
2025-04-01,Apr 2025,2025,-5,Meat & Seafood,Midwest,91408.52,72841.2,18567.33,95921.06,4512.48,980.0,947.0,10925.75,303,270,33,18,3,79
2025-04-01,Apr 2025,2025,-5,Meat & Seafood,Mountain West,39351.47,31013.08,8338.38,41261.03,1909.56,432.0,407.0,4666.91,162,146,16,16,7,49
2025-04-01,Apr 2025,2025,-5,Meat & Seafood,Northeast,30588.33,25577.27,5011.06,32195.2,1606.77,314.0,305.0,3781.2,88,83,5,8,5,26
2025-04-01,Apr 2025,2025,-5,Meat & Seafood,Pacific,48389.85,38073.33,10316.52,50791.76,2401.87,504.0,487.0,5796.99,178,172,6,14,8,45
2025-04-01,Apr 2025,2025,-5,Meat & Seafood,Southeast,132678.43,104668.6,28009.82,139056.21,6377.73,1330.0,1293.0,15760.96,376,343,33,22,9,94
2025-04-01,Apr 2025,2025,-5,Meat & Seafood,Texas & Gulf,96304.61,75549.02,20755.59,101049.01,4744.28,1050.0,998.0,11731.31,350,319,31,29,9,89
2025-04-01,Apr 2025,2025,-5,Toys & Seasonal,Mid-Atlantic,18400.39,12533.75,5866.64,19288.62,888.21,101.0,96.0,1063.73,36,35,1,4,0,22
2025-04-01,Apr 2025,2025,-5,Toys & Seasonal,Midwest,34991.46,23316.44,11675.02,36612.74,1621.23,207.0,187.0,1910.78,74,68,6,9,2,52
2025-04-01,Apr 2025,2025,-5,Toys & Seasonal,Mountain West,17419.54,11661.92,5757.62,18351.92,932.36,90.0,87.0,942.84,41,39,2,1,0,27
2025-04-01,Apr 2025,2025,-5,Toys & Seasonal,Northeast,16405.39,11339.08,5066.31,17137.97,732.58,91.0,83.0,918.63,30,29,1,5,4,20
2025-04-01,Apr 2025,2025,-5,Toys & Seasonal,Pacific,20946.72,14154.84,6791.89,21809.27,862.5,107.0,101.0,1098.91,45,43,2,5,3,27
2025-04-01,Apr 2025,2025,-5,Toys & Seasonal,Southeast,62145.47,44296.98,17848.5,64860.54,2715.02,337.0,305.0,3523.86,99,96,3,16,2,64
2025-04-01,Apr 2025,2025,-5,Toys & Seasonal,Texas & Gulf,37212.86,25228.41,11984.45,39121.16,1908.3,201.0,187.0,1909.25,82,76,6,12,10,57
2025-05-01,May 2025,2025,-4,Apparel,Mid-Atlantic,58475.03,34525.55,23949.48,61433.88,2958.9,304.0,301.0,3080.78,93,89,4,3,2,35
2025-05-01,May 2025,2025,-4,Apparel,Midwest,68690.15,39625.1,29065.05,71813.05,3122.92,354.0,345.0,3671.17,125,118,7,7,5,62
2025-05-01,May 2025,2025,-4,Apparel,Mountain West,40656.12,23975.11,16681.02,42741.49,2085.36,227.0,219.0,2235.86,76,63,13,6,2,40
2025-05-01,May 2025,2025,-4,Apparel,Northeast,19818.95,11488.75,8330.2,20836.41,1017.47,122.0,113.0,1116.63,38,35,3,7,3,18
2025-05-01,May 2025,2025,-4,Apparel,Pacific,52382.5,29839.02,22543.47,55070.2,2687.63,256.0,248.0,2918.52,99,93,6,5,2,40
2025-05-01,May 2025,2025,-4,Apparel,Southeast,94756.68,55068.82,39687.86,99493.88,4737.22,521.0,502.0,5520.3,160,144,16,12,5,69
2025-05-01,May 2025,2025,-4,Apparel,Texas & Gulf,95637.87,55933.58,39704.3,100489.54,4851.66,500.0,484.0,5250.88,151,138,13,10,1,64
2025-05-01,May 2025,2025,-4,Dairy & Frozen,Mid-Atlantic,36762.46,29066.75,7695.71,38539.36,1776.84,818.0,811.0,9208.08,232,217,15,6,2,45
2025-05-01,May 2025,2025,-4,Dairy & Frozen,Midwest,54718.69,43345.65,11373.04,57317.43,2598.68,1222.0,1196.0,13583.71,362,332,30,19,3,88
2025-05-01,May 2025,2025,-4,Dairy & Frozen,Mountain West,26600.17,21169.73,5430.44,27838.35,1238.23,601.0,595.0,6513.78,203,187,16,5,2,55
2025-05-01,May 2025,2025,-4,Dairy & Frozen,Northeast,21930.56,17671.71,4258.85,22962.95,1032.38,499.0,491.0,5577.05,139,129,10,5,1,31
2025-05-01,May 2025,2025,-4,Dairy & Frozen,Pacific,33122.1,25732.9,7389.2,34720.02,1597.97,759.0,744.0,7986.69,252,235,17,10,3,48
2025-05-01,May 2025,2025,-4,Dairy & Frozen,Southeast,60356.19,47149.12,13207.07,63417.38,3061.15,1383.0,1373.0,14777.91,435,395,40,10,4,95
2025-05-01,May 2025,2025,-4,Dairy & Frozen,Texas & Gulf,61016.39,47882.03,13134.36,64146.41,3130.03,1432.0,1409.0,15744.49,429,381,48,15,4,92
2025-05-01,May 2025,2025,-4,Electronics,Mid-Atlantic,124631.68,107881.19,16750.49,130826.91,6195.25,129.0,127.0,1374.96,43,40,3,1,0,26
2025-05-01,May 2025,2025,-4,Electronics,Midwest,246028.79,214793.49,31235.3,258397.63,12368.85,253.0,246.0,2694.9,74,68,6,2,0,43
2025-05-01,May 2025,2025,-4,Electronics,Mountain West,102003.71,87239.34,14764.38,107053.72,5049.93,99.0,93.0,982.26,42,40,2,5,3,24
2025-05-01,May 2025,2025,-4,Electronics,Northeast,113559.98,100438.57,13121.41,119284.06,5724.11,115.0,113.0,1262.43,33,31,2,1,0,19
2025-05-01,May 2025,2025,-4,Electronics,Pacific,111750.77,96177.1,15573.66,116430.56,4679.8,115.0,105.0,1100.31,39,38,1,3,1,28
2025-05-01,May 2025,2025,-4,Electronics,Southeast,219309.75,187428.32,31881.43,229500.14,10190.41,227.0,220.0,2296.9,97,94,3,7,5,59
2025-05-01,May 2025,2025,-4,Electronics,Texas & Gulf,163066.96,142491.23,20575.73,170404.97,7338.06,164.0,154.0,1692.2,72,68,4,6,3,45
2025-05-01,May 2025,2025,-4,Fresh & Produce,Mid-Atlantic,34521.85,25365.77,9156.08,36036.86,1514.98,1232.0,1162.0,11805.92,308,288,20,40,14,44
2025-05-01,May 2025,2025,-4,Fresh & Produce,Midwest,43158.89,31809.7,11349.19,45179.04,2020.23,1471.0,1411.0,15161.61,400,363,37,40,18,87
2025-05-01,May 2025,2025,-4,Fresh & Produce,Mountain West,21211.79,15214.66,5997.13,22260.28,1048.39,730.0,693.0,7237.74,282,265,17,25,13,55
2025-05-01,May 2025,2025,-4,Fresh & Produce,Northeast,20803.29,15198.96,5604.33,21757.25,953.89,806.0,740.0,7434.35,199,185,14,30,5,30
2025-05-01,May 2025,2025,-4,Fresh & Produce,Pacific,29192.64,21334.73,7857.91,30550.56,1357.85,1030.0,974.0,10031.94,279,261,18,28,10,49
2025-05-01,May 2025,2025,-4,Fresh & Produce,Southeast,60818.85,44668.24,16150.61,63642.85,2824.05,2148.0,2023.0,21028.72,597,552,45,62,27,95
2025-05-01,May 2025,2025,-4,Fresh & Produce,Texas & Gulf,51456.42,37875.98,13580.44,53856.48,2399.98,1845.0,1756.0,17668.96,530,477,53,59,27,95
2025-05-01,May 2025,2025,-4,Grocery,Mid-Atlantic,86662.84,69585.0,17077.84,90882.94,4220.15,1884.0,1874.0,21231.34,552,502,50,7,2,48
2025-05-01,May 2025,2025,-4,Grocery,Midwest,120677.55,97826.55,22851.0,126336.46,5658.87,2615.0,2599.0,29222.32,787,716,71,14,4,94
2025-05-01,May 2025,2025,-4,Grocery,Mountain West,67393.24,54141.24,13252.0,70387.49,2994.37,1452.0,1446.0,16563.42,524,480,44,6,2,56
2025-05-01,May 2025,2025,-4,Grocery,Northeast,60892.67,48799.41,12093.26,63634.91,2742.29,1290.0,1280.0,14809.81,369,340,29,9,4,32
2025-05-01,May 2025,2025,-4,Grocery,Pacific,80983.79,64153.54,16830.25,84754.23,3770.38,1777.0,1761.0,19841.71,561,519,42,12,3,50
2025-05-01,May 2025,2025,-4,Grocery,Southeast,137846.82,110223.15,27623.67,144403.79,6556.9,2971.0,2933.0,33471.01,1027,939,88,28,10,97
2025-05-01,May 2025,2025,-4,Grocery,Texas & Gulf,141728.26,112439.89,29288.37,148511.3,6782.89,3111.0,3090.0,34749.1,993,920,73,14,3,98
2025-05-01,May 2025,2025,-4,Health & Wellness,Mid-Atlantic,77309.94,54979.49,22330.45,81018.53,3708.48,622.0,609.0,6347.38,209,187,22,6,1,47
2025-05-01,May 2025,2025,-4,Health & Wellness,Midwest,96317.48,69478.65,26838.83,100974.51,4657.0,825.0,815.0,8422.76,241,223,18,7,3,80
2025-05-01,May 2025,2025,-4,Health & Wellness,Mountain West,46171.04,32604.72,13566.32,48474.69,2303.69,355.0,352.0,3751.49,141,125,16,2,2,48
2025-05-01,May 2025,2025,-4,Health & Wellness,Northeast,48673.43,35028.29,13645.14,51211.34,2537.96,361.0,358.0,4221.05,109,104,5,2,0,29
2025-05-01,May 2025,2025,-4,Health & Wellness,Pacific,64647.3,44773.33,19873.96,67791.78,3144.55,463.0,456.0,5200.91,172,154,18,5,1,47
2025-05-01,May 2025,2025,-4,Health & Wellness,Southeast,113145.39,80495.3,32650.1,118781.27,5635.8,910.0,904.0,9939.89,302,284,18,4,0,86
2025-05-01,May 2025,2025,-4,Health & Wellness,Texas & Gulf,121341.6,83865.01,37476.59,127148.2,5806.69,885.0,877.0,9820.06,295,276,19,5,3,84
2025-05-01,May 2025,2025,-4,Home & Kitchen,Mid-Atlantic,95742.44,61181.76,34560.68,100226.44,4483.9,351.0,349.0,4069.14,105,95,10,2,0,32
2025-05-01,May 2025,2025,-4,Home & Kitchen,Midwest,126979.31,82847.71,44131.6,133487.91,6508.62,490.0,479.0,5372.98,132,120,12,6,1,64
2025-05-01,May 2025,2025,-4,Home & Kitchen,Mountain West,67875.82,43817.5,24058.32,70746.38,2870.56,243.0,237.0,2848.05,83,72,11,5,0,41
2025-05-01,May 2025,2025,-4,Home & Kitchen,Northeast,48991.19,32233.42,16757.77,51504.26,2513.07,203.0,201.0,2169.1,55,49,6,2,1,23
2025-05-01,May 2025,2025,-4,Home & Kitchen,Pacific,109036.84,69259.84,39777.0,114313.92,5277.13,399.0,393.0,4408.12,111,98,13,6,5,40
2025-05-01,May 2025,2025,-4,Home & Kitchen,Southeast,150709.69,95870.29,54839.4,158224.23,7514.55,567.0,561.0,6237.3,148,136,12,2,1,74
2025-05-01,May 2025,2025,-4,Home & Kitchen,Texas & Gulf,152899.91,96134.51,56765.4,160937.5,8037.54,565.0,555.0,6376.11,167,150,17,8,1,71
2025-05-01,May 2025,2025,-4,Household Essentials,Mid-Atlantic,37917.58,28949.38,8968.2,39796.28,1878.73,528.0,522.0,5499.53,158,148,10,6,2,40
2025-05-01,May 2025,2025,-4,Household Essentials,Midwest,48634.04,36929.73,11704.31,50968.46,2334.51,672.0,664.0,7021.25,197,185,12,5,2,80
2025-05-01,May 2025,2025,-4,Household Essentials,Mountain West,19016.8,14083.65,4933.15,19968.63,951.82,284.0,278.0,2847.3,126,115,11,3,1,47
2025-05-01,May 2025,2025,-4,Household Essentials,Northeast,20005.15,15266.21,4738.94,20986.09,980.92,295.0,289.0,3031.97,76,70,6,5,3,27
2025-05-01,May 2025,2025,-4,Household Essentials,Pacific,39132.34,29368.77,9763.57,41017.34,1885.01,496.0,491.0,5574.24,154,142,12,4,1,49
2025-05-01,May 2025,2025,-4,Household Essentials,Southeast,52676.08,39903.19,12772.89,55199.08,2523.01,742.0,736.0,8156.07,247,233,14,4,2,79
2025-05-01,May 2025,2025,-4,Household Essentials,Texas & Gulf,73188.95,54514.15,18674.8,76542.22,3353.26,1044.0,1041.0,10702.08,287,264,23,3,2,85
2025-05-01,May 2025,2025,-4,Meat & Seafood,Mid-Atlantic,67260.77,53993.32,13267.44,70588.7,3327.84,689.0,664.0,7858.95,172,158,14,14,7,46
2025-05-01,May 2025,2025,-4,Meat & Seafood,Midwest,97496.86,78569.33,18927.53,102000.39,4503.51,990.0,951.0,11917.58,273,252,21,17,6,83
2025-05-01,May 2025,2025,-4,Meat & Seafood,Mountain West,45955.0,36142.27,9812.73,48052.45,2097.42,452.0,421.0,5199.1,154,142,12,11,2,49
2025-05-01,May 2025,2025,-4,Meat & Seafood,Northeast,51745.29,41397.13,10348.16,54274.44,2529.2,554.0,542.0,6118.71,118,109,9,5,1,27
2025-05-01,May 2025,2025,-4,Meat & Seafood,Pacific,64010.76,49761.77,14248.99,67013.93,3003.0,672.0,643.0,7808.29,192,178,14,17,5,47
2025-05-01,May 2025,2025,-4,Meat & Seafood,Southeast,116506.06,91821.06,24685.0,122220.31,5714.22,1230.0,1174.0,14168.14,359,326,33,37,11,88
2025-05-01,May 2025,2025,-4,Meat & Seafood,Texas & Gulf,114269.33,90868.27,23401.06,119655.33,5386.04,1236.0,1206.0,13806.25,319,286,33,19,5,84
2025-05-01,May 2025,2025,-4,Toys & Seasonal,Mid-Atlantic,31854.42,21733.0,10121.42,33306.38,1451.95,153.0,148.0,1717.68,48,46,2,4,3,30
2025-05-01,May 2025,2025,-4,Toys & Seasonal,Midwest,41032.89,28378.63,12654.27,43071.88,2038.97,210.0,199.0,2185.13,63,55,8,8,2,45
2025-05-01,May 2025,2025,-4,Toys & Seasonal,Mountain West,22664.83,14979.31,7685.52,23706.31,1041.51,117.0,109.0,1224.46,57,54,3,6,4,33
2025-05-01,May 2025,2025,-4,Toys & Seasonal,Northeast,20022.4,13552.0,6470.39,20882.54,860.17,105.0,99.0,1027.02,38,35,3,3,1,23
2025-05-01,May 2025,2025,-4,Toys & Seasonal,Pacific,18488.9,12490.58,5998.32,19321.85,832.9,102.0,95.0,1059.42,43,41,2,4,1,23
2025-05-01,May 2025,2025,-4,Toys & Seasonal,Southeast,44835.36,31217.02,13618.33,46956.02,2120.72,238.0,221.0,2430.93,81,75,6,10,6,50
2025-05-01,May 2025,2025,-4,Toys & Seasonal,Texas & Gulf,41698.85,28547.22,13151.63,43692.83,1993.97,264.0,243.0,2356.54,87,79,8,13,4,52
2025-06-01,Jun 2025,2025,-3,Apparel,Mid-Atlantic,55042.02,31937.76,23104.26,57581.93,2540.01,273.0,267.0,3166.29,85,80,5,3,0,37
2025-06-01,Jun 2025,2025,-3,Apparel,Midwest,51722.35,30699.56,21022.78,54241.51,2519.17,256.0,254.0,2950.02,99,90,9,2,1,57
2025-06-01,Jun 2025,2025,-3,Apparel,Mountain West,29470.85,17169.09,12301.76,30823.23,1352.38,140.0,132.0,1616.59,64,59,5,6,1,35
2025-06-01,Jun 2025,2025,-3,Apparel,Northeast,36740.81,21867.72,14873.09,38397.87,1657.12,187.0,186.0,2082.89,56,51,5,1,0,23
2025-06-01,Jun 2025,2025,-3,Apparel,Pacific,42617.29,24684.04,17933.25,44633.85,2016.59,213.0,207.0,2281.28,76,70,6,4,2,39
2025-06-01,Jun 2025,2025,-3,Apparel,Southeast,121322.11,71312.98,50009.13,127045.96,5723.94,592.0,583.0,6638.38,174,157,17,5,2,82
2025-06-01,Jun 2025,2025,-3,Apparel,Texas & Gulf,92147.27,54332.35,37814.92,96137.74,3990.38,451.0,434.0,5164.06,153,140,13,12,5,71
2025-06-01,Jun 2025,2025,-3,Dairy & Frozen,Mid-Atlantic,30226.14,23909.85,6316.29,31731.08,1504.88,715.0,708.0,7688.3,180,162,18,6,3,47
2025-06-01,Jun 2025,2025,-3,Dairy & Frozen,Midwest,56272.47,44293.1,11979.37,58878.22,2605.8,1277.0,1265.0,13889.9,339,321,18,7,2,78
2025-06-01,Jun 2025,2025,-3,Dairy & Frozen,Mountain West,23888.68,18826.16,5062.53,25033.31,1144.69,550.0,541.0,6188.85,184,166,18,6,1,51
2025-06-01,Jun 2025,2025,-3,Dairy & Frozen,Northeast,21368.09,16955.32,4412.76,22374.79,1006.66,497.0,478.0,5127.4,127,113,14,7,1,29
2025-06-01,Jun 2025,2025,-3,Dairy & Frozen,Pacific,43926.04,34166.6,9759.44,46059.64,2133.47,962.0,959.0,10590.73,268,251,17,2,1,52
2025-06-01,Jun 2025,2025,-3,Dairy & Frozen,Southeast,69268.26,54650.56,14617.71,72505.35,3237.08,1617.0,1598.0,17787.03,445,408,37,14,3,96
2025-06-01,Jun 2025,2025,-3,Dairy & Frozen,Texas & Gulf,64858.95,51237.27,13621.68,67872.99,3014.02,1534.0,1521.0,16061.13,418,393,25,13,6,91
2025-06-01,Jun 2025,2025,-3,Electronics,Mid-Atlantic,83933.13,72471.08,11462.05,87923.12,3989.96,94.0,91.0,902.52,37,31,6,3,1,25
2025-06-01,Jun 2025,2025,-3,Electronics,Midwest,230928.06,200106.14,30821.92,241721.03,10792.96,241.0,226.0,2467.29,79,74,5,9,2,51
2025-06-01,Jun 2025,2025,-3,Electronics,Mountain West,69885.39,58577.93,11307.47,73549.24,3663.84,78.0,74.0,728.22,36,33,3,2,2,25
2025-06-01,Jun 2025,2025,-3,Electronics,Northeast,50639.18,44398.73,6240.45,52844.38,2205.17,55.0,50.0,477.99,24,21,3,4,3,17
2025-06-01,Jun 2025,2025,-3,Electronics,Pacific,85581.08,74482.14,11098.94,89702.95,4121.86,93.0,93.0,947.04,30,29,1,0,0,22
2025-06-01,Jun 2025,2025,-3,Electronics,Southeast,348767.56,299724.36,49043.2,364218.84,15451.22,353.0,340.0,3708.3,121,110,11,10,6,64
2025-06-01,Jun 2025,2025,-3,Electronics,Texas & Gulf,253251.93,218954.8,34297.12,266716.99,13465.08,263.0,240.0,2727.16,78,65,13,11,3,52
2025-06-01,Jun 2025,2025,-3,Fresh & Produce,Mid-Atlantic,32198.91,23886.9,8312.01,33813.13,1614.21,1155.0,1082.0,11210.07,259,237,22,36,18,46
2025-06-01,Jun 2025,2025,-3,Fresh & Produce,Midwest,42928.39,31260.61,11667.78,44905.49,1977.28,1491.0,1398.0,14832.05,408,373,35,47,18,82
2025-06-01,Jun 2025,2025,-3,Fresh & Produce,Mountain West,21451.93,15594.03,5857.9,22483.46,1031.53,770.0,726.0,7545.48,262,246,16,34,23,51
2025-06-01,Jun 2025,2025,-3,Fresh & Produce,Northeast,20237.78,15061.16,5176.61,21180.66,942.95,716.0,665.0,7085.31,193,181,12,29,13,32
2025-06-01,Jun 2025,2025,-3,Fresh & Produce,Pacific,31076.09,22299.74,8776.35,32603.58,1527.54,1080.0,1000.0,10166.13,314,297,17,37,15,53
2025-06-01,Jun 2025,2025,-3,Fresh & Produce,Southeast,68686.29,50619.13,18067.16,71968.79,3282.5,2387.0,2269.0,24037.61,591,539,52,64,28,101
2025-06-01,Jun 2025,2025,-3,Fresh & Produce,Texas & Gulf,66066.19,47798.02,18268.16,69054.98,2988.76,2389.0,2268.0,22631.17,580,550,30,64,20,93
2025-06-01,Jun 2025,2025,-3,Grocery,Mid-Atlantic,79512.37,63526.92,15985.46,83229.72,3717.48,1673.0,1661.0,19015.38,465,427,38,10,8,49
2025-06-01,Jun 2025,2025,-3,Grocery,Midwest,105334.45,84662.18,20672.27,110147.22,4812.79,2360.0,2344.0,25967.27,768,718,50,13,2,89
2025-06-01,Jun 2025,2025,-3,Grocery,Mountain West,58021.45,46200.02,11821.43,60775.73,2754.17,1257.0,1244.0,13816.17,465,422,43,10,6,54
2025-06-01,Jun 2025,2025,-3,Grocery,Northeast,46483.41,37426.53,9056.89,48756.25,2272.73,1014.0,1007.0,11394.23,325,295,30,7,4,32
2025-06-01,Jun 2025,2025,-3,Grocery,Pacific,79290.88,62751.62,16539.26,83122.04,3831.24,1731.0,1718.0,18982.02,528,488,40,10,3,55
2025-06-01,Jun 2025,2025,-3,Grocery,Southeast,165463.75,134171.12,31292.64,173424.94,7961.26,3584.0,3557.0,40046.83,1049,959,90,22,8,102
2025-06-01,Jun 2025,2025,-3,Grocery,Texas & Gulf,162449.05,130396.85,32052.2,170496.09,8047.25,3471.0,3454.0,39971.47,944,876,68,12,3,95
2025-06-01,Jun 2025,2025,-3,Health & Wellness,Mid-Atlantic,50244.85,35030.06,15214.79,52430.84,2186.02,441.0,435.0,4305.27,136,120,16,5,2,43
2025-06-01,Jun 2025,2025,-3,Health & Wellness,Midwest,94640.22,66802.62,27837.59,99201.58,4561.33,719.0,713.0,7812.71,244,228,16,5,0,83
2025-06-01,Jun 2025,2025,-3,Health & Wellness,Mountain West,47613.74,33728.76,13884.98,49811.15,2197.48,371.0,365.0,3933.04,152,144,8,4,2,49
2025-06-01,Jun 2025,2025,-3,Health & Wellness,Northeast,35256.29,25445.28,9811.01,36809.14,1552.79,312.0,306.0,3149.82,105,97,8,5,2,31
2025-06-01,Jun 2025,2025,-3,Health & Wellness,Pacific,64809.76,45585.91,19223.84,67739.68,2929.98,517.0,516.0,5408.76,183,168,15,1,0,51
2025-06-01,Jun 2025,2025,-3,Health & Wellness,Southeast,139785.04,99795.43,39989.61,146762.96,6977.9,1133.0,1126.0,11779.72,348,322,26,6,1,96
2025-06-01,Jun 2025,2025,-3,Health & Wellness,Texas & Gulf,135094.36,94941.87,40152.49,141224.03,6129.78,1030.0,1020.0,10913.41,312,288,24,7,1,85
2025-06-01,Jun 2025,2025,-3,Home & Kitchen,Mid-Atlantic,58805.02,37176.52,21628.51,61814.22,3009.24,250.0,247.0,2354.67,69,64,5,2,1,31
2025-06-01,Jun 2025,2025,-3,Home & Kitchen,Midwest,98850.7,64037.37,34813.33,103044.61,4193.83,361.0,354.0,3974.9,115,102,13,4,0,63
2025-06-01,Jun 2025,2025,-3,Home & Kitchen,Mountain West,58527.45,37407.83,21119.62,61229.05,2701.61,216.0,210.0,2327.62,73,66,7,5,0,38
2025-06-01,Jun 2025,2025,-3,Home & Kitchen,Northeast,55783.3,35736.82,20046.48,58739.38,2956.07,201.0,195.0,2241.41,53,48,5,3,1,27
2025-06-01,Jun 2025,2025,-3,Home & Kitchen,Pacific,100210.92,63183.19,37027.73,104798.69,4587.73,371.0,366.0,4026.48,107,99,8,5,2,43
2025-06-01,Jun 2025,2025,-3,Home & Kitchen,Southeast,213571.33,138226.82,75344.5,223683.72,10112.32,750.0,744.0,8839.2,188,165,23,4,1,82
2025-06-01,Jun 2025,2025,-3,Home & Kitchen,Texas & Gulf,144349.85,91791.77,52558.08,151175.24,6825.34,578.0,571.0,6073.01,159,147,12,4,1,75
2025-06-01,Jun 2025,2025,-3,Household Essentials,Mid-Atlantic,28600.18,21307.61,7292.57,29826.7,1226.48,399.0,395.0,4240.98,119,109,10,2,0,44
2025-06-01,Jun 2025,2025,-3,Household Essentials,Midwest,44486.18,33497.54,10988.64,46723.5,2237.35,615.0,610.0,6509.06,191,180,11,5,4,76
2025-06-01,Jun 2025,2025,-3,Household Essentials,Mountain West,27793.57,20759.06,7034.51,29113.85,1320.26,366.0,361.0,4062.1,133,119,14,5,4,50
2025-06-01,Jun 2025,2025,-3,Household Essentials,Northeast,25948.9,20183.18,5765.72,27097.34,1148.45,378.0,375.0,3873.04,103,97,6,2,0,29
2025-06-01,Jun 2025,2025,-3,Household Essentials,Pacific,35798.52,26827.95,8970.57,37500.66,1702.13,473.0,469.0,5161.43,144,127,17,3,1,49
2025-06-01,Jun 2025,2025,-3,Household Essentials,Southeast,73350.66,55286.05,18064.61,76895.75,3545.09,1006.0,997.0,11103.17,319,291,28,8,3,98
2025-06-01,Jun 2025,2025,-3,Household Essentials,Texas & Gulf,59882.67,44827.72,15054.95,62836.72,2954.11,856.0,848.0,8767.92,268,247,21,6,1,83
2025-06-01,Jun 2025,2025,-3,Meat & Seafood,Mid-Atlantic,61054.24,48310.04,12744.19,63978.71,2924.45,666.0,636.0,7214.84,161,147,14,14,3,44
2025-06-01,Jun 2025,2025,-3,Meat & Seafood,Midwest,90529.86,70973.75,19556.11,95136.4,4606.56,908.0,861.0,11064.63,247,232,15,21,5,71
2025-06-01,Jun 2025,2025,-3,Meat & Seafood,Mountain West,58540.07,46674.73,11865.34,61419.71,2879.52,562.0,546.0,6795.42,147,138,9,7,2,49
2025-06-01,Jun 2025,2025,-3,Meat & Seafood,Northeast,46874.61,37217.52,9657.09,49411.09,2536.45,504.0,487.0,5844.67,130,119,11,14,6,30
2025-06-01,Jun 2025,2025,-3,Meat & Seafood,Pacific,71247.87,55453.56,15794.3,74488.81,3241.01,729.0,703.0,8376.24,197,184,13,16,4,50
2025-06-01,Jun 2025,2025,-3,Meat & Seafood,Southeast,132171.52,104104.61,28066.91,138422.8,6251.26,1429.0,1371.0,16168.21,360,333,27,24,7,95
2025-06-01,Jun 2025,2025,-3,Meat & Seafood,Texas & Gulf,105751.24,83583.72,22167.52,110684.99,4933.73,1166.0,1121.0,13165.1,304,284,20,21,8,85
2025-06-01,Jun 2025,2025,-3,Toys & Seasonal,Mid-Atlantic,15660.83,10389.46,5271.37,16426.91,766.05,95.0,83.0,882.4,29,28,1,7,3,22
2025-06-01,Jun 2025,2025,-3,Toys & Seasonal,Midwest,34085.32,23528.38,10556.95,35770.92,1685.51,187.0,175.0,1850.68,56,53,3,6,2,38
2025-06-01,Jun 2025,2025,-3,Toys & Seasonal,Mountain West,18762.38,13276.87,5485.51,19673.21,910.85,125.0,105.0,1185.88,37,30,7,9,0,28
2025-06-01,Jun 2025,2025,-3,Toys & Seasonal,Northeast,19933.85,13676.8,6257.05,20661.69,727.86,106.0,103.0,1086.83,23,22,1,2,2,16
2025-06-01,Jun 2025,2025,-3,Toys & Seasonal,Pacific,21448.64,13843.04,7605.6,22558.63,1109.99,126.0,119.0,1139.97,43,39,4,4,1,29
2025-06-01,Jun 2025,2025,-3,Toys & Seasonal,Southeast,54104.2,36082.4,18021.8,56908.69,2804.5,303.0,276.0,2846.91,95,88,7,14,5,61
2025-06-01,Jun 2025,2025,-3,Toys & Seasonal,Texas & Gulf,52620.55,35107.37,17513.18,54975.66,2355.12,332.0,293.0,2873.16,87,81,6,19,7,50
2025-07-01,Jul 2025,2025,-2,Apparel,Mid-Atlantic,39406.96,23476.71,15930.25,41428.31,2021.39,233.0,230.0,2257.91,63,60,3,3,1,30
2025-07-01,Jul 2025,2025,-2,Apparel,Midwest,78352.0,46127.33,32224.67,82086.78,3734.85,399.0,390.0,4380.8,123,112,11,6,3,57
2025-07-01,Jul 2025,2025,-2,Apparel,Mountain West,33386.02,18948.07,14437.96,35002.6,1616.54,163.0,155.0,1794.5,79,77,2,7,6,37
2025-07-01,Jul 2025,2025,-2,Apparel,Northeast,19887.36,11789.69,8097.67,20716.98,829.62,132.0,127.0,1172.98,48,46,2,2,1,24
2025-07-01,Jul 2025,2025,-2,Apparel,Pacific,74110.48,43378.17,30732.31,77634.72,3524.17,375.0,365.0,4103.52,103,99,4,5,2,40
2025-07-01,Jul 2025,2025,-2,Apparel,Southeast,82695.12,49090.88,33604.24,86661.6,3966.46,439.0,430.0,4585.1,139,124,15,4,1,70
2025-07-01,Jul 2025,2025,-2,Apparel,Texas & Gulf,93164.82,54912.26,38252.56,97646.22,4481.42,451.0,443.0,5246.0,149,141,8,8,4,71
2025-07-01,Jul 2025,2025,-2,Dairy & Frozen,Mid-Atlantic,37259.16,29245.76,8013.4,39034.21,1775.17,824.0,806.0,9609.47,191,172,19,7,1,44
2025-07-01,Jul 2025,2025,-2,Dairy & Frozen,Midwest,49216.76,39035.36,10181.4,51566.8,2349.92,1149.0,1132.0,12437.19,311,285,26,9,2,78
2025-07-01,Jul 2025,2025,-2,Dairy & Frozen,Mountain West,29321.55,23016.34,6305.21,30753.21,1431.51,719.0,715.0,7328.47,225,211,14,4,2,52
2025-07-01,Jul 2025,2025,-2,Dairy & Frozen,Northeast,23788.3,18737.8,5050.5,24866.28,1077.87,535.0,531.0,5738.44,135,125,10,2,1,30
2025-07-01,Jul 2025,2025,-2,Dairy & Frozen,Pacific,32671.34,25469.49,7201.85,34262.25,1591.02,720.0,708.0,8329.57,217,200,17,7,3,47
2025-07-01,Jul 2025,2025,-2,Dairy & Frozen,Southeast,71116.78,56046.78,15069.99,74624.31,3507.48,1668.0,1647.0,18176.16,457,417,40,17,8,101
2025-07-01,Jul 2025,2025,-2,Dairy & Frozen,Texas & Gulf,63097.25,49072.39,14024.86,66100.53,3003.37,1534.0,1509.0,15673.07,408,377,31,17,4,91
2025-07-01,Jul 2025,2025,-2,Electronics,Mid-Atlantic,157642.55,136267.67,21374.88,164202.86,6560.32,156.0,154.0,1803.65,42,40,2,1,0,27
2025-07-01,Jul 2025,2025,-2,Electronics,Midwest,216955.78,190183.28,26772.5,227907.22,10951.46,225.0,221.0,2279.45,77,71,6,3,0,49
2025-07-01,Jul 2025,2025,-2,Electronics,Mountain West,117640.63,100513.6,17127.02,122495.38,4854.74,109.0,106.0,1246.74,43,38,5,3,2,29
2025-07-01,Jul 2025,2025,-2,Electronics,Northeast,88641.63,78200.82,10440.81,92952.15,4310.54,86.0,82.0,922.61,29,26,3,3,2,18
2025-07-01,Jul 2025,2025,-2,Electronics,Pacific,114764.75,101148.79,13615.96,120012.65,5247.85,131.0,124.0,1343.41,36,34,2,3,2,21
2025-07-01,Jul 2025,2025,-2,Electronics,Southeast,260631.4,227435.44,33195.96,273579.67,12948.26,291.0,276.0,2915.46,92,87,5,9,4,59
2025-07-01,Jul 2025,2025,-2,Electronics,Texas & Gulf,263156.27,233681.27,29475.0,275257.39,12101.16,289.0,250.0,2825.42,91,84,7,19,8,53
2025-07-01,Jul 2025,2025,-2,Fresh & Produce,Mid-Atlantic,30554.78,22108.45,8446.33,31965.11,1410.43,1079.0,1015.0,10457.17,249,237,12,27,10,47
2025-07-01,Jul 2025,2025,-2,Fresh & Produce,Midwest,40971.02,30134.04,10836.98,42927.9,1956.84,1450.0,1364.0,14029.52,390,349,41,56,21,86
2025-07-01,Jul 2025,2025,-2,Fresh & Produce,Mountain West,21148.23,15296.26,5851.97,22134.6,986.27,750.0,702.0,7211.67,238,218,20,29,14,53
2025-07-01,Jul 2025,2025,-2,Fresh & Produce,Northeast,22344.84,16549.6,5795.24,23374.54,1029.67,755.0,708.0,7847.35,181,172,9,24,8,30
2025-07-01,Jul 2025,2025,-2,Fresh & Produce,Pacific,28919.72,20804.98,8114.74,30262.14,1342.4,1019.0,974.0,10188.35,280,252,28,32,16,51
2025-07-01,Jul 2025,2025,-2,Fresh & Produce,Southeast,62324.06,45529.1,16794.96,65188.39,2864.32,2228.0,2095.0,21724.31,549,511,38,57,18,102
2025-07-01,Jul 2025,2025,-2,Fresh & Produce,Texas & Gulf,57816.89,42619.19,15197.7,60617.61,2800.83,2071.0,1985.0,20464.82,514,481,33,46,14,94
2025-07-01,Jul 2025,2025,-2,Grocery,Mid-Atlantic,75220.62,60483.88,14736.74,78995.84,3775.18,1604.0,1600.0,18109.22,493,458,35,4,1,50
2025-07-01,Jul 2025,2025,-2,Grocery,Midwest,112506.18,90908.41,21597.77,117975.81,5469.66,2413.0,2397.0,27324.52,730,665,65,16,4,87
2025-07-01,Jul 2025,2025,-2,Grocery,Mountain West,57998.46,46283.21,11715.25,60629.39,2631.07,1261.0,1251.0,14139.51,474,443,31,9,2,55
2025-07-01,Jul 2025,2025,-2,Grocery,Northeast,52054.96,41939.55,10115.41,54523.54,2468.46,1089.0,1087.0,12525.46,320,294,26,2,0,32
2025-07-01,Jul 2025,2025,-2,Grocery,Pacific,79038.66,62653.87,16384.79,82738.74,3700.07,1686.0,1675.0,18903.44,521,482,39,8,4,53
2025-07-01,Jul 2025,2025,-2,Grocery,Southeast,164551.99,131614.34,32937.64,172419.97,7868.06,3495.0,3477.0,39798.78,1011,935,76,15,3,104
2025-07-01,Jul 2025,2025,-2,Grocery,Texas & Gulf,156684.7,125507.87,31176.83,164148.42,7463.73,3337.0,3320.0,38241.92,960,886,74,16,6,96
2025-07-01,Jul 2025,2025,-2,Health & Wellness,Mid-Atlantic,54498.9,38308.24,16190.66,57300.52,2801.53,418.0,414.0,4444.56,141,127,14,4,1,43
2025-07-01,Jul 2025,2025,-2,Health & Wellness,Midwest,95653.93,68067.48,27586.45,100101.64,4447.64,718.0,708.0,7820.83,235,212,23,4,0,74
2025-07-01,Jul 2025,2025,-2,Health & Wellness,Mountain West,68947.13,49980.31,18966.82,72101.08,3153.97,518.0,516.0,5742.14,168,153,15,2,1,54
2025-07-01,Jul 2025,2025,-2,Health & Wellness,Northeast,42464.89,30204.53,12260.36,44424.65,1959.8,331.0,327.0,3760.88,111,100,11,3,1,30
2025-07-01,Jul 2025,2025,-2,Health & Wellness,Pacific,63251.13,43478.08,19773.06,66147.4,2896.32,469.0,461.0,5252.92,160,148,12,8,2,47
2025-07-01,Jul 2025,2025,-2,Health & Wellness,Southeast,124588.66,86806.73,37781.93,130376.13,5787.49,931.0,923.0,10170.41,325,301,24,7,3,92
2025-07-01,Jul 2025,2025,-2,Health & Wellness,Texas & Gulf,109946.0,77439.56,32506.44,115114.16,5168.12,849.0,842.0,9099.52,280,256,24,6,2,85
2025-07-01,Jul 2025,2025,-2,Home & Kitchen,Mid-Atlantic,75346.64,48745.95,26600.69,78663.56,3316.86,286.0,281.0,2991.16,76,68,8,3,1,37
2025-07-01,Jul 2025,2025,-2,Home & Kitchen,Midwest,99181.65,64712.59,34469.07,103860.19,4678.55,389.0,385.0,4314.53,123,111,12,4,3,60
2025-07-01,Jul 2025,2025,-2,Home & Kitchen,Mountain West,47172.58,29503.07,17669.52,49284.19,2111.58,190.0,186.0,1978.65,79,71,8,4,3,35
2025-07-01,Jul 2025,2025,-2,Home & Kitchen,Northeast,53971.46,35214.78,18756.69,56703.27,2731.79,202.0,201.0,2309.04,57,52,5,1,0,23
2025-07-01,Jul 2025,2025,-2,Home & Kitchen,Pacific,93430.96,58507.17,34923.79,97688.39,4257.31,313.0,310.0,3732.58,107,102,5,3,3,42
2025-07-01,Jul 2025,2025,-2,Home & Kitchen,Southeast,143067.1,90511.69,52555.4,149503.27,6436.19,516.0,510.0,5925.03,164,148,16,3,1,71
2025-07-01,Jul 2025,2025,-2,Home & Kitchen,Texas & Gulf,139843.49,89358.32,50485.17,146272.21,6428.74,553.0,551.0,5792.68,154,145,9,1,0,70
2025-07-01,Jul 2025,2025,-2,Household Essentials,Mid-Atlantic,37540.52,28338.2,9202.33,39226.66,1686.09,494.0,489.0,5766.07,141,135,6,4,2,44
2025-07-01,Jul 2025,2025,-2,Household Essentials,Midwest,45441.29,34937.15,10504.13,47738.2,2296.89,654.0,648.0,7036.75,204,191,13,3,0,73
2025-07-01,Jul 2025,2025,-2,Household Essentials,Mountain West,23632.69,17778.3,5854.39,24694.46,1061.76,323.0,321.0,3548.29,135,122,13,2,1,53
2025-07-01,Jul 2025,2025,-2,Household Essentials,Northeast,20440.01,15421.38,5018.63,21515.8,1075.75,300.0,298.0,3002.99,98,88,10,1,0,29
2025-07-01,Jul 2025,2025,-2,Household Essentials,Pacific,36535.04,27105.56,9429.48,38231.85,1696.84,501.0,493.0,5430.9,157,147,10,7,4,49
2025-07-01,Jul 2025,2025,-2,Household Essentials,Southeast,67930.43,51572.01,16358.43,71136.44,3206.1,920.0,903.0,9844.02,284,263,21,11,5,93
2025-07-01,Jul 2025,2025,-2,Household Essentials,Texas & Gulf,69964.25,52529.81,17434.44,73292.84,3328.6,1024.0,1018.0,10857.53,290,264,26,6,1,84
2025-07-01,Jul 2025,2025,-2,Meat & Seafood,Mid-Atlantic,66914.7,52944.82,13969.89,70512.32,3597.57,722.0,670.0,7825.15,177,161,16,23,8,45
2025-07-01,Jul 2025,2025,-2,Meat & Seafood,Midwest,97012.72,77261.42,19751.3,101459.74,4447.04,1040.0,1008.0,11433.84,265,245,20,19,7,76
2025-07-01,Jul 2025,2025,-2,Meat & Seafood,Mountain West,64652.58,51369.03,13283.55,68004.41,3351.96,655.0,638.0,7600.02,172,166,6,12,7,52
2025-07-01,Jul 2025,2025,-2,Meat & Seafood,Northeast,41099.89,33040.91,8058.98,42915.67,1815.82,464.0,453.0,5129.87,106,100,6,7,2,31
2025-07-01,Jul 2025,2025,-2,Meat & Seafood,Pacific,74394.09,57755.25,16638.84,77820.98,3426.92,754.0,736.0,8473.71,194,182,12,10,3,49
2025-07-01,Jul 2025,2025,-2,Meat & Seafood,Southeast,150654.38,118438.27,32216.11,157780.94,7126.6,1571.0,1544.0,18086.35,374,348,26,17,6,98
2025-07-01,Jul 2025,2025,-2,Meat & Seafood,Texas & Gulf,144457.37,112142.76,32314.61,151333.5,6876.17,1420.0,1366.0,16884.28,333,313,20,24,6,88
2025-07-01,Jul 2025,2025,-2,Toys & Seasonal,Mid-Atlantic,27561.89,18716.83,8845.06,28943.41,1381.52,165.0,162.0,1494.04,48,45,3,3,2,29
2025-07-01,Jul 2025,2025,-2,Toys & Seasonal,Midwest,31510.86,21418.49,10092.37,33155.83,1644.99,206.0,186.0,1746.66,68,61,7,11,4,40
2025-07-01,Jul 2025,2025,-2,Toys & Seasonal,Mountain West,17859.8,12422.21,5437.59,18701.0,841.24,109.0,104.0,985.12,43,40,3,5,4,29
2025-07-01,Jul 2025,2025,-2,Toys & Seasonal,Northeast,14822.07,10137.2,4684.87,15470.11,648.04,94.0,89.0,804.27,30,29,1,2,1,19
2025-07-01,Jul 2025,2025,-2,Toys & Seasonal,Pacific,32491.42,21611.24,10880.18,34199.98,1708.57,192.0,181.0,1767.1,59,55,4,6,2,33
2025-07-01,Jul 2025,2025,-2,Toys & Seasonal,Southeast,53711.8,38589.42,15122.38,56448.75,2736.93,340.0,302.0,3260.28,87,80,7,14,2,58
2025-07-01,Jul 2025,2025,-2,Toys & Seasonal,Texas & Gulf,44398.77,30451.33,13947.44,46725.13,2326.37,248.0,235.0,2467.72,88,81,7,11,6,55
2025-08-01,Aug 2025,2025,-1,Apparel,Mid-Atlantic,62155.05,36215.2,25939.85,65039.24,2884.2,295.0,287.0,3326.86,84,79,5,6,2,37
2025-08-01,Aug 2025,2025,-1,Apparel,Midwest,88773.75,51590.12,37183.64,93272.22,4498.5,454.0,448.0,4933.26,121,117,4,3,0,54
2025-08-01,Aug 2025,2025,-1,Apparel,Mountain West,49962.73,29725.95,20236.78,52508.22,2545.57,275.0,270.0,3055.01,67,60,7,4,2,36
2025-08-01,Aug 2025,2025,-1,Apparel,Northeast,23310.4,13414.92,9895.49,24409.09,1098.74,119.0,113.0,1283.23,39,36,3,2,0,19
2025-08-01,Aug 2025,2025,-1,Apparel,Pacific,65431.47,37494.59,27936.87,68254.55,2823.15,305.0,302.0,3687.18,74,68,6,3,3,32
2025-08-01,Aug 2025,2025,-1,Apparel,Southeast,125728.04,72255.47,53472.57,132182.79,6454.69,660.0,644.0,6977.07,164,149,15,7,2,78
2025-08-01,Aug 2025,2025,-1,Apparel,Texas & Gulf,125601.65,73405.86,52195.8,131587.22,5985.57,643.0,634.0,7046.65,164,152,12,6,4,70
2025-08-01,Aug 2025,2025,-1,Dairy & Frozen,Mid-Atlantic,32829.82,25599.5,7230.32,34435.44,1605.71,729.0,722.0,7927.09,216,196,20,4,1,47
2025-08-01,Aug 2025,2025,-1,Dairy & Frozen,Midwest,47012.84,37044.22,9968.62,49197.06,2184.31,1095.0,1075.0,11758.92,308,281,27,16,5,75
2025-08-01,Aug 2025,2025,-1,Dairy & Frozen,Mountain West,23085.48,18284.48,4801.0,24252.29,1166.85,555.0,542.0,5676.34,181,168,13,6,2,48
2025-08-01,Aug 2025,2025,-1,Dairy & Frozen,Northeast,25758.59,20604.12,5154.47,26916.15,1157.5,565.0,563.0,6262.28,157,143,14,2,0,32
2025-08-01,Aug 2025,2025,-1,Dairy & Frozen,Pacific,34022.94,26587.65,7435.29,35578.14,1555.21,810.0,797.0,8692.66,232,210,22,8,1,48
2025-08-01,Aug 2025,2025,-1,Dairy & Frozen,Southeast,62153.61,48141.05,14012.56,65099.43,2945.88,1490.0,1469.0,15289.63,416,388,28,14,5,97
2025-08-01,Aug 2025,2025,-1,Dairy & Frozen,Texas & Gulf,67643.67,52747.6,14896.06,70857.85,3214.17,1532.0,1517.0,16670.81,412,382,30,9,3,89
2025-08-01,Aug 2025,2025,-1,Electronics,Mid-Atlantic,203418.32,174329.48,29088.83,213238.96,9820.64,192.0,182.0,2138.49,57,56,1,6,3,34
2025-08-01,Aug 2025,2025,-1,Electronics,Midwest,167955.6,145706.97,22248.63,176247.51,8291.88,176.0,165.0,1706.34,55,52,3,8,5,37
2025-08-01,Aug 2025,2025,-1,Electronics,Mountain West,120534.54,102278.66,18255.88,126654.6,6120.11,116.0,114.0,1236.57,46,40,6,1,1,29
2025-08-01,Aug 2025,2025,-1,Electronics,Northeast,75392.55,65360.78,10031.78,79438.26,4045.73,69.0,68.0,763.55,31,25,6,1,1,20
2025-08-01,Aug 2025,2025,-1,Electronics,Pacific,117925.75,101188.59,16737.16,124059.95,6134.21,118.0,109.0,1160.56,42,37,5,4,0,22
2025-08-01,Aug 2025,2025,-1,Electronics,Southeast,244961.46,212619.38,32342.07,256810.33,11848.87,260.0,241.0,2673.87,80,73,7,9,3,55
2025-08-01,Aug 2025,2025,-1,Electronics,Texas & Gulf,195707.42,167095.63,28611.79,204284.64,8577.23,207.0,196.0,2045.89,71,65,6,9,6,48
2025-08-01,Aug 2025,2025,-1,Fresh & Produce,Mid-Atlantic,27101.79,19682.92,7418.87,28440.3,1338.4,990.0,929.0,9268.42,281,255,26,33,10,46
2025-08-01,Aug 2025,2025,-1,Fresh & Produce,Midwest,39612.78,28943.72,10669.06,41516.16,1903.22,1394.0,1298.0,13216.12,395,359,36,54,18,77
2025-08-01,Aug 2025,2025,-1,Fresh & Produce,Mountain West,27735.68,20898.55,6837.13,29114.84,1379.12,985.0,935.0,9745.13,277,255,22,31,15,57
2025-08-01,Aug 2025,2025,-1,Fresh & Produce,Northeast,20627.59,15259.3,5368.29,21566.91,939.23,724.0,682.0,7237.59,215,200,15,23,8,31
2025-08-01,Aug 2025,2025,-1,Fresh & Produce,Pacific,30965.32,22146.37,8818.96,32391.59,1426.28,1082.0,1042.0,10537.95,302,273,29,26,12,53
2025-08-01,Aug 2025,2025,-1,Fresh & Produce,Southeast,59767.74,43411.2,16356.54,62424.44,2656.77,2150.0,1961.0,20277.29,534,487,47,83,22,99
2025-08-01,Aug 2025,2025,-1,Fresh & Produce,Texas & Gulf,59813.04,43617.68,16195.36,62739.07,2926.08,2015.0,1949.0,20630.27,505,468,37,37,13,92
2025-08-01,Aug 2025,2025,-1,Grocery,Mid-Atlantic,76135.46,60929.48,15205.98,79825.63,3690.32,1671.0,1658.0,18488.61,469,436,33,10,3,48
2025-08-01,Aug 2025,2025,-1,Grocery,Midwest,104788.89,84288.57,20500.32,109749.26,4960.36,2219.0,2197.0,25314.27,691,637,54,16,4,78
2025-08-01,Aug 2025,2025,-1,Grocery,Mountain West,75451.67,60203.89,15247.78,79059.64,3608.02,1558.0,1545.0,17766.08,505,461,44,11,4,57
2025-08-01,Aug 2025,2025,-1,Grocery,Northeast,54601.82,44100.17,10501.65,57169.85,2567.92,1178.0,1168.0,13326.18,348,320,28,8,3,32
2025-08-01,Aug 2025,2025,-1,Grocery,Pacific,72674.3,56849.19,15825.11,76239.1,3564.78,1474.0,1469.0,17011.36,485,444,41,4,1,54
2025-08-01,Aug 2025,2025,-1,Grocery,Southeast,146418.47,116011.17,30407.31,153155.84,6737.27,3126.0,3110.0,34951.49,1001,913,88,15,8,103
2025-08-01,Aug 2025,2025,-1,Grocery,Texas & Gulf,143711.89,114209.08,29502.81,150504.3,6792.51,3098.0,3082.0,34899.65,903,841,62,14,5,95
2025-08-01,Aug 2025,2025,-1,Health & Wellness,Mid-Atlantic,64157.89,44553.21,19604.68,67484.08,3326.26,481.0,476.0,5231.11,153,142,11,4,1,46
2025-08-01,Aug 2025,2025,-1,Health & Wellness,Midwest,80742.63,56645.67,24096.96,84667.95,3925.18,624.0,615.0,6792.18,217,203,14,9,5,69
2025-08-01,Aug 2025,2025,-1,Health & Wellness,Mountain West,42097.47,29762.91,12334.56,44129.41,2031.89,326.0,321.0,3540.03,135,125,10,4,1,49
2025-08-01,Aug 2025,2025,-1,Health & Wellness,Northeast,38315.99,26698.29,11617.7,39984.76,1668.76,284.0,281.0,3053.23,100,91,9,2,1,28
2025-08-01,Aug 2025,2025,-1,Health & Wellness,Pacific,49118.18,34246.76,14871.42,51337.28,2219.05,398.0,393.0,4096.13,152,139,13,3,2,49
2025-08-01,Aug 2025,2025,-1,Health & Wellness,Southeast,108919.66,76719.2,32200.46,113910.44,4990.81,851.0,836.0,9154.37,288,262,26,10,3,89
2025-08-01,Aug 2025,2025,-1,Health & Wellness,Texas & Gulf,132209.37,92790.29,39419.08,138233.19,6023.8,1046.0,1033.0,10993.28,329,311,18,11,4,88
2025-08-01,Aug 2025,2025,-1,Home & Kitchen,Mid-Atlantic,86143.63,55066.98,31076.64,90234.22,4090.57,289.0,285.0,3601.91,82,75,7,3,2,36
2025-08-01,Aug 2025,2025,-1,Home & Kitchen,Midwest,98671.23,63001.74,35669.49,103163.64,4492.41,363.0,354.0,4079.66,117,107,10,6,1,54
2025-08-01,Aug 2025,2025,-1,Home & Kitchen,Mountain West,69220.65,44497.38,24723.27,72517.18,3296.57,248.0,240.0,2829.12,84,78,6,6,4,43
2025-08-01,Aug 2025,2025,-1,Home & Kitchen,Northeast,45920.2,29198.33,16721.87,47981.95,2061.73,180.0,175.0,1846.66,59,49,10,4,2,26
2025-08-01,Aug 2025,2025,-1,Home & Kitchen,Pacific,56085.62,35434.17,20651.45,58719.5,2633.9,223.0,218.0,2391.93,94,84,10,2,0,44
2025-08-01,Aug 2025,2025,-1,Home & Kitchen,Southeast,161284.82,103388.78,57896.05,169143.37,7858.5,581.0,577.0,6585.98,177,161,16,4,1,71
2025-08-01,Aug 2025,2025,-1,Home & Kitchen,Texas & Gulf,135395.51,85745.84,49649.67,141808.78,6413.31,503.0,492.0,5643.03,161,149,12,8,3,72
2025-08-01,Aug 2025,2025,-1,Household Essentials,Mid-Atlantic,36872.11,27956.2,8915.91,38512.73,1640.59,489.0,481.0,5456.49,145,130,15,8,4,46
2025-08-01,Aug 2025,2025,-1,Household Essentials,Midwest,42766.87,32298.04,10468.83,44827.94,2061.1,609.0,606.0,6396.04,213,188,25,3,1,69
2025-08-01,Aug 2025,2025,-1,Household Essentials,Mountain West,33881.17,26325.69,7555.48,35523.11,1641.95,481.0,479.0,5181.67,136,127,9,2,1,48
2025-08-01,Aug 2025,2025,-1,Household Essentials,Northeast,26003.03,19727.71,6275.32,27293.17,1290.15,371.0,367.0,3980.33,110,100,10,4,3,29
2025-08-01,Aug 2025,2025,-1,Household Essentials,Pacific,23390.76,17438.59,5952.17,24488.66,1097.87,297.0,295.0,3270.2,112,104,8,2,0,41
2025-08-01,Aug 2025,2025,-1,Household Essentials,Southeast,55892.67,41766.34,14126.33,58497.0,2604.27,779.0,771.0,8224.46,261,244,17,5,0,85
2025-08-01,Aug 2025,2025,-1,Household Essentials,Texas & Gulf,59061.71,44253.27,14808.43,61770.68,2708.99,776.0,766.0,8554.76,242,225,17,8,4,85
2025-08-01,Aug 2025,2025,-1,Meat & Seafood,Mid-Atlantic,69614.32,54734.99,14879.33,72941.06,3326.78,722.0,703.0,8192.05,196,177,19,13,5,44
2025-08-01,Aug 2025,2025,-1,Meat & Seafood,Midwest,77204.81,61123.32,16081.49,80854.8,3649.95,850.0,830.0,9336.28,230,214,16,15,6,71
2025-08-01,Aug 2025,2025,-1,Meat & Seafood,Mountain West,51032.23,40795.19,10237.05,53233.84,2201.57,561.0,534.0,6285.01,172,163,9,16,7,53
2025-08-01,Aug 2025,2025,-1,Meat & Seafood,Northeast,47108.27,37146.29,9961.98,49523.52,2415.3,538.0,518.0,5790.44,142,132,10,9,2,31
2025-08-01,Aug 2025,2025,-1,Meat & Seafood,Pacific,56133.66,43798.37,12335.29,58711.83,2578.16,528.0,505.0,6126.35,150,139,11,11,2,47
2025-08-01,Aug 2025,2025,-1,Meat & Seafood,Southeast,108394.78,84218.18,24176.6,113605.64,5210.75,1189.0,1141.0,12921.36,332,313,19,33,13,90
2025-08-01,Aug 2025,2025,-1,Meat & Seafood,Texas & Gulf,121964.97,94775.32,27189.66,127909.58,5944.47,1253.0,1223.0,14026.97,312,292,20,16,3,82
2025-08-01,Aug 2025,2025,-1,Toys & Seasonal,Mid-Atlantic,22439.62,14532.25,7907.37,23418.69,979.05,137.0,127.0,1136.13,38,34,4,7,2,21
2025-08-01,Aug 2025,2025,-1,Toys & Seasonal,Midwest,34015.7,23553.09,10462.61,35619.08,1603.4,224.0,197.0,1935.6,70,63,7,12,2,42
2025-08-01,Aug 2025,2025,-1,Toys & Seasonal,Mountain West,16006.93,10510.95,5495.98,16867.28,860.36,89.0,85.0,834.76,37,33,4,4,3,23
2025-08-01,Aug 2025,2025,-1,Toys & Seasonal,Northeast,10289.99,6768.99,3521.01,10736.56,446.55,65.0,57.0,595.59,20,17,3,4,1,12
2025-08-01,Aug 2025,2025,-1,Toys & Seasonal,Pacific,29678.46,20162.33,9516.13,31309.81,1631.32,166.0,152.0,1668.57,41,40,1,5,3,27
2025-08-01,Aug 2025,2025,-1,Toys & Seasonal,Southeast,49329.93,33288.18,16041.75,51828.92,2499.01,281.0,259.0,2652.68,88,76,12,13,8,57
2025-08-01,Aug 2025,2025,-1,Toys & Seasonal,Texas & Gulf,44495.57,30061.98,14433.6,46616.73,2121.21,265.0,248.0,2450.11,84,77,7,8,3,56
2025-09-01,Sep 2025,2025,0,Apparel,Mid-Atlantic,70675.47,41632.47,29043.01,73802.37,3126.84,362.0,352.0,3928.35,100,95,5,4,0,37
2025-09-01,Sep 2025,2025,0,Apparel,Midwest,75200.84,44437.7,30763.14,78563.78,3362.94,387.0,373.0,4308.37,107,98,9,9,3,63
2025-09-01,Sep 2025,2025,0,Apparel,Mountain West,63324.07,36737.73,26586.34,66112.19,2788.11,318.0,310.0,3405.54,85,79,6,6,3,40
2025-09-01,Sep 2025,2025,0,Apparel,Northeast,32756.92,19226.12,13530.8,34397.79,1640.85,184.0,171.0,1896.33,44,41,3,6,1,22
2025-09-01,Sep 2025,2025,0,Apparel,Pacific,62085.18,35944.73,26140.45,65232.79,3147.61,314.0,307.0,3285.24,91,86,5,5,2,39
2025-09-01,Sep 2025,2025,0,Apparel,Southeast,156326.34,92360.81,63965.54,163900.63,7574.25,768.0,752.0,8560.22,187,165,22,8,1,77
2025-09-01,Sep 2025,2025,0,Apparel,Texas & Gulf,109680.52,62671.98,47008.54,114994.97,5314.45,575.0,555.0,6016.7,159,143,16,11,2,72
2025-09-01,Sep 2025,2025,0,Dairy & Frozen,Mid-Atlantic,36063.77,28027.08,8036.69,37683.11,1619.3,846.0,827.0,8996.2,258,237,21,13,1,49
2025-09-01,Sep 2025,2025,0,Dairy & Frozen,Midwest,35860.18,28629.44,7230.73,37621.15,1760.89,825.0,813.0,9218.88,255,228,27,11,4,76
2025-09-01,Sep 2025,2025,0,Dairy & Frozen,Mountain West,23730.56,18556.09,5174.47,24848.85,1118.27,558.0,551.0,5971.78,213,199,14,5,3,57
2025-09-01,Sep 2025,2025,0,Dairy & Frozen,Northeast,20295.53,15962.95,4332.58,21244.76,949.2,477.0,473.0,5215.38,130,122,8,4,1,30
2025-09-01,Sep 2025,2025,0,Dairy & Frozen,Pacific,36004.75,27827.6,8177.15,37751.23,1746.37,810.0,805.0,8746.73,240,219,21,4,1,53
2025-09-01,Sep 2025,2025,0,Dairy & Frozen,Southeast,63025.18,48900.21,14124.97,65986.4,2961.19,1484.0,1455.0,15518.24,457,421,36,19,7,93
2025-09-01,Sep 2025,2025,0,Dairy & Frozen,Texas & Gulf,68956.87,53240.57,15716.31,72278.91,3322.07,1531.0,1519.0,17167.59,456,429,27,11,1,85
2025-09-01,Sep 2025,2025,0,Electronics,Mid-Atlantic,181763.05,160041.43,21721.62,190230.7,8467.63,181.0,173.0,1972.86,47,43,4,3,2,23
2025-09-01,Sep 2025,2025,0,Electronics,Midwest,157876.21,139751.19,18125.03,165717.72,7841.54,163.0,156.0,1721.6,47,42,5,3,0,34
2025-09-01,Sep 2025,2025,0,Electronics,Mountain West,206315.06,182495.23,23819.84,215366.83,9051.72,198.0,189.0,2285.56,54,53,1,6,3,36
2025-09-01,Sep 2025,2025,0,Electronics,Northeast,49582.46,43823.74,5758.72,51731.47,2148.99,52.0,48.0,543.29,19,18,1,2,1,15
2025-09-01,Sep 2025,2025,0,Electronics,Pacific,128844.21,110199.96,18644.25,134859.6,6015.37,134.0,117.0,1319.77,47,40,7,8,4,30
2025-09-01,Sep 2025,2025,0,Electronics,Southeast,317155.61,274358.92,42796.7,332068.51,14912.87,319.0,303.0,3309.54,101,98,3,10,5,62
2025-09-01,Sep 2025,2025,0,Electronics,Texas & Gulf,279798.91,240294.2,39504.71,293488.88,13689.96,285.0,264.0,2887.93,88,79,9,15,7,56
2025-09-01,Sep 2025,2025,0,Fresh & Produce,Mid-Atlantic,31602.73,23172.76,8429.97,33209.41,1606.71,1093.0,1034.0,10565.66,313,288,25,27,10,48
2025-09-01,Sep 2025,2025,0,Fresh & Produce,Midwest,37525.77,27866.23,9659.55,39334.81,1809.16,1328.0,1275.0,13317.72,369,340,29,32,10,77
2025-09-01,Sep 2025,2025,0,Fresh & Produce,Mountain West,26701.24,19344.1,7357.14,28014.39,1313.15,869.0,816.0,8767.28,294,268,26,28,11,57
2025-09-01,Sep 2025,2025,0,Fresh & Produce,Northeast,17190.07,12666.27,4523.8,17995.97,806.0,569.0,552.0,5933.85,165,156,9,11,5,32
2025-09-01,Sep 2025,2025,0,Fresh & Produce,Pacific,25932.48,18557.44,7375.04,27153.39,1220.91,892.0,814.0,8596.07,292,269,23,41,15,50
2025-09-01,Sep 2025,2025,0,Fresh & Produce,Southeast,53626.24,38778.6,14847.63,56238.61,2612.26,2000.0,1856.0,18711.17,574,534,40,72,22,98
2025-09-01,Sep 2025,2025,0,Fresh & Produce,Texas & Gulf,60166.74,43484.63,16682.11,62978.32,2811.46,2027.0,1917.0,20609.02,573,523,50,66,28,93
2025-09-01,Sep 2025,2025,0,Grocery,Mid-Atlantic,93403.78,74852.02,18551.75,97998.52,4594.72,2067.0,2054.0,22843.92,582,537,45,8,3,50
2025-09-01,Sep 2025,2025,0,Grocery,Midwest,88985.43,72254.13,16731.31,93195.28,4209.99,2036.0,2022.0,22292.41,621,575,46,11,3,81
2025-09-01,Sep 2025,2025,0,Grocery,Mountain West,63384.89,50522.09,12862.8,66406.86,3022.04,1379.0,1375.0,15253.73,483,443,40,3,0,60
2025-09-01,Sep 2025,2025,0,Grocery,Northeast,47469.46,38259.84,9209.61,49744.24,2274.89,1022.0,1019.0,11590.07,311,276,35,2,1,34
2025-09-01,Sep 2025,2025,0,Grocery,Pacific,80310.7,62779.23,17531.47,83937.28,3626.57,1755.0,1737.0,19018.3,548,510,38,11,2,54
2025-09-01,Sep 2025,2025,0,Grocery,Southeast,175881.51,140566.81,35314.7,184170.97,8289.53,3698.0,3671.0,41861.22,1093,994,99,22,10,104
2025-09-01,Sep 2025,2025,0,Grocery,Texas & Gulf,154211.61,122048.09,32163.52,161528.13,7316.72,3292.0,3263.0,36959.18,981,901,80,22,8,94
2025-09-01,Sep 2025,2025,0,Health & Wellness,Mid-Atlantic,79174.93,56806.77,22368.16,83231.58,4056.66,589.0,583.0,6608.48,179,166,13,5,1,44
2025-09-01,Sep 2025,2025,0,Health & Wellness,Midwest,103979.43,75057.64,28921.79,109029.76,5050.36,786.0,779.0,8816.17,217,201,16,4,1,68
2025-09-01,Sep 2025,2025,0,Health & Wellness,Mountain West,48914.74,34243.97,14670.77,51022.23,2107.55,384.0,382.0,3982.25,141,126,15,1,0,53
2025-09-01,Sep 2025,2025,0,Health & Wellness,Northeast,39214.77,27767.08,11447.69,41021.5,1806.67,290.0,284.0,3284.27,114,107,7,5,2,30
2025-09-01,Sep 2025,2025,0,Health & Wellness,Pacific,75131.63,52002.84,23128.78,78880.0,3748.32,578.0,577.0,6019.58,171,162,9,1,0,51
2025-09-01,Sep 2025,2025,0,Health & Wellness,Southeast,144225.79,102232.6,41993.19,150989.72,6763.97,1091.0,1081.0,12216.28,336,312,24,9,4,89
2025-09-01,Sep 2025,2025,0,Health & Wellness,Texas & Gulf,123553.04,86716.11,36836.93,129259.92,5706.83,926.0,914.0,10143.15,318,297,21,11,2,85
2025-09-01,Sep 2025,2025,0,Home & Kitchen,Mid-Atlantic,50349.42,32842.67,17506.75,52809.38,2459.97,227.0,215.0,2221.61,84,80,4,7,6,38
2025-09-01,Sep 2025,2025,0,Home & Kitchen,Midwest,74591.87,48149.74,26442.13,78170.01,3578.11,278.0,276.0,3185.05,96,88,8,1,0,46
2025-09-01,Sep 2025,2025,0,Home & Kitchen,Mountain West,74931.02,47143.66,27787.36,78665.9,3734.88,280.0,274.0,3142.45,91,83,8,5,3,47
2025-09-01,Sep 2025,2025,0,Home & Kitchen,Northeast,55543.96,35255.61,20288.35,58216.86,2672.94,190.0,182.0,2081.64,60,56,4,2,0,28
2025-09-01,Sep 2025,2025,0,Home & Kitchen,Pacific,64940.67,41200.76,23739.92,67795.75,2855.11,249.0,243.0,2580.23,84,80,4,4,0,41
2025-09-01,Sep 2025,2025,0,Home & Kitchen,Southeast,183345.05,117705.69,65639.37,192047.69,8702.63,671.0,656.0,7755.74,188,172,16,9,2,76
2025-09-01,Sep 2025,2025,0,Home & Kitchen,Texas & Gulf,149413.76,93793.52,55620.23,156564.68,7150.94,536.0,531.0,6024.99,173,162,11,5,4,70
2025-09-01,Sep 2025,2025,0,Household Essentials,Mid-Atlantic,46430.34,34927.72,11502.61,48595.91,2165.6,547.0,542.0,6534.5,164,149,15,4,3,43
2025-09-01,Sep 2025,2025,0,Household Essentials,Midwest,43571.79,33203.79,10368.0,45611.6,2039.83,644.0,641.0,6746.58,195,181,14,2,0,67
2025-09-01,Sep 2025,2025,0,Household Essentials,Mountain West,25841.4,19920.35,5921.05,27084.23,1242.88,391.0,387.0,4019.78,126,108,18,4,1,46
2025-09-01,Sep 2025,2025,0,Household Essentials,Northeast,21376.57,16553.71,4822.86,22259.55,882.96,284.0,279.0,3331.84,77,70,7,4,1,26
2025-09-01,Sep 2025,2025,0,Household Essentials,Pacific,33180.75,24637.83,8542.92,34665.1,1484.36,461.0,457.0,4846.13,161,147,14,3,0,48
2025-09-01,Sep 2025,2025,0,Household Essentials,Southeast,76706.58,57421.9,19284.68,80340.37,3633.69,975.0,963.0,10960.9,287,266,21,8,3,90
2025-09-01,Sep 2025,2025,0,Household Essentials,Texas & Gulf,74797.96,56221.22,18576.74,78246.86,3448.94,957.0,949.0,10706.19,281,260,21,7,1,89
2025-09-01,Sep 2025,2025,0,Meat & Seafood,Mid-Atlantic,62570.49,49428.3,13142.19,65449.27,2878.72,683.0,656.0,7482.76,208,194,14,17,6,47
2025-09-01,Sep 2025,2025,0,Meat & Seafood,Midwest,68596.22,55141.51,13454.71,71975.5,3379.21,750.0,743.0,8353.39,217,201,16,5,3,70
2025-09-01,Sep 2025,2025,0,Meat & Seafood,Mountain West,51409.31,40819.54,10589.77,53669.79,2260.42,531.0,514.0,6087.83,166,154,12,12,3,51
2025-09-01,Sep 2025,2025,0,Meat & Seafood,Northeast,30501.04,24380.62,6120.42,31842.54,1341.59,319.0,307.0,3817.79,102,94,8,7,3,32
2025-09-01,Sep 2025,2025,0,Meat & Seafood,Pacific,65080.87,49591.38,15489.49,68176.76,3095.93,711.0,677.0,7580.42,212,191,21,20,6,50
2025-09-01,Sep 2025,2025,0,Meat & Seafood,Southeast,126325.42,99404.66,26920.76,132492.26,6166.96,1279.0,1219.0,14928.27,353,329,24,35,6,95
2025-09-01,Sep 2025,2025,0,Meat & Seafood,Texas & Gulf,107883.63,84677.54,23206.09,112980.39,5096.84,1132.0,1100.0,12848.94,333,312,21,24,9,85
2025-09-01,Sep 2025,2025,0,Toys & Seasonal,Mid-Atlantic,22550.25,15220.09,7330.15,23612.72,1062.48,131.0,115.0,1293.01,44,38,6,7,3,23
2025-09-01,Sep 2025,2025,0,Toys & Seasonal,Midwest,43157.23,29965.94,13191.28,45196.23,2039.02,228.0,220.0,2424.88,72,68,4,6,4,42
2025-09-01,Sep 2025,2025,0,Toys & Seasonal,Mountain West,18072.05,12297.13,5774.93,18755.85,683.83,107.0,95.0,1001.89,47,44,3,8,5,27
2025-09-01,Sep 2025,2025,0,Toys & Seasonal,Northeast,17473.53,12102.33,5371.19,18428.11,954.59,112.0,97.0,985.0,35,33,2,6,4,22
2025-09-01,Sep 2025,2025,0,Toys & Seasonal,Pacific,15659.85,10257.97,5401.88,16434.38,774.53,115.0,96.0,887.24,43,41,2,7,2,25
2025-09-01,Sep 2025,2025,0,Toys & Seasonal,Southeast,33839.1,23241.57,10597.53,35589.93,1750.83,200.0,180.0,1919.0,78,75,3,12,5,52
2025-09-01,Sep 2025,2025,0,Toys & Seasonal,Texas & Gulf,52678.41,35435.13,17243.27,54860.83,2182.44,277.0,259.0,2841.75,95,89,6,7,5,60
2025-10-01,Oct 2025,2026,1,Apparel,Mid-Atlantic,51146.61,29532.62,21613.99,53643.88,2497.25,251.0,245.0,2736.97,82,72,10,4,0,34
2025-10-01,Oct 2025,2026,1,Apparel,Midwest,54157.01,32629.79,21527.22,56842.29,2685.26,303.0,290.0,3035.43,109,103,6,8,1,63
2025-10-01,Oct 2025,2026,1,Apparel,Mountain West,44862.79,26422.04,18440.75,47004.3,2141.44,262.0,254.0,2533.97,85,74,11,5,3,41
2025-10-01,Oct 2025,2026,1,Apparel,Northeast,38216.13,22498.12,15718.0,40097.8,1881.74,199.0,193.0,2178.65,57,51,6,3,1,26
2025-10-01,Oct 2025,2026,1,Apparel,Pacific,57592.69,31972.43,25620.26,60240.69,2647.95,276.0,269.0,3033.68,91,83,8,6,1,38
2025-10-01,Oct 2025,2026,1,Apparel,Southeast,102875.9,59744.33,43131.57,108049.86,5173.93,518.0,500.0,5607.91,172,160,12,12,2,79
2025-10-01,Oct 2025,2026,1,Apparel,Texas & Gulf,95435.34,55104.68,40330.66,99773.26,4337.94,520.0,497.0,5325.34,175,153,22,14,6,80
2025-10-01,Oct 2025,2026,1,Dairy & Frozen,Mid-Atlantic,26032.93,20325.01,5707.92,27215.58,1182.72,602.0,591.0,6588.27,189,173,16,8,5,47
2025-10-01,Oct 2025,2026,1,Dairy & Frozen,Midwest,45939.68,36454.92,9484.77,48043.66,2103.93,1055.0,1044.0,11659.86,333,304,29,7,2,77
2025-10-01,Oct 2025,2026,1,Dairy & Frozen,Mountain West,22926.09,17895.05,5031.03,24015.61,1089.6,524.0,517.0,5717.81,220,206,14,6,1,57
2025-10-01,Oct 2025,2026,1,Dairy & Frozen,Northeast,22378.64,17725.02,4653.62,23471.51,1092.87,518.0,509.0,5702.09,147,130,17,6,1,34
2025-10-01,Oct 2025,2026,1,Dairy & Frozen,Pacific,30034.57,23102.29,6932.28,31498.93,1464.38,728.0,709.0,7181.78,223,199,24,9,2,47
2025-10-01,Oct 2025,2026,1,Dairy & Frozen,Southeast,60232.75,47225.52,13007.23,63082.1,2849.21,1428.0,1406.0,14843.34,445,409,36,18,4,98
2025-10-01,Oct 2025,2026,1,Dairy & Frozen,Texas & Gulf,51907.83,40318.26,11589.57,54277.09,2369.25,1230.0,1209.0,13193.07,406,369,37,18,7,87
2025-10-01,Oct 2025,2026,1,Electronics,Mid-Atlantic,155879.16,135776.94,20102.23,163531.37,7652.22,147.0,141.0,1634.83,46,42,4,4,3,26
2025-10-01,Oct 2025,2026,1,Electronics,Midwest,198647.76,184269.23,14378.53,207682.25,9034.5,202.0,195.0,2212.29,63,61,2,4,2,40
2025-10-01,Oct 2025,2026,1,Electronics,Mountain West,119890.61,104853.13,15037.47,125444.09,5553.45,120.0,113.0,1252.28,51,48,3,5,2,37
2025-10-01,Oct 2025,2026,1,Electronics,Northeast,57649.03,49998.98,7650.06,60112.59,2463.56,59.0,54.0,651.59,25,24,1,1,0,20
2025-10-01,Oct 2025,2026,1,Electronics,Pacific,113016.91,98556.18,14460.72,117924.02,4907.11,134.0,123.0,1148.69,42,37,5,4,1,31
2025-10-01,Oct 2025,2026,1,Electronics,Southeast,204149.08,176523.8,27625.29,214071.21,9922.13,229.0,216.0,2094.64,90,85,5,8,3,52
2025-10-01,Oct 2025,2026,1,Electronics,Texas & Gulf,282286.84,242691.64,39595.2,295078.84,12792.0,292.0,266.0,3027.17,86,82,4,11,6,58
2025-10-01,Oct 2025,2026,1,Fresh & Produce,Mid-Atlantic,24018.44,17188.15,6830.3,25186.29,1167.93,793.0,743.0,8030.85,280,257,23,26,11,47
2025-10-01,Oct 2025,2026,1,Fresh & Produce,Midwest,37987.07,27980.67,10006.4,39743.7,1756.59,1367.0,1308.0,13399.14,410,378,32,39,18,81
2025-10-01,Oct 2025,2026,1,Fresh & Produce,Mountain West,21274.05,15313.71,5960.34,22286.99,1012.96,787.0,736.0,7375.7,314,292,22,33,22,55
2025-10-01,Oct 2025,2026,1,Fresh & Produce,Northeast,18219.75,13414.99,4804.76,19037.67,817.88,618.0,557.0,6126.55,175,160,15,34,12,31
2025-10-01,Oct 2025,2026,1,Fresh & Produce,Pacific,23403.46,16866.65,6536.8,24442.13,1038.55,848.0,795.0,7948.96,276,264,12,30,10,50
2025-10-01,Oct 2025,2026,1,Fresh & Produce,Southeast,54509.25,39958.92,14550.33,57117.06,2607.73,1970.0,1856.0,19000.33,635,586,49,64,31,104
2025-10-01,Oct 2025,2026,1,Fresh & Produce,Texas & Gulf,46998.13,34176.79,12821.33,49252.02,2253.89,1678.0,1552.0,16233.86,555,507,48,75,30,95
2025-10-01,Oct 2025,2026,1,Grocery,Mid-Atlantic,78624.54,61802.94,16821.61,82238.4,3613.88,1666.0,1657.0,18564.99,494,460,34,8,3,49
2025-10-01,Oct 2025,2026,1,Grocery,Midwest,109659.06,88879.42,20779.64,115005.16,5345.95,2444.0,2415.0,27228.22,751,680,71,17,6,83
2025-10-01,Oct 2025,2026,1,Grocery,Mountain West,68862.22,55225.46,13636.76,72248.14,3385.87,1480.0,1465.0,16481.78,531,487,44,9,2,59
2025-10-01,Oct 2025,2026,1,Grocery,Northeast,58792.1,47703.61,11088.49,61517.05,2724.99,1347.0,1341.0,14599.04,360,329,31,6,3,34
2025-10-01,Oct 2025,2026,1,Grocery,Pacific,87030.85,67946.5,19084.35,91156.02,4125.17,1808.0,1789.0,20351.68,581,530,51,10,3,53
2025-10-01,Oct 2025,2026,1,Grocery,Southeast,183367.89,147066.04,36301.85,192230.37,8862.53,3873.0,3842.0,44548.4,1118,1033,85,26,15,105
2025-10-01,Oct 2025,2026,1,Grocery,Texas & Gulf,145768.01,115805.62,29962.39,152793.59,7025.5,3117.0,3099.0,35539.41,967,881,86,16,6,95
2025-10-01,Oct 2025,2026,1,Health & Wellness,Mid-Atlantic,70503.74,49097.12,21406.63,73959.24,3455.65,589.0,585.0,5851.05,168,159,9,4,0,44
2025-10-01,Oct 2025,2026,1,Health & Wellness,Midwest,106218.72,76150.33,30068.39,111300.87,5082.1,833.0,823.0,8824.2,222,203,19,7,3,70
2025-10-01,Oct 2025,2026,1,Health & Wellness,Mountain West,70431.97,49931.65,20500.32,73979.6,3547.54,511.0,507.0,5669.61,168,158,10,3,2,51
2025-10-01,Oct 2025,2026,1,Health & Wellness,Northeast,52576.51,38182.16,14394.35,54881.97,2305.5,405.0,403.0,4619.15,98,92,6,2,2,26
2025-10-01,Oct 2025,2026,1,Health & Wellness,Pacific,70572.02,49132.68,21439.35,73930.38,3358.31,568.0,563.0,6086.54,154,143,11,4,1,48
2025-10-01,Oct 2025,2026,1,Health & Wellness,Southeast,144080.68,103787.22,40293.46,151128.56,7047.88,1140.0,1133.0,12145.07,335,309,26,5,1,93
2025-10-01,Oct 2025,2026,1,Health & Wellness,Texas & Gulf,148097.46,104358.97,43738.49,154852.48,6755.15,1142.0,1136.0,12149.5,319,300,19,5,0,89
2025-10-01,Oct 2025,2026,1,Home & Kitchen,Mid-Atlantic,97173.24,60875.14,36298.1,101946.28,4773.04,316.0,315.0,3826.75,102,96,6,1,1,37
2025-10-01,Oct 2025,2026,1,Home & Kitchen,Midwest,119575.81,77258.94,42316.87,125074.36,5498.55,478.0,466.0,5126.01,136,124,12,4,1,58
2025-10-01,Oct 2025,2026,1,Home & Kitchen,Mountain West,53142.43,33440.1,19702.33,55409.8,2267.37,195.0,194.0,2162.84,74,66,8,1,1,39
2025-10-01,Oct 2025,2026,1,Home & Kitchen,Northeast,71049.86,44594.34,26455.51,74272.15,3222.3,267.0,259.0,2810.57,69,62,7,6,3,23
2025-10-01,Oct 2025,2026,1,Home & Kitchen,Pacific,82721.38,52286.45,30434.93,86670.46,3948.99,306.0,303.0,3401.79,93,87,6,3,2,42
2025-10-01,Oct 2025,2026,1,Home & Kitchen,Southeast,168750.51,108476.39,60274.13,176863.43,8112.91,650.0,634.0,6859.78,190,174,16,7,2,81
2025-10-01,Oct 2025,2026,1,Home & Kitchen,Texas & Gulf,137590.57,87324.89,50265.68,144446.64,6856.09,545.0,532.0,5700.82,165,156,9,9,2,73
2025-10-01,Oct 2025,2026,1,Household Essentials,Mid-Atlantic,41787.36,31142.66,10644.7,43671.69,1884.34,556.0,551.0,5902.74,167,152,15,5,3,45
2025-10-01,Oct 2025,2026,1,Household Essentials,Midwest,53052.18,40472.15,12580.03,55440.38,2388.16,726.0,722.0,7784.2,211,196,15,4,3,69
2025-10-01,Oct 2025,2026,1,Household Essentials,Mountain West,29944.69,22416.91,7527.78,31383.12,1438.38,380.0,379.0,4221.78,145,133,12,1,1,53
2025-10-01,Oct 2025,2026,1,Household Essentials,Northeast,32567.6,24315.12,8252.48,34066.19,1498.52,466.0,465.0,4783.04,117,109,8,1,1,28
2025-10-01,Oct 2025,2026,1,Household Essentials,Pacific,33053.91,24607.47,8446.43,34626.18,1572.3,449.0,447.0,4799.96,150,142,8,2,1,44
2025-10-01,Oct 2025,2026,1,Household Essentials,Southeast,67929.99,50763.87,17166.12,71221.11,3291.13,1008.0,1000.0,10199.46,315,289,26,7,4,92
2025-10-01,Oct 2025,2026,1,Household Essentials,Texas & Gulf,75267.02,57271.0,17996.02,78682.86,3415.79,1000.0,990.0,11016.2,286,265,21,9,2,89
2025-10-01,Oct 2025,2026,1,Meat & Seafood,Mid-Atlantic,47931.51,37883.78,10047.73,50079.77,2148.22,475.0,455.0,5612.73,169,159,10,13,6,45
2025-10-01,Oct 2025,2026,1,Meat & Seafood,Midwest,85761.48,68806.25,16955.23,90077.68,4316.18,862.0,836.0,10249.84,254,223,31,20,12,76
2025-10-01,Oct 2025,2026,1,Meat & Seafood,Mountain West,43390.21,34254.49,9135.71,45639.06,2248.92,433.0,420.0,4982.95,176,161,15,12,7,54
2025-10-01,Oct 2025,2026,1,Meat & Seafood,Northeast,32110.17,25683.8,6426.37,33583.7,1473.45,356.0,351.0,4160.25,114,107,7,5,2,31
2025-10-01,Oct 2025,2026,1,Meat & Seafood,Pacific,51182.94,39712.51,11470.42,53597.5,2414.48,522.0,493.0,6030.7,192,175,17,20,12,50
2025-10-01,Oct 2025,2026,1,Meat & Seafood,Southeast,115080.85,89765.61,25315.23,120644.95,5564.12,1159.0,1123.0,13695.63,361,338,23,23,8,99
2025-10-01,Oct 2025,2026,1,Meat & Seafood,Texas & Gulf,118671.96,94225.74,24446.22,124398.8,5726.68,1209.0,1185.0,14013.3,367,352,15,17,7,92
2025-10-01,Oct 2025,2026,1,Toys & Seasonal,Mid-Atlantic,28725.93,18975.45,9750.48,30040.49,1314.56,170.0,151.0,1548.61,47,39,8,10,5,28
2025-10-01,Oct 2025,2026,1,Toys & Seasonal,Midwest,32280.43,22125.2,10155.22,33751.07,1470.62,193.0,178.0,1735.92,60,53,7,10,7,41
2025-10-01,Oct 2025,2026,1,Toys & Seasonal,Mountain West,26569.07,18843.26,7725.81,27708.75,1139.68,154.0,144.0,1510.65,49,47,2,4,2,32
2025-10-01,Oct 2025,2026,1,Toys & Seasonal,Northeast,27793.42,19587.85,8205.57,29606.14,1812.73,141.0,131.0,1485.14,37,34,3,5,1,22
2025-10-01,Oct 2025,2026,1,Toys & Seasonal,Pacific,28022.01,18667.15,9354.86,29377.59,1355.62,153.0,140.0,1537.44,48,45,3,8,3,30
2025-10-01,Oct 2025,2026,1,Toys & Seasonal,Southeast,60978.49,41445.45,19533.03,63919.68,2941.24,333.0,302.0,3380.93,101,96,5,17,7,56
2025-10-01,Oct 2025,2026,1,Toys & Seasonal,Texas & Gulf,54557.43,36960.23,17597.2,57331.91,2774.44,274.0,264.0,2936.16,77,72,5,7,1,53
2025-11-01,Nov 2025,2026,2,Apparel,Mid-Atlantic,54805.5,32267.98,22537.52,57315.67,2510.14,292.0,279.0,3132.69,79,70,9,8,5,37
2025-11-01,Nov 2025,2026,2,Apparel,Midwest,79511.04,46511.27,32999.78,82764.03,3253.0,404.0,397.0,4608.69,110,101,9,5,3,57
2025-11-01,Nov 2025,2026,2,Apparel,Mountain West,50119.06,29440.08,20678.98,52460.83,2341.75,262.0,254.0,2752.13,96,90,6,5,2,43
2025-11-01,Nov 2025,2026,2,Apparel,Northeast,34528.22,20222.68,14305.54,36306.1,1777.91,196.0,187.0,1965.89,66,55,11,5,0,24
2025-11-01,Nov 2025,2026,2,Apparel,Pacific,53198.37,30259.53,22938.84,55621.25,2422.92,270.0,264.0,2916.49,107,99,8,5,1,48
2025-11-01,Nov 2025,2026,2,Apparel,Southeast,116137.87,67253.59,48884.28,121657.78,5519.87,570.0,553.0,6341.01,179,161,18,11,3,78
2025-11-01,Nov 2025,2026,2,Apparel,Texas & Gulf,88534.54,51974.89,36559.66,92776.32,4241.72,481.0,467.0,4799.22,149,144,5,6,2,72
2025-11-01,Nov 2025,2026,2,Dairy & Frozen,Mid-Atlantic,32008.33,24950.27,7058.06,33506.54,1498.22,730.0,723.0,7911.14,221,204,17,5,2,50
2025-11-01,Nov 2025,2026,2,Dairy & Frozen,Midwest,38881.37,31009.25,7872.12,40783.78,1902.33,958.0,942.0,9991.11,290,270,20,8,1,79
2025-11-01,Nov 2025,2026,2,Dairy & Frozen,Mountain West,25026.41,19353.1,5673.31,26147.43,1120.94,600.0,590.0,6518.26,241,233,8,10,5,58
2025-11-01,Nov 2025,2026,2,Dairy & Frozen,Northeast,20634.6,16213.83,4420.77,21660.58,1025.98,491.0,487.0,5092.63,140,131,9,4,1,33
2025-11-01,Nov 2025,2026,2,Dairy & Frozen,Pacific,29974.5,22769.14,7205.36,31316.41,1341.95,682.0,671.0,7026.43,235,212,23,9,3,52
2025-11-01,Nov 2025,2026,2,Dairy & Frozen,Southeast,69928.62,54353.41,15575.21,73179.54,3250.91,1591.0,1551.0,17189.94,506,469,37,26,15,104
2025-11-01,Nov 2025,2026,2,Dairy & Frozen,Texas & Gulf,60132.87,46766.06,13366.82,62990.22,2857.41,1398.0,1381.0,15154.72,431,396,35,13,6,92
2025-11-01,Nov 2025,2026,2,Electronics,Mid-Atlantic,193909.38,186286.68,7622.7,203178.66,9269.26,208.0,196.0,2084.66,44,44,0,5,2,26
2025-11-01,Nov 2025,2026,2,Electronics,Midwest,235449.17,232870.58,2578.59,246166.86,10717.7,248.0,238.0,2463.26,52,49,3,4,1,32
2025-11-01,Nov 2025,2026,2,Electronics,Mountain West,149798.19,143452.39,6345.8,157466.87,7668.69,164.0,148.0,1630.1,39,33,6,9,2,33
2025-11-01,Nov 2025,2026,2,Electronics,Northeast,153785.06,153400.26,384.81,162383.98,8598.9,170.0,157.0,1682.36,22,19,3,5,1,15
2025-11-01,Nov 2025,2026,2,Electronics,Pacific,213624.04,197863.34,15760.7,224917.89,11293.82,219.0,207.0,2200.51,49,44,5,4,1,32
2025-11-01,Nov 2025,2026,2,Electronics,Southeast,507866.19,489397.35,18468.84,533186.32,25320.19,529.0,513.0,5227.71,102,93,9,9,6,59
2025-11-01,Nov 2025,2026,2,Electronics,Texas & Gulf,354596.44,344678.94,9917.5,370541.37,15944.87,390.0,360.0,3761.3,92,86,6,9,1,65
2025-11-01,Nov 2025,2026,2,Fresh & Produce,Mid-Atlantic,24176.37,17387.24,6789.13,25341.55,1165.23,819.0,761.0,7951.32,251,235,16,32,13,45
2025-11-01,Nov 2025,2026,2,Fresh & Produce,Midwest,35586.59,26083.05,9503.54,37271.5,1684.83,1212.0,1141.0,12165.2,418,385,33,50,23,85
2025-11-01,Nov 2025,2026,2,Fresh & Produce,Mountain West,21555.59,15657.13,5898.46,22592.41,1036.72,781.0,738.0,7277.1,304,279,25,30,15,61
2025-11-01,Nov 2025,2026,2,Fresh & Produce,Northeast,15906.96,11603.52,4303.44,16695.11,788.21,561.0,530.0,5419.34,161,154,7,14,4,32
2025-11-01,Nov 2025,2026,2,Fresh & Produce,Pacific,23642.84,16680.98,6961.86,24768.19,1125.32,875.0,818.0,7808.6,327,300,27,38,19,54
2025-11-01,Nov 2025,2026,2,Fresh & Produce,Southeast,59807.86,43346.52,16461.34,62726.17,2918.4,2039.0,1922.0,20299.76,613,565,48,71,32,104
2025-11-01,Nov 2025,2026,2,Fresh & Produce,Texas & Gulf,45701.5,32972.84,12728.66,47807.72,2106.21,1657.0,1547.0,15736.52,540,495,45,64,21,96
2025-11-01,Nov 2025,2026,2,Grocery,Mid-Atlantic,85902.52,68450.36,17452.16,89988.97,4086.46,1883.0,1877.0,20812.12,531,489,42,4,1,51
2025-11-01,Nov 2025,2026,2,Grocery,Midwest,115726.03,92818.1,22907.93,121141.19,5414.86,2396.0,2380.0,27694.36,688,631,57,10,2,86
2025-11-01,Nov 2025,2026,2,Grocery,Mountain West,79456.63,63115.79,16340.84,83090.67,3634.21,1653.0,1635.0,18738.82,555,516,39,13,6,63
2025-11-01,Nov 2025,2026,2,Grocery,Northeast,49894.01,39898.64,9995.36,52394.68,2500.6,1147.0,1141.0,12747.11,318,289,29,6,2,33
2025-11-01,Nov 2025,2026,2,Grocery,Pacific,85873.79,66794.9,19078.9,90027.11,4153.42,1755.0,1744.0,20048.24,566,523,43,7,4,55
2025-11-01,Nov 2025,2026,2,Grocery,Southeast,202751.41,162236.87,40514.54,212251.42,9500.02,4261.0,4247.0,48892.38,1198,1116,82,13,5,107
2025-11-01,Nov 2025,2026,2,Grocery,Texas & Gulf,150526.39,120244.84,30281.54,157658.66,7132.16,3271.0,3246.0,35570.57,972,899,73,17,5,98
2025-11-01,Nov 2025,2026,2,Health & Wellness,Mid-Atlantic,54808.6,38639.46,16169.14,57405.17,2596.61,438.0,430.0,4646.55,142,131,11,8,6,41
2025-11-01,Nov 2025,2026,2,Health & Wellness,Midwest,88723.27,62179.83,26543.45,93350.51,4627.29,714.0,698.0,7315.92,231,215,16,8,2,72
2025-11-01,Nov 2025,2026,2,Health & Wellness,Mountain West,59141.93,41144.95,17996.99,61761.87,2619.92,503.0,494.0,5004.5,181,170,11,6,2,61
2025-11-01,Nov 2025,2026,2,Health & Wellness,Northeast,38819.77,27417.66,11402.1,40685.55,1865.72,307.0,305.0,3356.72,88,78,10,2,1,29
2025-11-01,Nov 2025,2026,2,Health & Wellness,Pacific,73251.13,50236.9,23014.23,76797.48,3546.31,539.0,534.0,5859.59,180,165,15,3,0,48
2025-11-01,Nov 2025,2026,2,Health & Wellness,Southeast,144051.33,101878.13,42173.2,150786.87,6735.56,1135.0,1124.0,11981.17,340,307,33,7,1,98
2025-11-01,Nov 2025,2026,2,Health & Wellness,Texas & Gulf,145828.73,100720.95,45107.79,152648.15,6819.35,1088.0,1077.0,11820.97,335,306,29,8,2,91
2025-11-01,Nov 2025,2026,2,Home & Kitchen,Mid-Atlantic,77271.43,48403.39,28868.05,81027.6,3756.17,282.0,281.0,3010.31,84,76,8,1,1,39
2025-11-01,Nov 2025,2026,2,Home & Kitchen,Midwest,109855.61,69952.49,39903.12,114787.04,4931.32,443.0,434.0,4450.11,128,122,6,4,1,64
2025-11-01,Nov 2025,2026,2,Home & Kitchen,Mountain West,59131.25,37401.8,21729.46,62119.35,2988.16,229.0,224.0,2501.95,73,67,6,3,0,36
2025-11-01,Nov 2025,2026,2,Home & Kitchen,Northeast,53998.5,34125.59,19872.91,56754.15,2755.65,204.0,203.0,2169.66,55,52,3,1,1,23
2025-11-01,Nov 2025,2026,2,Home & Kitchen,Pacific,81612.96,50486.81,31126.15,85226.19,3613.24,303.0,302.0,3268.66,95,91,4,1,1,42
2025-11-01,Nov 2025,2026,2,Home & Kitchen,Southeast,170487.78,108085.37,62402.4,179057.16,8569.34,647.0,641.0,6958.25,187,166,21,5,2,72
2025-11-01,Nov 2025,2026,2,Home & Kitchen,Texas & Gulf,181116.49,113948.45,67168.04,190230.04,9113.55,664.0,658.0,7483.5,200,184,16,5,2,77
2025-11-01,Nov 2025,2026,2,Household Essentials,Mid-Atlantic,31596.9,23782.18,7814.71,33134.87,1538.02,440.0,438.0,4691.67,149,136,13,2,2,45
2025-11-01,Nov 2025,2026,2,Household Essentials,Midwest,53812.94,40407.0,13405.95,56256.93,2443.95,723.0,720.0,8039.02,211,196,15,3,1,70
2025-11-01,Nov 2025,2026,2,Household Essentials,Mountain West,30596.09,22951.52,7644.57,31988.62,1392.58,403.0,400.0,4316.07,162,151,11,2,0,56
2025-11-01,Nov 2025,2026,2,Household Essentials,Northeast,13459.99,10109.31,3350.68,14060.37,600.45,196.0,192.0,2067.06,78,74,4,4,1,28
2025-11-01,Nov 2025,2026,2,Household Essentials,Pacific,33901.77,25315.06,8586.71,35486.25,1584.35,458.0,455.0,5035.27,154,141,13,2,0,50
2025-11-01,Nov 2025,2026,2,Household Essentials,Southeast,74280.74,55373.42,18907.31,77632.03,3351.36,1057.0,1049.0,10970.51,332,314,18,7,5,94
2025-11-01,Nov 2025,2026,2,Household Essentials,Texas & Gulf,57746.75,43359.32,14387.43,60532.66,2785.97,814.0,810.0,8698.4,269,251,18,4,2,87
2025-11-01,Nov 2025,2026,2,Meat & Seafood,Mid-Atlantic,51553.65,40421.14,11132.51,53880.82,2327.05,572.0,552.0,6539.43,174,162,12,15,8,46
2025-11-01,Nov 2025,2026,2,Meat & Seafood,Midwest,60770.82,48708.68,12062.14,63760.92,2990.13,657.0,622.0,7366.03,199,186,13,16,8,73
2025-11-01,Nov 2025,2026,2,Meat & Seafood,Mountain West,44886.25,35249.49,9636.76,46892.5,2006.31,500.0,482.0,5498.86,198,188,10,12,6,56
2025-11-01,Nov 2025,2026,2,Meat & Seafood,Northeast,28544.77,23020.89,5523.88,29821.69,1276.93,299.0,289.0,3434.49,90,82,8,6,0,28
2025-11-01,Nov 2025,2026,2,Meat & Seafood,Pacific,48374.47,36704.71,11669.76,50728.44,2353.98,485.0,464.0,5516.35,185,166,19,13,5,50
2025-11-01,Nov 2025,2026,2,Meat & Seafood,Southeast,112808.21,88014.36,24793.84,118350.4,5542.26,1215.0,1160.0,13323.36,399,358,41,32,14,97
2025-11-01,Nov 2025,2026,2,Meat & Seafood,Texas & Gulf,90737.47,71047.01,19690.46,94996.66,4259.22,971.0,929.0,11065.53,306,280,26,21,11,88
2025-11-01,Nov 2025,2026,2,Toys & Seasonal,Mid-Atlantic,48890.83,33097.72,15793.1,51013.99,2123.16,299.0,273.0,2590.17,49,47,2,7,1,31
2025-11-01,Nov 2025,2026,2,Toys & Seasonal,Midwest,54487.83,37469.55,17018.28,57066.04,2578.26,350.0,336.0,3152.05,63,60,3,5,2,40
2025-11-01,Nov 2025,2026,2,Toys & Seasonal,Mountain West,34951.53,23914.21,11037.32,36533.58,1582.04,214.0,182.0,1938.1,48,44,4,6,1,31
2025-11-01,Nov 2025,2026,2,Toys & Seasonal,Northeast,35280.05,24024.09,11255.96,37282.35,2002.25,211.0,200.0,1882.8,34,34,0,2,1,18
2025-11-01,Nov 2025,2026,2,Toys & Seasonal,Pacific,36707.28,24391.7,12315.58,38142.08,1434.79,227.0,203.0,2030.92,48,45,3,7,2,31
2025-11-01,Nov 2025,2026,2,Toys & Seasonal,Southeast,107844.06,72551.31,35292.75,112718.4,4874.27,580.0,542.0,5977.28,112,98,14,14,2,70
2025-11-01,Nov 2025,2026,2,Toys & Seasonal,Texas & Gulf,90551.3,63094.74,27456.55,94593.04,4041.77,504.0,481.0,5134.77,83,77,6,5,1,53
2025-12-01,Dec 2025,2026,3,Apparel,Mid-Atlantic,60846.73,35860.14,24986.59,63990.12,3143.39,322.0,308.0,3469.15,88,78,10,7,1,40
2025-12-01,Dec 2025,2026,3,Apparel,Midwest,83132.41,49070.38,34062.03,87122.94,3990.63,411.0,397.0,4700.83,114,103,11,10,3,55
2025-12-01,Dec 2025,2026,3,Apparel,Mountain West,38407.51,22064.28,16343.23,40121.37,1713.88,208.0,205.0,2070.03,86,81,5,3,1,43
2025-12-01,Dec 2025,2026,3,Apparel,Northeast,62249.04,36560.49,25688.54,64715.55,2466.5,283.0,273.0,3305.99,58,53,5,5,2,28
2025-12-01,Dec 2025,2026,3,Apparel,Pacific,47319.04,26959.46,20359.59,49695.14,2376.1,231.0,226.0,2641.5,76,69,7,5,3,45
2025-12-01,Dec 2025,2026,3,Apparel,Southeast,135602.58,80631.47,54971.11,141948.15,6345.61,706.0,676.0,7658.14,188,173,15,14,5,78
2025-12-01,Dec 2025,2026,3,Apparel,Texas & Gulf,131742.29,75792.6,55949.69,137713.25,5970.99,611.0,585.0,7221.2,170,160,10,10,4,78
2025-12-01,Dec 2025,2026,3,Dairy & Frozen,Mid-Atlantic,36293.14,28400.43,7892.7,37991.07,1698.03,812.0,796.0,8902.12,249,228,21,13,6,50
2025-12-01,Dec 2025,2026,3,Dairy & Frozen,Midwest,41949.66,33346.31,8603.35,43932.51,1982.87,989.0,980.0,10442.87,279,254,25,8,1,77
2025-12-01,Dec 2025,2026,3,Dairy & Frozen,Mountain West,28384.53,21923.49,6461.04,29748.34,1363.8,650.0,638.0,6804.14,235,211,24,8,3,56
2025-12-01,Dec 2025,2026,3,Dairy & Frozen,Northeast,27349.89,21365.54,5984.35,28680.24,1330.39,629.0,623.0,6377.93,167,155,12,5,0,34
2025-12-01,Dec 2025,2026,3,Dairy & Frozen,Pacific,40079.04,31089.62,8989.42,41970.78,1891.72,958.0,929.0,10118.62,289,276,13,18,6,54
2025-12-01,Dec 2025,2026,3,Dairy & Frozen,Southeast,82292.5,64636.65,17655.86,86273.43,3980.98,1965.0,1946.0,21159.68,528,488,40,13,5,103
2025-12-01,Dec 2025,2026,3,Dairy & Frozen,Texas & Gulf,65266.74,50734.83,14531.91,68422.11,3155.37,1480.0,1462.0,16175.81,457,423,34,13,4,93
2025-12-01,Dec 2025,2026,3,Electronics,Mid-Atlantic,218430.83,211895.83,6535.0,229463.94,11033.11,237.0,224.0,2395.87,49,45,4,5,1,33
2025-12-01,Dec 2025,2026,3,Electronics,Midwest,232271.42,232621.44,-350.01,243030.46,10759.03,239.0,235.0,2540.88,59,56,3,3,1,41
2025-12-01,Dec 2025,2026,3,Electronics,Mountain West,214502.87,209633.36,4869.51,223906.98,9404.1,220.0,208.0,2359.75,59,54,5,7,5,40
2025-12-01,Dec 2025,2026,3,Electronics,Northeast,173594.54,164992.71,8601.84,180567.81,6973.25,177.0,161.0,1880.26,35,34,1,4,0,20
2025-12-01,Dec 2025,2026,3,Electronics,Pacific,162268.68,151817.86,10450.82,168389.04,6120.34,171.0,165.0,1781.1,43,39,4,3,0,29
2025-12-01,Dec 2025,2026,3,Electronics,Southeast,420924.64,402169.29,18755.35,439103.5,18178.86,471.0,433.0,4447.22,91,82,9,12,4,55
2025-12-01,Dec 2025,2026,3,Electronics,Texas & Gulf,424319.16,408048.11,16271.05,444222.46,19903.26,437.0,422.0,4539.18,84,79,5,8,2,51
2025-12-01,Dec 2025,2026,3,Fresh & Produce,Mid-Atlantic,22550.57,16197.31,6353.26,23609.52,1058.97,814.0,763.0,7830.77,267,241,26,34,14,51
2025-12-01,Dec 2025,2026,3,Fresh & Produce,Midwest,43464.32,31961.92,11502.41,45495.62,2031.35,1540.0,1449.0,15323.72,422,384,38,48,16,82
2025-12-01,Dec 2025,2026,3,Fresh & Produce,Mountain West,21768.84,15649.92,6118.92,22770.38,1001.44,814.0,765.0,7562.15,307,284,23,37,25,57
2025-12-01,Dec 2025,2026,3,Fresh & Produce,Northeast,20359.55,15040.01,5319.54,21332.46,972.93,796.0,733.0,7474.73,219,202,17,27,10,35
2025-12-01,Dec 2025,2026,3,Fresh & Produce,Pacific,29330.56,21093.82,8236.74,30691.36,1360.72,992.0,940.0,9592.14,322,291,31,32,13,52
2025-12-01,Dec 2025,2026,3,Fresh & Produce,Southeast,61288.21,44440.36,16847.84,64099.73,2811.59,2170.0,2052.0,21529.77,660,598,62,79,38,108
2025-12-01,Dec 2025,2026,3,Fresh & Produce,Texas & Gulf,51933.67,37614.24,14319.43,54468.73,2535.03,1820.0,1708.0,17708.37,560,506,54,60,28,97
2025-12-01,Dec 2025,2026,3,Grocery,Mid-Atlantic,95196.03,75214.67,19981.35,99697.18,4501.14,1965.0,1951.0,22602.23,557,513,44,7,2,51
2025-12-01,Dec 2025,2026,3,Grocery,Midwest,114332.77,92721.23,21611.54,119760.49,5427.85,2470.0,2449.0,27994.94,663,609,54,14,3,83
2025-12-01,Dec 2025,2026,3,Grocery,Mountain West,69935.94,55243.7,14692.24,73263.81,3327.88,1427.0,1415.0,15949.42,511,469,42,9,2,63
2025-12-01,Dec 2025,2026,3,Grocery,Northeast,68079.77,55747.62,12332.16,71339.48,3259.59,1491.0,1487.0,16961.26,398,353,45,4,3,36
2025-12-01,Dec 2025,2026,3,Grocery,Pacific,112333.31,89272.83,23060.48,117821.88,5488.66,2302.0,2288.0,26372.4,637,573,64,10,2,54
2025-12-01,Dec 2025,2026,3,Grocery,Southeast,210773.3,168496.22,42277.08,220946.13,10172.9,4558.0,4535.0,51375.79,1220,1124,96,17,6,108
2025-12-01,Dec 2025,2026,3,Grocery,Texas & Gulf,198222.3,157040.86,41181.44,207582.31,9359.96,4062.0,4033.0,47363.71,1115,1033,82,17,3,100
2025-12-01,Dec 2025,2026,3,Health & Wellness,Mid-Atlantic,70215.62,49849.43,20366.18,73403.12,3187.54,560.0,551.0,6017.95,174,161,13,8,4,46
2025-12-01,Dec 2025,2026,3,Health & Wellness,Midwest,66050.36,47116.5,18933.86,69000.41,2950.05,552.0,546.0,5538.67,178,160,18,6,3,60
2025-12-01,Dec 2025,2026,3,Health & Wellness,Mountain West,49602.02,34787.06,14814.96,51864.52,2262.55,396.0,392.0,4212.19,163,158,5,2,0,49
2025-12-01,Dec 2025,2026,3,Health & Wellness,Northeast,52937.68,37878.91,15058.77,55551.38,2613.73,440.0,430.0,4675.65,125,115,10,8,4,34
2025-12-01,Dec 2025,2026,3,Health & Wellness,Pacific,78985.66,55282.16,23703.5,82454.86,3469.19,632.0,625.0,6364.12,192,175,17,4,1,52
2025-12-01,Dec 2025,2026,3,Health & Wellness,Southeast,162841.63,116443.41,46398.22,170764.44,7922.86,1330.0,1294.0,13611.84,386,353,33,13,3,102
2025-12-01,Dec 2025,2026,3,Health & Wellness,Texas & Gulf,121100.06,83900.58,37199.48,126744.0,5644.02,939.0,927.0,10187.68,304,281,23,10,2,88
2025-12-01,Dec 2025,2026,3,Home & Kitchen,Mid-Atlantic,81372.71,51454.82,29917.89,85491.87,4119.18,313.0,304.0,3501.61,98,91,7,4,1,40
2025-12-01,Dec 2025,2026,3,Home & Kitchen,Midwest,115330.41,73910.03,41420.38,120112.22,4781.83,415.0,407.0,4732.13,120,109,11,7,1,58
2025-12-01,Dec 2025,2026,3,Home & Kitchen,Mountain West,69749.93,44884.05,24865.88,72589.87,2839.9,258.0,246.0,3116.8,78,70,8,7,3,39
2025-12-01,Dec 2025,2026,3,Home & Kitchen,Northeast,103290.67,67466.45,35824.21,108229.63,4938.95,359.0,350.0,4289.46,85,82,3,5,1,28
2025-12-01,Dec 2025,2026,3,Home & Kitchen,Pacific,103264.29,63678.46,39585.82,107960.22,4695.89,384.0,374.0,4085.37,101,91,10,7,3,44
2025-12-01,Dec 2025,2026,3,Home & Kitchen,Southeast,226522.9,144478.62,82044.28,237186.05,10663.15,800.0,789.0,9154.59,204,185,19,7,0,83
2025-12-01,Dec 2025,2026,3,Home & Kitchen,Texas & Gulf,163165.9,104510.18,58655.72,171340.14,8174.24,636.0,631.0,7131.26,150,134,16,5,3,62
2025-12-01,Dec 2025,2026,3,Household Essentials,Mid-Atlantic,28888.86,21823.84,7065.02,30294.02,1405.14,410.0,408.0,4485.23,139,125,14,2,1,44
2025-12-01,Dec 2025,2026,3,Household Essentials,Midwest,29833.51,22476.87,7356.65,31188.06,1354.57,452.0,449.0,4541.69,148,140,8,3,1,61
2025-12-01,Dec 2025,2026,3,Household Essentials,Mountain West,32930.87,24042.83,8888.04,34539.99,1609.17,383.0,382.0,4491.22,157,145,12,1,0,51
2025-12-01,Dec 2025,2026,3,Household Essentials,Northeast,29430.03,22148.42,7281.61,30861.13,1431.11,371.0,369.0,4185.23,111,104,7,2,2,31
2025-12-01,Dec 2025,2026,3,Household Essentials,Pacific,34485.24,25536.03,8949.21,36141.21,1656.0,486.0,481.0,5165.68,158,144,14,5,0,50
2025-12-01,Dec 2025,2026,3,Household Essentials,Southeast,76571.63,57352.44,19219.19,80174.18,3602.57,1067.0,1061.0,11698.68,345,323,22,5,1,106
2025-12-01,Dec 2025,2026,3,Household Essentials,Texas & Gulf,61792.27,46220.42,15571.85,64705.85,2913.5,890.0,883.0,8985.55,272,251,21,3,2,87
2025-12-01,Dec 2025,2026,3,Meat & Seafood,Mid-Atlantic,47530.77,36832.54,10698.23,49704.12,2173.26,536.0,508.0,5571.49,167,157,10,15,4,45
2025-12-01,Dec 2025,2026,3,Meat & Seafood,Midwest,79805.51,63329.77,16475.74,83441.34,3635.95,885.0,859.0,10012.43,237,218,19,17,3,75
2025-12-01,Dec 2025,2026,3,Meat & Seafood,Mountain West,41966.47,33363.42,8603.05,43786.64,1820.21,455.0,444.0,5120.51,163,153,10,11,7,55
2025-12-01,Dec 2025,2026,3,Meat & Seafood,Northeast,53004.48,43063.8,9940.68,55457.44,2452.9,504.0,494.0,6168.61,129,121,8,6,1,28
2025-12-01,Dec 2025,2026,3,Meat & Seafood,Pacific,62362.89,48644.22,13718.67,65323.83,2960.81,658.0,626.0,7095.6,209,196,13,18,4,49
2025-12-01,Dec 2025,2026,3,Meat & Seafood,Southeast,129637.18,101230.55,28406.64,135731.18,6093.94,1399.0,1354.0,15319.8,407,372,35,29,8,106
2025-12-01,Dec 2025,2026,3,Meat & Seafood,Texas & Gulf,115208.25,90500.17,24708.08,120532.82,5324.57,1241.0,1198.0,13677.39,355,324,31,22,8,93
2025-12-01,Dec 2025,2026,3,Toys & Seasonal,Mid-Atlantic,69085.26,45865.26,23219.99,72573.23,3487.91,351.0,339.0,3626.86,47,43,4,4,1,28
2025-12-01,Dec 2025,2026,3,Toys & Seasonal,Midwest,83072.55,57496.27,25576.28,87237.03,4164.46,472.0,456.0,4544.59,57,57,0,6,1,35
2025-12-01,Dec 2025,2026,3,Toys & Seasonal,Mountain West,57101.46,40038.55,17062.91,59950.2,2848.71,312.0,297.0,3219.79,54,48,6,7,1,33
2025-12-01,Dec 2025,2026,3,Toys & Seasonal,Northeast,54647.75,37890.03,16757.72,57139.34,2491.58,285.0,266.0,2950.81,35,33,2,4,0,22
2025-12-01,Dec 2025,2026,3,Toys & Seasonal,Pacific,46496.03,30258.2,16237.83,48637.32,2141.27,281.0,263.0,2501.7,41,39,2,5,0,31
2025-12-01,Dec 2025,2026,3,Toys & Seasonal,Southeast,115721.34,78599.16,37122.17,120389.58,4668.23,699.0,657.0,6452.99,109,97,12,13,2,60
2025-12-01,Dec 2025,2026,3,Toys & Seasonal,Texas & Gulf,164179.56,113737.41,50442.15,171848.61,7669.03,873.0,830.0,9072.37,109,98,11,17,0,61
2026-01-01,Jan 2026,2026,-8,Apparel,Mid-Atlantic,44734.23,26232.71,18501.52,46829.22,2094.96,238.0,235.0,2468.03,88,80,8,2,1,39
2026-01-01,Jan 2026,2026,-8,Apparel,Midwest,46377.96,27046.59,19331.37,48460.21,2082.24,243.0,238.0,2719.43,92,86,6,4,1,48
2026-01-01,Jan 2026,2026,-8,Apparel,Mountain West,35360.55,20653.57,14706.98,37152.18,1791.64,195.0,186.0,1911.6,93,84,9,8,6,48
2026-01-01,Jan 2026,2026,-8,Apparel,Northeast,33324.82,19093.99,14230.82,34809.2,1484.38,153.0,146.0,1783.93,49,43,6,5,0,23
2026-01-01,Jan 2026,2026,-8,Apparel,Pacific,45317.13,26362.57,18954.56,47515.83,2198.66,238.0,229.0,2522.53,85,77,8,5,3,43
2026-01-01,Jan 2026,2026,-8,Apparel,Southeast,104081.0,59627.39,44453.61,108628.19,4547.27,532.0,517.0,5586.42,187,170,17,9,2,83
2026-01-01,Jan 2026,2026,-8,Apparel,Texas & Gulf,90545.72,52531.03,38014.69,95058.24,4512.42,441.0,432.0,5016.47,154,138,16,8,6,75
2026-01-01,Jan 2026,2026,-8,Dairy & Frozen,Mid-Atlantic,29253.87,22601.12,6652.75,30707.55,1453.66,684.0,675.0,7447.41,235,220,15,8,3,51
2026-01-01,Jan 2026,2026,-8,Dairy & Frozen,Midwest,35180.5,27714.87,7465.63,36883.52,1703.0,827.0,816.0,9079.09,286,268,18,11,4,71
2026-01-01,Jan 2026,2026,-8,Dairy & Frozen,Mountain West,25511.89,19887.91,5623.99,26676.59,1164.61,603.0,583.0,6231.17,221,204,17,12,5,60
2026-01-01,Jan 2026,2026,-8,Dairy & Frozen,Northeast,19051.01,14838.56,4212.44,19970.4,919.42,437.0,425.0,4752.66,151,142,9,10,3,32
2026-01-01,Jan 2026,2026,-8,Dairy & Frozen,Pacific,26899.26,20588.4,6310.86,28207.67,1308.4,601.0,594.0,6556.98,206,190,16,5,2,53
2026-01-01,Jan 2026,2026,-8,Dairy & Frozen,Southeast,64260.64,49794.36,14466.28,67307.28,3046.64,1517.0,1493.0,16088.87,512,455,57,16,7,105
2026-01-01,Jan 2026,2026,-8,Dairy & Frozen,Texas & Gulf,63233.71,49354.86,13878.85,66110.64,2876.92,1514.0,1494.0,15677.67,440,407,33,13,6,102
2026-01-01,Jan 2026,2026,-8,Electronics,Mid-Atlantic,98954.65,92477.89,6476.76,102548.8,3594.16,100.0,91.0,1028.47,40,37,3,3,1,27
2026-01-01,Jan 2026,2026,-8,Electronics,Midwest,189076.46,181251.53,7824.93,198684.71,9608.23,176.0,171.0,1965.31,55,52,3,4,1,36
2026-01-01,Jan 2026,2026,-8,Electronics,Mountain West,94622.44,87622.18,7000.26,99317.97,4695.56,84.0,83.0,977.79,43,41,2,1,1,29
2026-01-01,Jan 2026,2026,-8,Electronics,Northeast,111706.28,104343.17,7363.1,116832.27,5126.01,115.0,110.0,1126.63,33,30,3,4,2,22
2026-01-01,Jan 2026,2026,-8,Electronics,Pacific,161891.25,150994.32,10896.93,169510.36,7619.09,160.0,152.0,1622.15,56,52,4,6,4,33
2026-01-01,Jan 2026,2026,-8,Electronics,Southeast,221948.72,214110.37,7838.34,232621.86,10673.16,238.0,230.0,2471.72,89,81,8,7,6,50
2026-01-01,Jan 2026,2026,-8,Electronics,Texas & Gulf,284422.93,274074.24,10348.69,297534.38,13111.45,309.0,281.0,3053.42,113,96,17,13,5,67
2026-01-01,Jan 2026,2026,-8,Fresh & Produce,Mid-Atlantic,24016.17,17604.94,6411.24,25072.1,1055.94,837.0,776.0,8283.85,271,254,17,30,15,49
2026-01-01,Jan 2026,2026,-8,Fresh & Produce,Midwest,30979.28,22623.18,8356.11,32482.99,1503.8,1075.0,997.0,10613.79,372,333,39,45,25,79
2026-01-01,Jan 2026,2026,-8,Fresh & Produce,Mountain West,20086.57,14442.35,5644.22,21059.18,972.64,719.0,670.0,6833.52,309,289,20,36,22,63
2026-01-01,Jan 2026,2026,-8,Fresh & Produce,Northeast,16878.48,12100.47,4778.01,17711.8,833.24,584.0,539.0,5883.94,196,185,11,23,6,33
2026-01-01,Jan 2026,2026,-8,Fresh & Produce,Pacific,20987.57,15126.98,5860.6,21970.87,983.25,695.0,659.0,7059.17,253,232,21,26,11,55
2026-01-01,Jan 2026,2026,-8,Fresh & Produce,Southeast,54921.57,39849.75,15071.82,57503.1,2581.54,1880.0,1755.0,18559.2,656,593,63,70,34,106
2026-01-01,Jan 2026,2026,-8,Fresh & Produce,Texas & Gulf,53477.69,39063.15,14414.55,55963.72,2486.15,1866.0,1763.0,18145.32,586,532,54,61,24,103
2026-01-01,Jan 2026,2026,-8,Grocery,Mid-Atlantic,66986.92,53227.56,13759.36,70039.9,3052.91,1487.0,1477.0,16149.26,511,464,47,10,5,52
2026-01-01,Jan 2026,2026,-8,Grocery,Midwest,84114.13,67513.2,16600.93,87980.98,3866.87,1793.0,1784.0,20624.07,607,571,36,9,4,82
2026-01-01,Jan 2026,2026,-8,Grocery,Mountain West,81787.34,64705.1,17082.24,85711.18,3923.82,1668.0,1653.0,19238.53,591,539,52,13,7,65
2026-01-01,Jan 2026,2026,-8,Grocery,Northeast,51571.81,40996.47,10575.33,54077.35,2505.61,1101.0,1093.0,12488.04,354,320,34,6,3,36
2026-01-01,Jan 2026,2026,-8,Grocery,Pacific,72710.16,57072.53,15637.63,76201.37,3491.26,1476.0,1468.0,16852.7,489,450,39,7,2,57
2026-01-01,Jan 2026,2026,-8,Grocery,Southeast,181413.04,143891.99,37521.05,190068.39,8655.39,3796.0,3766.0,43151.0,1193,1099,94,20,5,109
2026-01-01,Jan 2026,2026,-8,Grocery,Texas & Gulf,178324.6,142851.99,35472.61,186669.93,8345.09,3803.0,3785.0,43033.43,1073,980,93,9,1,105
2026-01-01,Jan 2026,2026,-8,Health & Wellness,Mid-Atlantic,79806.86,56241.68,23565.18,83680.62,3873.74,618.0,613.0,6612.51,172,155,17,5,2,44
2026-01-01,Jan 2026,2026,-8,Health & Wellness,Midwest,102508.13,73131.19,29376.94,107667.83,5159.83,779.0,770.0,8410.52,194,177,17,5,2,68
2026-01-01,Jan 2026,2026,-8,Health & Wellness,Mountain West,79655.89,55702.3,23953.6,83613.62,3957.63,598.0,590.0,6673.31,210,190,20,5,3,60
2026-01-01,Jan 2026,2026,-8,Health & Wellness,Northeast,61394.52,43078.98,18315.54,64449.28,3054.72,481.0,474.0,5078.03,125,114,11,3,0,33
2026-01-01,Jan 2026,2026,-8,Health & Wellness,Pacific,69375.78,47555.73,21820.05,72752.58,3376.82,540.0,538.0,5822.77,158,151,7,2,1,50
2026-01-01,Jan 2026,2026,-8,Health & Wellness,Southeast,163522.75,114629.41,48893.34,171419.24,7896.46,1274.0,1263.0,13469.04,359,328,31,9,4,97
2026-01-01,Jan 2026,2026,-8,Health & Wellness,Texas & Gulf,168819.71,119538.62,49281.1,176813.6,7993.9,1280.0,1268.0,14178.35,345,323,22,8,2,97
2026-01-01,Jan 2026,2026,-8,Home & Kitchen,Mid-Atlantic,64282.13,40829.59,23452.55,67511.43,3229.28,244.0,238.0,2652.92,86,78,8,5,3,41
2026-01-01,Jan 2026,2026,-8,Home & Kitchen,Midwest,84774.81,54783.8,29991.01,89302.82,4528.08,316.0,309.0,3666.81,100,91,9,4,2,60
2026-01-01,Jan 2026,2026,-8,Home & Kitchen,Mountain West,71159.87,45865.36,25294.51,74163.05,3003.19,282.0,280.0,3114.8,87,81,6,2,1,42
2026-01-01,Jan 2026,2026,-8,Home & Kitchen,Northeast,54512.57,33753.92,20758.65,57025.49,2512.92,204.0,202.0,2388.94,60,50,10,1,0,25
2026-01-01,Jan 2026,2026,-8,Home & Kitchen,Pacific,74034.82,46313.73,27721.09,77475.95,3441.12,269.0,259.0,3117.58,83,75,8,5,2,41
2026-01-01,Jan 2026,2026,-8,Home & Kitchen,Southeast,168518.0,108218.12,60299.88,176707.57,8189.5,625.0,620.0,6882.59,204,187,17,5,2,88
2026-01-01,Jan 2026,2026,-8,Home & Kitchen,Texas & Gulf,140936.09,89626.32,51309.77,147302.27,6366.26,547.0,541.0,5886.82,175,158,17,6,5,74
2026-01-01,Jan 2026,2026,-8,Household Essentials,Mid-Atlantic,34482.57,25959.6,8522.96,36176.67,1694.11,462.0,458.0,5004.28,131,118,13,4,1,46
2026-01-01,Jan 2026,2026,-8,Household Essentials,Midwest,40572.27,30827.05,9745.22,42410.32,1837.96,572.0,569.0,6105.84,170,162,8,1,0,70
2026-01-01,Jan 2026,2026,-8,Household Essentials,Mountain West,32754.66,24768.18,7986.47,34366.81,1612.11,448.0,443.0,4765.89,160,153,7,4,2,56
2026-01-01,Jan 2026,2026,-8,Household Essentials,Northeast,28965.68,21805.04,7160.65,30267.11,1301.37,388.0,387.0,4080.67,101,91,10,1,0,31
2026-01-01,Jan 2026,2026,-8,Household Essentials,Pacific,31945.82,23575.49,8370.33,33384.02,1438.18,481.0,476.0,4679.56,159,142,17,4,1,52
2026-01-01,Jan 2026,2026,-8,Household Essentials,Southeast,72801.5,54645.22,18156.28,76306.77,3505.2,1019.0,1013.0,10741.84,318,295,23,6,4,97
2026-01-01,Jan 2026,2026,-8,Household Essentials,Texas & Gulf,79493.42,60168.23,19325.19,83516.48,4023.17,1119.0,1110.0,12015.95,312,291,21,8,2,93
2026-01-01,Jan 2026,2026,-8,Meat & Seafood,Mid-Atlantic,40403.35,31681.22,8722.13,42291.41,1888.06,442.0,417.0,4979.85,162,152,10,17,4,48
2026-01-01,Jan 2026,2026,-8,Meat & Seafood,Midwest,64913.38,51048.67,13864.72,67818.91,2905.54,682.0,648.0,7790.08,250,230,20,24,12,73
2026-01-01,Jan 2026,2026,-8,Meat & Seafood,Mountain West,52173.03,40082.59,12090.44,54540.83,2367.79,539.0,520.0,6070.93,227,211,16,16,6,62
2026-01-01,Jan 2026,2026,-8,Meat & Seafood,Northeast,32153.32,25201.73,6951.58,33697.72,1544.36,337.0,325.0,3915.44,121,116,5,9,1,31
2026-01-01,Jan 2026,2026,-8,Meat & Seafood,Pacific,49023.82,37959.15,11064.67,51349.3,2325.41,485.0,465.0,5777.05,170,156,14,14,5,55
2026-01-01,Jan 2026,2026,-8,Meat & Seafood,Southeast,102363.14,80863.41,21499.73,107233.28,4870.2,1028.0,995.0,11783.95,388,364,24,23,8,100
2026-01-01,Jan 2026,2026,-8,Meat & Seafood,Texas & Gulf,99809.32,77855.71,21953.61,104353.55,4544.52,1014.0,971.0,11589.48,347,324,23,26,11,98
2026-01-01,Jan 2026,2026,-8,Toys & Seasonal,Mid-Atlantic,14387.59,9701.06,4686.53,15089.53,701.93,75.0,73.0,804.02,46,42,4,2,2,31
2026-01-01,Jan 2026,2026,-8,Toys & Seasonal,Midwest,25713.91,17537.45,8176.46,27095.22,1381.26,137.0,131.0,1444.86,65,59,6,5,3,38
2026-01-01,Jan 2026,2026,-8,Toys & Seasonal,Mountain West,16139.01,11127.02,5011.99,17007.49,868.49,97.0,85.0,956.93,51,48,3,9,7,33
2026-01-01,Jan 2026,2026,-8,Toys & Seasonal,Northeast,12185.0,8004.49,4180.52,12815.65,630.66,65.0,61.0,644.5,30,28,2,3,2,18
2026-01-01,Jan 2026,2026,-8,Toys & Seasonal,Pacific,17273.99,11843.61,5430.38,18158.75,884.76,93.0,85.0,995.18,48,44,4,5,1,31
2026-01-01,Jan 2026,2026,-8,Toys & Seasonal,Southeast,43731.67,29474.77,14256.9,45799.39,2067.75,238.0,217.0,2384.74,114,102,12,16,10,68
2026-01-01,Jan 2026,2026,-8,Toys & Seasonal,Texas & Gulf,36952.88,25527.72,11425.16,38743.62,1790.75,199.0,184.0,2004.12,85,77,8,10,5,58
2026-02-01,Feb 2026,2026,-7,Apparel,Mid-Atlantic,42799.31,24908.56,17890.74,44547.75,1748.39,207.0,202.0,2381.19,72,67,5,3,1,35
2026-02-01,Feb 2026,2026,-7,Apparel,Midwest,60383.34,35325.14,25058.2,63154.42,2771.14,281.0,279.0,3267.66,98,90,8,2,1,49
2026-02-01,Feb 2026,2026,-7,Apparel,Mountain West,39795.25,22542.64,17252.6,41723.43,1928.24,188.0,180.0,2047.05,86,79,7,6,2,44
2026-02-01,Feb 2026,2026,-7,Apparel,Northeast,34678.04,19477.24,15200.8,36590.87,1912.82,168.0,163.0,1850.37,66,60,6,4,1,27
2026-02-01,Feb 2026,2026,-7,Apparel,Pacific,46941.15,27048.43,19892.72,49094.38,2153.24,243.0,238.0,2539.16,96,84,12,2,1,47
2026-02-01,Feb 2026,2026,-7,Apparel,Southeast,103933.16,60175.11,43758.06,109047.34,5114.2,523.0,507.0,5613.67,192,177,15,11,4,79
2026-02-01,Feb 2026,2026,-7,Apparel,Texas & Gulf,85125.08,49765.01,35360.06,89091.05,3966.0,475.0,462.0,5041.62,170,154,16,10,4,77
2026-02-01,Feb 2026,2026,-7,Dairy & Frozen,Mid-Atlantic,32694.66,25069.21,7625.45,34155.02,1460.39,749.0,717.0,7856.02,235,221,14,20,6,49
2026-02-01,Feb 2026,2026,-7,Dairy & Frozen,Midwest,36858.11,28741.59,8116.52,38507.05,1648.88,839.0,830.0,8849.11,281,259,22,7,5,78
2026-02-01,Feb 2026,2026,-7,Dairy & Frozen,Mountain West,23256.02,17893.02,5363.0,24354.06,1097.99,508.0,501.0,5694.55,247,226,21,6,4,60
2026-02-01,Feb 2026,2026,-7,Dairy & Frozen,Northeast,21089.47,16371.97,4717.5,22109.0,1019.47,497.0,489.0,5029.56,174,157,17,7,4,36
2026-02-01,Feb 2026,2026,-7,Dairy & Frozen,Pacific,31921.3,24432.23,7489.07,33445.89,1524.59,706.0,697.0,7648.27,235,209,26,8,3,53
2026-02-01,Feb 2026,2026,-7,Dairy & Frozen,Southeast,62241.46,48621.91,13619.55,65175.03,2933.46,1393.0,1385.0,15329.12,429,400,29,7,3,105
2026-02-01,Feb 2026,2026,-7,Dairy & Frozen,Texas & Gulf,78614.46,61547.5,17066.96,82538.62,3924.13,1776.0,1749.0,19210.2,502,458,44,19,6,99
2026-02-01,Feb 2026,2026,-7,Electronics,Mid-Atlantic,132443.28,132184.43,258.84,137637.6,5194.33,132.0,129.0,1381.77,42,39,3,3,1,25
2026-02-01,Feb 2026,2026,-7,Electronics,Midwest,132354.97,126288.7,6066.27,139029.69,6674.72,120.0,117.0,1384.79,46,39,7,2,1,33
2026-02-01,Feb 2026,2026,-7,Electronics,Mountain West,75427.01,70520.59,4906.42,78929.6,3502.57,80.0,75.0,777.22,45,39,6,4,2,30
2026-02-01,Feb 2026,2026,-7,Electronics,Northeast,105032.1,100063.55,4968.55,109607.12,4575.02,98.0,93.0,1091.81,34,31,3,2,1,22
2026-02-01,Feb 2026,2026,-7,Electronics,Pacific,156733.27,146921.07,9812.2,164132.58,7399.29,155.0,146.0,1573.75,57,51,6,5,2,34
2026-02-01,Feb 2026,2026,-7,Electronics,Southeast,232352.88,220323.87,12029.01,242931.42,10578.55,201.0,196.0,2378.45,81,77,4,4,1,55
2026-02-01,Feb 2026,2026,-7,Electronics,Texas & Gulf,267519.45,255389.45,12129.99,280328.22,12808.8,258.0,249.0,2729.33,91,84,7,5,1,58
2026-02-01,Feb 2026,2026,-7,Fresh & Produce,Mid-Atlantic,26649.76,19399.15,7250.61,28007.31,1357.62,917.0,861.0,8940.27,317,293,24,34,15,51
2026-02-01,Feb 2026,2026,-7,Fresh & Produce,Midwest,30560.1,22557.87,8002.23,32033.69,1473.57,1038.0,983.0,10222.66,372,338,34,41,23,79
2026-02-01,Feb 2026,2026,-7,Fresh & Produce,Mountain West,16548.61,11968.54,4580.07,17348.07,799.47,602.0,557.0,5699.66,272,256,16,36,24,63
2026-02-01,Feb 2026,2026,-7,Fresh & Produce,Northeast,19276.74,14046.87,5229.87,20126.51,849.64,686.0,641.0,6523.99,227,206,21,24,13,37
2026-02-01,Feb 2026,2026,-7,Fresh & Produce,Pacific,23379.38,16918.3,6461.08,24528.52,1149.03,835.0,774.0,7714.99,318,294,24,45,23,55
2026-02-01,Feb 2026,2026,-7,Fresh & Produce,Southeast,48415.54,34823.49,13592.04,50603.98,2188.42,1728.0,1617.0,16561.34,612,566,46,68,28,109
2026-02-01,Feb 2026,2026,-7,Fresh & Produce,Texas & Gulf,51112.4,37084.92,14027.49,53512.82,2400.4,1748.0,1624.0,17014.19,584,539,45,71,28,96
2026-02-01,Feb 2026,2026,-7,Grocery,Mid-Atlantic,73943.29,58814.02,15129.28,77372.71,3429.2,1573.0,1558.0,17861.61,531,477,54,11,3,53
2026-02-01,Feb 2026,2026,-7,Grocery,Midwest,94333.11,75855.83,18477.29,99093.17,4760.05,2044.0,2037.0,22850.18,680,630,50,6,1,82
2026-02-01,Feb 2026,2026,-7,Grocery,Mountain West,67653.15,53340.14,14313.01,70925.02,3271.9,1408.0,1396.0,15969.05,579,542,37,12,5,66
2026-02-01,Feb 2026,2026,-7,Grocery,Northeast,52344.44,42128.36,10216.08,54989.08,2644.68,1117.0,1109.0,13191.95,333,314,19,7,2,38
2026-02-01,Feb 2026,2026,-7,Grocery,Pacific,76509.68,59772.26,16737.41,80195.04,3685.42,1579.0,1570.0,17963.54,581,531,50,6,3,56
2026-02-01,Feb 2026,2026,-7,Grocery,Southeast,166929.68,132337.95,34591.72,174935.93,8006.49,3479.0,3453.0,39170.17,1072,993,79,18,7,109
2026-02-01,Feb 2026,2026,-7,Grocery,Texas & Gulf,166249.46,132479.15,33770.31,174106.54,7856.91,3456.0,3434.0,39255.31,1062,979,83,17,6,101
2026-02-01,Feb 2026,2026,-7,Health & Wellness,Mid-Atlantic,95665.01,67031.15,28633.86,100043.4,4378.35,683.0,677.0,7809.55,189,176,13,5,2,49
2026-02-01,Feb 2026,2026,-7,Health & Wellness,Midwest,85247.19,61119.64,24127.55,89152.21,3905.08,651.0,639.0,6903.5,196,182,14,6,1,67
2026-02-01,Feb 2026,2026,-7,Health & Wellness,Mountain West,51279.85,35703.18,15576.67,53636.9,2357.18,413.0,408.0,4312.86,171,154,17,5,3,58
2026-02-01,Feb 2026,2026,-7,Health & Wellness,Northeast,53063.63,37546.48,15517.15,55479.59,2415.94,419.0,415.0,4428.45,121,117,4,4,0,33
2026-02-01,Feb 2026,2026,-7,Health & Wellness,Pacific,70174.58,48202.69,21971.89,73586.32,3411.75,563.0,551.0,5799.55,164,150,14,6,1,50
2026-02-01,Feb 2026,2026,-7,Health & Wellness,Southeast,158850.64,109991.7,48858.94,166332.46,7481.75,1207.0,1196.0,12820.78,349,318,31,9,3,96
2026-02-01,Feb 2026,2026,-7,Health & Wellness,Texas & Gulf,176988.9,123396.23,53592.67,185414.89,8426.05,1288.0,1280.0,14058.53,370,342,28,7,2,90
2026-02-01,Feb 2026,2026,-7,Home & Kitchen,Mid-Atlantic,75457.16,47550.65,27906.52,79035.28,3578.11,287.0,280.0,3076.08,104,98,6,6,3,43
2026-02-01,Feb 2026,2026,-7,Home & Kitchen,Midwest,82605.51,53236.7,29368.81,86365.79,3760.25,305.0,304.0,3611.46,105,93,12,1,1,55
2026-02-01,Feb 2026,2026,-7,Home & Kitchen,Mountain West,61829.87,40586.37,21243.5,65235.3,3405.42,224.0,223.0,2610.44,90,82,8,1,1,46
2026-02-01,Feb 2026,2026,-7,Home & Kitchen,Northeast,63046.91,41038.87,22008.05,65658.5,2611.54,227.0,225.0,2393.17,79,73,6,2,2,29
2026-02-01,Feb 2026,2026,-7,Home & Kitchen,Pacific,79827.59,49771.25,30056.34,83564.89,3737.35,307.0,301.0,3184.48,104,92,12,4,1,44
2026-02-01,Feb 2026,2026,-7,Home & Kitchen,Southeast,142917.77,90580.61,52337.16,149801.01,6883.23,584.0,566.0,6027.98,183,165,18,11,5,80
2026-02-01,Feb 2026,2026,-7,Home & Kitchen,Texas & Gulf,145483.99,92012.84,53471.14,152647.85,7163.94,506.0,495.0,5701.52,177,165,12,9,3,77
2026-02-01,Feb 2026,2026,-7,Household Essentials,Mid-Atlantic,33589.68,24748.95,8840.73,35262.91,1673.34,464.0,460.0,4978.3,158,152,6,4,0,48
2026-02-01,Feb 2026,2026,-7,Household Essentials,Midwest,36195.55,27310.0,8885.55,37949.48,1753.84,502.0,492.0,5173.87,177,168,9,9,2,69
2026-02-01,Feb 2026,2026,-7,Household Essentials,Mountain West,25357.01,18882.43,6474.59,26590.15,1233.12,351.0,347.0,3772.27,152,138,14,1,0,57
2026-02-01,Feb 2026,2026,-7,Household Essentials,Northeast,23234.96,17733.2,5501.76,24384.58,1149.68,317.0,312.0,3551.85,94,89,5,2,0,32
2026-02-01,Feb 2026,2026,-7,Household Essentials,Pacific,33596.0,24721.7,8874.3,35230.4,1634.46,440.0,437.0,4764.0,143,130,13,2,1,49
2026-02-01,Feb 2026,2026,-7,Household Essentials,Southeast,74031.29,55443.43,18587.86,77436.37,3405.17,975.0,974.0,10817.61,312,280,32,1,0,94
2026-02-01,Feb 2026,2026,-7,Household Essentials,Texas & Gulf,71523.42,54359.87,17163.55,75090.93,3567.5,948.0,941.0,10557.94,263,248,15,5,2,85
2026-02-01,Feb 2026,2026,-7,Meat & Seafood,Mid-Atlantic,47777.22,38023.19,9754.03,49944.02,2166.77,526.0,504.0,5880.96,185,173,12,12,2,50
2026-02-01,Feb 2026,2026,-7,Meat & Seafood,Midwest,46299.09,36210.23,10088.86,48654.12,2355.09,516.0,493.0,5514.32,205,193,12,14,6,70
2026-02-01,Feb 2026,2026,-7,Meat & Seafood,Mountain West,47851.29,37058.0,10793.28,50176.55,2325.32,484.0,466.0,5465.93,198,185,13,13,7,54
2026-02-01,Feb 2026,2026,-7,Meat & Seafood,Northeast,39972.07,31371.61,8600.46,42079.34,2107.27,412.0,393.0,4771.92,131,119,12,11,2,35
2026-02-01,Feb 2026,2026,-7,Meat & Seafood,Pacific,53541.01,41807.22,11733.79,56084.32,2543.34,574.0,541.0,6344.16,202,190,12,19,8,53
2026-02-01,Feb 2026,2026,-7,Meat & Seafood,Southeast,109336.01,85449.95,23886.05,114553.47,5217.41,1100.0,1065.0,12667.51,397,364,33,21,9,103
2026-02-01,Feb 2026,2026,-7,Meat & Seafood,Texas & Gulf,110214.2,86859.25,23354.94,115678.06,5463.95,1186.0,1137.0,13204.59,379,348,31,31,13,89
2026-02-01,Feb 2026,2026,-7,Toys & Seasonal,Mid-Atlantic,13926.52,9512.74,4413.79,14622.97,696.46,82.0,76.0,796.25,43,41,2,6,4,32
2026-02-01,Feb 2026,2026,-7,Toys & Seasonal,Midwest,24288.65,16399.46,7889.19,25448.68,1160.04,142.0,132.0,1336.08,69,65,4,9,7,44
2026-02-01,Feb 2026,2026,-7,Toys & Seasonal,Mountain West,10946.58,7294.27,3652.31,11449.81,503.21,65.0,60.0,638.96,41,36,5,5,4,24
2026-02-01,Feb 2026,2026,-7,Toys & Seasonal,Northeast,8277.81,5419.04,2858.76,8616.83,339.02,55.0,47.0,444.78,25,24,1,4,1,15
2026-02-01,Feb 2026,2026,-7,Toys & Seasonal,Pacific,23255.44,15463.58,7791.86,24468.42,1213.01,131.0,124.0,1325.65,55,52,3,7,6,29
2026-02-01,Feb 2026,2026,-7,Toys & Seasonal,Southeast,43004.01,28846.54,14157.48,44919.88,1915.91,248.0,228.0,2273.57,114,106,8,14,9,56
2026-02-01,Feb 2026,2026,-7,Toys & Seasonal,Texas & Gulf,28678.34,19215.84,9462.5,30151.52,1473.2,178.0,160.0,1516.06,79,73,6,12,5,51
2026-03-01,Mar 2026,2026,-6,Apparel,Mid-Atlantic,58574.69,33846.77,24727.91,61132.6,2557.91,306.0,288.0,3077.74,90,88,2,11,4,42
2026-03-01,Mar 2026,2026,-6,Apparel,Midwest,63296.38,36836.44,26459.94,66455.35,3158.94,306.0,301.0,3458.27,95,86,9,2,1,52
2026-03-01,Mar 2026,2026,-6,Apparel,Mountain West,53535.05,30918.2,22616.84,56004.46,2469.46,257.0,250.0,2793.93,96,86,10,6,4,50
2026-03-01,Mar 2026,2026,-6,Apparel,Northeast,34497.62,20851.29,13646.34,36098.32,1600.65,188.0,181.0,1903.8,57,53,4,5,1,28
2026-03-01,Mar 2026,2026,-6,Apparel,Pacific,57371.02,32711.11,24659.91,60062.68,2691.62,265.0,254.0,3036.66,90,86,4,5,1,46
2026-03-01,Mar 2026,2026,-6,Apparel,Southeast,117188.97,67622.51,49566.47,122622.49,5433.44,608.0,585.0,6593.84,174,157,17,12,2,88
2026-03-01,Mar 2026,2026,-6,Apparel,Texas & Gulf,118084.42,67782.93,50301.49,123492.45,5407.95,608.0,597.0,6695.87,159,146,13,6,2,74
2026-03-01,Mar 2026,2026,-6,Dairy & Frozen,Mid-Atlantic,31372.01,24085.71,7286.3,32888.2,1516.14,763.0,742.0,7511.17,263,245,18,12,7,51
2026-03-01,Mar 2026,2026,-6,Dairy & Frozen,Midwest,33524.05,26504.95,7019.09,35102.04,1577.98,791.0,784.0,8219.21,263,244,19,6,4,75
2026-03-01,Mar 2026,2026,-6,Dairy & Frozen,Mountain West,25465.94,19702.11,5763.83,26741.73,1275.81,605.0,590.0,6210.37,238,219,19,13,3,61
2026-03-01,Mar 2026,2026,-6,Dairy & Frozen,Northeast,26145.48,20237.51,5907.97,27349.23,1203.74,580.0,570.0,5972.33,169,154,15,5,2,36
2026-03-01,Mar 2026,2026,-6,Dairy & Frozen,Pacific,30650.72,23651.31,6999.41,32088.45,1437.66,680.0,673.0,7400.92,234,218,16,5,2,51
2026-03-01,Mar 2026,2026,-6,Dairy & Frozen,Southeast,72648.26,56354.06,16294.2,76059.22,3410.83,1673.0,1650.0,17516.62,513,483,30,14,6,105
2026-03-01,Mar 2026,2026,-6,Dairy & Frozen,Texas & Gulf,54301.69,41970.66,12331.03,56807.62,2506.05,1193.0,1174.0,13351.34,388,348,40,11,4,100
2026-03-01,Mar 2026,2026,-6,Electronics,Mid-Atlantic,124128.45,115079.85,9048.59,129396.89,5268.44,128.0,121.0,1332.04,47,42,5,4,1,29
2026-03-01,Mar 2026,2026,-6,Electronics,Midwest,135157.71,129013.66,6144.04,141520.52,6362.82,145.0,131.0,1406.1,54,46,8,8,6,42
2026-03-01,Mar 2026,2026,-6,Electronics,Mountain West,130047.78,121282.92,8764.86,135288.99,5241.22,124.0,117.0,1301.52,58,50,8,5,2,33
2026-03-01,Mar 2026,2026,-6,Electronics,Northeast,75630.95,70073.37,5557.58,79623.8,3992.82,74.0,70.0,816.82,29,29,0,2,0,20
2026-03-01,Mar 2026,2026,-6,Electronics,Pacific,126829.76,121870.74,4959.02,132458.41,5628.68,123.0,112.0,1314.1,52,46,6,9,5,39
2026-03-01,Mar 2026,2026,-6,Electronics,Southeast,370569.13,354843.49,15725.64,389321.94,18752.81,356.0,336.0,3915.93,106,98,8,12,5,67
2026-03-01,Mar 2026,2026,-6,Electronics,Texas & Gulf,221824.93,215076.42,6748.52,232140.87,10315.88,239.0,225.0,2387.26,86,82,4,7,2,55
2026-03-01,Mar 2026,2026,-6,Fresh & Produce,Mid-Atlantic,32324.34,23374.47,8949.87,33874.45,1549.99,1053.0,1002.0,10526.12,339,311,28,30,10,52
2026-03-01,Mar 2026,2026,-6,Fresh & Produce,Midwest,25719.2,18548.07,7171.13,26901.77,1182.52,911.0,850.0,8891.48,348,326,22,41,22,80
2026-03-01,Mar 2026,2026,-6,Fresh & Produce,Mountain West,24731.42,17927.03,6804.39,25891.51,1159.98,836.0,778.0,8321.73,324,302,22,36,19,62
2026-03-01,Mar 2026,2026,-6,Fresh & Produce,Northeast,16484.39,12042.41,4441.98,17260.51,776.14,551.0,530.0,5526.07,171,164,7,10,3,36
2026-03-01,Mar 2026,2026,-6,Fresh & Produce,Pacific,28963.66,20984.16,7979.5,30349.53,1385.85,964.0,898.0,9779.11,336,317,19,45,19,56
2026-03-01,Mar 2026,2026,-6,Fresh & Produce,Southeast,57623.16,41906.12,15717.04,60217.91,2594.83,2017.0,1878.0,19259.49,634,588,46,70,27,105
2026-03-01,Mar 2026,2026,-6,Fresh & Produce,Texas & Gulf,48658.22,35477.78,13180.43,51004.01,2345.78,1754.0,1629.0,16761.6,551,506,45,69,32,102
2026-03-01,Mar 2026,2026,-6,Grocery,Mid-Atlantic,91174.05,72917.18,18256.87,95418.37,4244.31,1937.0,1918.0,22111.29,587,555,32,13,2,53
2026-03-01,Mar 2026,2026,-6,Grocery,Midwest,98659.31,78974.51,19684.81,103275.27,4615.88,2107.0,2093.0,23383.25,656,605,51,12,7,85
2026-03-01,Mar 2026,2026,-6,Grocery,Mountain West,82396.76,65617.06,16779.69,86213.14,3816.3,1704.0,1694.0,19716.32,617,557,60,9,5,67
2026-03-01,Mar 2026,2026,-6,Grocery,Northeast,55007.93,44369.57,10638.36,57719.34,2711.33,1197.0,1188.0,13555.12,317,291,26,8,3,37
2026-03-01,Mar 2026,2026,-6,Grocery,Pacific,88818.0,69148.41,19669.6,92966.17,4148.16,1862.0,1850.0,20738.57,593,554,39,8,2,56
2026-03-01,Mar 2026,2026,-6,Grocery,Southeast,182013.44,145210.18,36803.26,190539.64,8526.23,3957.0,3918.0,44050.16,1190,1102,88,19,5,111
2026-03-01,Mar 2026,2026,-6,Grocery,Texas & Gulf,149287.02,119066.76,30220.26,156378.57,7091.56,3140.0,3115.0,35579.5,934,858,76,21,10,104
2026-03-01,Mar 2026,2026,-6,Health & Wellness,Mid-Atlantic,80774.98,56620.17,24154.81,84752.73,3977.8,640.0,627.0,6776.62,212,195,17,7,2,53
2026-03-01,Mar 2026,2026,-6,Health & Wellness,Midwest,83433.65,58812.87,24620.78,87492.17,4058.54,671.0,662.0,6928.89,221,207,14,6,2,75
2026-03-01,Mar 2026,2026,-6,Health & Wellness,Mountain West,68526.93,48599.43,19927.5,71925.82,3398.92,567.0,560.0,5735.89,213,197,16,7,3,59
2026-03-01,Mar 2026,2026,-6,Health & Wellness,Northeast,54983.02,38408.99,16574.03,57712.73,2729.68,401.0,397.0,4548.83,119,109,10,4,1,33
2026-03-01,Mar 2026,2026,-6,Health & Wellness,Pacific,78934.35,54060.45,24873.9,82679.7,3745.37,600.0,593.0,6301.11,199,182,17,5,1,52
2026-03-01,Mar 2026,2026,-6,Health & Wellness,Southeast,188624.22,132468.87,56155.35,197506.52,8882.41,1432.0,1415.0,15409.87,431,402,29,12,5,103
2026-03-01,Mar 2026,2026,-6,Health & Wellness,Texas & Gulf,129463.71,91401.0,38062.71,135850.38,6386.74,1010.0,1001.0,10764.77,291,260,31,7,3,91
2026-03-01,Mar 2026,2026,-6,Home & Kitchen,Mid-Atlantic,71504.09,44502.64,27001.45,74980.75,3476.67,266.0,260.0,2785.86,90,85,5,5,0,39
2026-03-01,Mar 2026,2026,-6,Home & Kitchen,Midwest,76982.73,48635.36,28347.36,80768.61,3785.89,281.0,266.0,3207.15,117,111,6,11,5,62
2026-03-01,Mar 2026,2026,-6,Home & Kitchen,Mountain West,87811.28,56441.72,31369.56,92082.67,4271.41,353.0,344.0,3668.1,110,106,4,9,3,50
2026-03-01,Mar 2026,2026,-6,Home & Kitchen,Northeast,48598.67,30677.05,17921.62,50921.77,2323.05,186.0,179.0,2191.75,57,56,1,4,1,28
2026-03-01,Mar 2026,2026,-6,Home & Kitchen,Pacific,74109.64,46968.32,27141.32,77687.46,3577.82,278.0,277.0,2977.36,92,86,6,1,0,41
2026-03-01,Mar 2026,2026,-6,Home & Kitchen,Southeast,182674.34,116006.96,66667.38,191910.11,9235.9,722.0,697.0,7559.44,218,204,14,12,2,83
2026-03-01,Mar 2026,2026,-6,Home & Kitchen,Texas & Gulf,152547.86,95334.66,57213.2,159636.69,7088.92,561.0,551.0,6297.92,187,168,19,9,7,78
2026-03-01,Mar 2026,2026,-6,Household Essentials,Mid-Atlantic,42155.86,32111.24,10044.62,44162.34,2006.54,559.0,558.0,6146.17,169,159,10,1,0,47
2026-03-01,Mar 2026,2026,-6,Household Essentials,Midwest,45766.54,34731.89,11034.64,48016.06,2249.5,648.0,636.0,6762.69,193,185,8,10,8,72
2026-03-01,Mar 2026,2026,-6,Household Essentials,Mountain West,34027.18,25308.3,8718.88,35682.69,1655.53,441.0,438.0,5024.89,173,151,22,3,2,61
2026-03-01,Mar 2026,2026,-6,Household Essentials,Northeast,24566.8,18697.55,5869.25,25657.39,1090.57,332.0,331.0,3584.95,100,90,10,1,0,33
2026-03-01,Mar 2026,2026,-6,Household Essentials,Pacific,35027.38,25427.45,9599.93,36795.52,1768.1,457.0,455.0,4853.72,153,137,16,2,1,48
2026-03-01,Mar 2026,2026,-6,Household Essentials,Southeast,78400.93,59029.67,19371.26,82297.86,3896.97,1073.0,1067.0,11533.28,331,309,22,6,4,96
2026-03-01,Mar 2026,2026,-6,Household Essentials,Texas & Gulf,66840.35,50169.82,16670.53,69848.94,3008.53,919.0,908.0,9650.39,285,255,30,6,0,91
2026-03-01,Mar 2026,2026,-6,Meat & Seafood,Mid-Atlantic,65350.62,50761.03,14589.59,68616.34,3265.58,680.0,656.0,7595.7,228,213,15,17,6,53
2026-03-01,Mar 2026,2026,-6,Meat & Seafood,Midwest,71141.26,56463.42,14677.83,74637.19,3495.99,694.0,678.0,8346.07,236,217,19,12,4,69
2026-03-01,Mar 2026,2026,-6,Meat & Seafood,Mountain West,47747.69,37525.04,10222.65,49970.41,2222.73,512.0,497.0,5541.45,218,202,16,14,9,58
2026-03-01,Mar 2026,2026,-6,Meat & Seafood,Northeast,35994.12,28042.98,7951.14,37898.22,1904.06,358.0,337.0,3996.66,132,124,8,13,3,35
2026-03-01,Mar 2026,2026,-6,Meat & Seafood,Pacific,55520.85,43084.03,12436.82,57867.42,2346.59,590.0,572.0,6453.22,217,193,24,15,7,53
2026-03-01,Mar 2026,2026,-6,Meat & Seafood,Southeast,119402.04,94085.9,25316.14,124943.45,5541.56,1309.0,1258.0,14545.61,420,380,40,31,14,94
2026-03-01,Mar 2026,2026,-6,Meat & Seafood,Texas & Gulf,100424.58,80487.84,19936.74,105332.13,4907.54,1074.0,1059.0,12325.04,337,312,25,12,5,91
2026-03-01,Mar 2026,2026,-6,Toys & Seasonal,Mid-Atlantic,25922.99,17514.3,8408.7,27229.59,1306.59,148.0,136.0,1404.78,62,56,6,10,6,31
2026-03-01,Mar 2026,2026,-6,Toys & Seasonal,Midwest,17191.65,11564.57,5627.07,18030.35,838.69,103.0,93.0,901.43,47,41,6,8,6,37
2026-03-01,Mar 2026,2026,-6,Toys & Seasonal,Mountain West,13564.81,9112.07,4452.74,14211.26,646.41,74.0,66.0,718.99,47,42,5,8,4,34
2026-03-01,Mar 2026,2026,-6,Toys & Seasonal,Northeast,10218.16,6988.56,3229.59,10675.9,457.72,59.0,54.0,563.64,21,19,2,2,0,13
2026-03-01,Mar 2026,2026,-6,Toys & Seasonal,Pacific,13479.23,9224.25,4254.98,14144.98,665.77,88.0,82.0,734.49,38,31,7,6,5,29
2026-03-01,Mar 2026,2026,-6,Toys & Seasonal,Southeast,42286.16,28578.37,13707.78,44182.67,1896.49,240.0,217.0,2305.74,98,88,10,14,10,62
2026-03-01,Mar 2026,2026,-6,Toys & Seasonal,Texas & Gulf,52785.13,35841.32,16943.81,55412.91,2627.73,273.0,259.0,2883.07,97,88,9,11,4,57
2026-04-01,Apr 2026,2026,-5,Apparel,Mid-Atlantic,57464.74,32974.83,24489.91,59870.15,2405.37,298.0,293.0,3169.68,74,68,6,2,0,38
2026-04-01,Apr 2026,2026,-5,Apparel,Midwest,70588.14,40567.29,30020.85,74124.34,3536.2,345.0,339.0,3930.54,96,89,7,6,3,56
2026-04-01,Apr 2026,2026,-5,Apparel,Mountain West,56430.86,32372.36,24058.5,59095.67,2664.79,267.0,255.0,2998.66,98,88,10,9,4,47
2026-04-01,Apr 2026,2026,-5,Apparel,Northeast,63448.2,37528.71,25919.48,66416.1,2967.89,307.0,300.0,3487.88,74,68,6,5,0,31
2026-04-01,Apr 2026,2026,-5,Apparel,Pacific,54988.43,31287.5,23700.93,57419.79,2431.36,271.0,266.0,3010.41,90,84,6,4,1,42
2026-04-01,Apr 2026,2026,-5,Apparel,Southeast,140104.2,80160.22,59943.98,146437.56,6333.33,696.0,669.0,7592.09,192,175,17,12,2,84
2026-04-01,Apr 2026,2026,-5,Apparel,Texas & Gulf,122993.45,71491.67,51501.79,128933.48,5940.02,629.0,596.0,6723.95,182,171,11,12,3,86
2026-04-01,Apr 2026,2026,-5,Dairy & Frozen,Mid-Atlantic,32823.93,25263.5,7560.43,34353.52,1529.58,760.0,740.0,7831.6,205,191,14,11,0,48
2026-04-01,Apr 2026,2026,-5,Dairy & Frozen,Midwest,38780.62,30257.82,8522.8,40589.66,1809.12,915.0,906.0,9399.79,288,264,24,6,2,73
2026-04-01,Apr 2026,2026,-5,Dairy & Frozen,Mountain West,28689.68,22234.98,6454.71,30011.95,1322.27,605.0,594.0,6723.35,233,211,22,9,5,60
2026-04-01,Apr 2026,2026,-5,Dairy & Frozen,Northeast,28489.05,22192.17,6296.88,29948.77,1459.77,655.0,648.0,7022.97,199,179,20,6,1,37
2026-04-01,Apr 2026,2026,-5,Dairy & Frozen,Pacific,30903.86,23619.66,7284.2,32406.28,1502.39,665.0,660.0,7509.37,229,211,18,4,4,51
2026-04-01,Apr 2026,2026,-5,Dairy & Frozen,Southeast,66554.39,51495.72,15058.67,69849.4,3294.89,1583.0,1544.0,16435.13,505,462,43,29,10,105
2026-04-01,Apr 2026,2026,-5,Dairy & Frozen,Texas & Gulf,72361.98,55804.2,16557.77,75953.34,3591.21,1650.0,1618.0,17520.81,499,460,39,23,5,102
2026-04-01,Apr 2026,2026,-5,Electronics,Mid-Atlantic,66780.52,63825.56,2954.96,69821.82,3041.26,73.0,73.0,697.95,33,29,4,0,0,25
2026-04-01,Apr 2026,2026,-5,Electronics,Midwest,141999.4,138319.08,3680.32,148719.14,6719.72,148.0,141.0,1511.2,56,53,3,4,3,38
2026-04-01,Apr 2026,2026,-5,Electronics,Mountain West,111365.18,108002.06,3363.12,117989.67,6624.48,117.0,107.0,1136.19,48,47,1,8,7,35
2026-04-01,Apr 2026,2026,-5,Electronics,Northeast,153125.89,151074.03,2051.87,159761.98,6636.08,143.0,142.0,1618.85,43,38,5,1,1,21
2026-04-01,Apr 2026,2026,-5,Electronics,Pacific,128403.97,125202.83,3201.15,135205.78,6801.81,142.0,129.0,1300.71,54,49,5,7,4,35
2026-04-01,Apr 2026,2026,-5,Electronics,Southeast,314594.62,299074.19,15520.43,329121.35,14526.67,349.0,314.0,3240.52,104,92,12,16,6,58
2026-04-01,Apr 2026,2026,-5,Electronics,Texas & Gulf,357258.58,342488.15,14770.43,374370.7,17112.09,359.0,342.0,3759.34,103,96,7,9,5,57
2026-04-01,Apr 2026,2026,-5,Fresh & Produce,Mid-Atlantic,22740.44,16419.39,6321.05,23836.83,1096.42,809.0,749.0,7796.55,278,264,14,41,19,49
2026-04-01,Apr 2026,2026,-5,Fresh & Produce,Midwest,29417.64,21500.09,7917.55,30862.07,1444.61,1075.0,997.0,9854.09,337,313,24,40,18,76
2026-04-01,Apr 2026,2026,-5,Fresh & Produce,Mountain West,25835.63,18925.55,6910.08,27050.86,1215.11,924.0,869.0,8696.04,333,308,25,36,16,66
2026-04-01,Apr 2026,2026,-5,Fresh & Produce,Northeast,23077.64,16621.7,6455.94,24186.61,1108.99,761.0,712.0,7723.33,231,215,16,28,14,37
2026-04-01,Apr 2026,2026,-5,Fresh & Produce,Pacific,22523.98,15966.19,6557.78,23589.02,1064.94,737.0,692.0,7585.3,272,250,22,28,16,52
2026-04-01,Apr 2026,2026,-5,Fresh & Produce,Southeast,64892.47,47813.86,17078.62,67963.97,3071.4,2099.0,2010.0,21533.71,656,598,58,60,28,107
2026-04-01,Apr 2026,2026,-5,Fresh & Produce,Texas & Gulf,65137.94,47503.99,17633.95,68297.99,3160.01,2307.0,2191.0,22466.13,663,616,47,63,20,104
2026-04-01,Apr 2026,2026,-5,Grocery,Mid-Atlantic,88168.92,70357.47,17811.45,92287.5,4118.52,1862.0,1851.0,21196.77,529,483,46,9,3,52
2026-04-01,Apr 2026,2026,-5,Grocery,Midwest,102856.55,82281.86,20574.69,107615.32,4758.87,2158.0,2144.0,24828.9,674,606,68,12,5,82
2026-04-01,Apr 2026,2026,-5,Grocery,Mountain West,76426.29,60616.51,15809.78,80184.75,3758.51,1655.0,1637.0,18316.09,624,571,53,14,6,67
2026-04-01,Apr 2026,2026,-5,Grocery,Northeast,68992.51,54663.83,14328.69,72184.32,3191.84,1468.0,1461.0,16678.75,459,426,33,6,1,37
2026-04-01,Apr 2026,2026,-5,Grocery,Pacific,81480.56,62550.91,18929.64,85392.85,3912.32,1618.0,1611.0,18527.87,529,480,49,6,4,55
2026-04-01,Apr 2026,2026,-5,Grocery,Southeast,182238.71,143882.29,38356.42,190760.9,8522.01,3835.0,3817.0,43846.98,1207,1111,96,15,7,113
2026-04-01,Apr 2026,2026,-5,Grocery,Texas & Gulf,168695.16,133456.95,35238.21,176380.3,7685.38,3482.0,3459.0,39948.04,1036,953,83,17,6,108
2026-04-01,Apr 2026,2026,-5,Health & Wellness,Mid-Atlantic,64653.8,45148.07,19505.73,67528.09,2874.37,498.0,490.0,5617.67,165,151,14,7,2,44
2026-04-01,Apr 2026,2026,-5,Health & Wellness,Midwest,102989.75,71779.42,31210.32,107915.3,4925.47,804.0,798.0,8673.66,241,223,18,5,0,71
2026-04-01,Apr 2026,2026,-5,Health & Wellness,Mountain West,60473.85,42085.13,18388.72,63223.3,2749.41,445.0,437.0,4939.34,181,169,12,6,3,60
2026-04-01,Apr 2026,2026,-5,Health & Wellness,Northeast,61671.04,43487.18,18183.86,64464.08,2792.99,501.0,497.0,5448.62,154,143,11,4,1,36
2026-04-01,Apr 2026,2026,-5,Health & Wellness,Pacific,69058.86,47305.3,21753.56,72379.04,3320.21,501.0,493.0,5454.16,158,148,10,3,1,45
2026-04-01,Apr 2026,2026,-5,Health & Wellness,Southeast,144608.01,101525.14,43082.87,151740.08,7132.22,1105.0,1098.0,12141.03,343,320,23,6,4,101
2026-04-01,Apr 2026,2026,-5,Health & Wellness,Texas & Gulf,160207.37,113712.47,46494.9,167699.99,7492.56,1223.0,1213.0,13373.76,354,325,29,7,1,97
2026-04-01,Apr 2026,2026,-5,Home & Kitchen,Mid-Atlantic,72530.33,45380.26,27150.07,75924.29,3393.91,279.0,268.0,2880.37,83,76,7,6,2,37
2026-04-01,Apr 2026,2026,-5,Home & Kitchen,Midwest,126168.75,79856.3,46312.45,132597.31,6428.58,416.0,411.0,5124.17,134,127,7,4,0,59
2026-04-01,Apr 2026,2026,-5,Home & Kitchen,Mountain West,54485.22,34096.15,20389.07,57240.34,2755.06,192.0,189.0,2098.97,99,81,18,3,3,53
2026-04-01,Apr 2026,2026,-5,Home & Kitchen,Northeast,67887.89,43304.84,24583.05,71158.52,3270.64,271.0,262.0,2910.64,80,75,5,7,3,27
2026-04-01,Apr 2026,2026,-5,Home & Kitchen,Pacific,78596.36,49789.18,28807.18,82549.55,3953.21,295.0,289.0,2949.36,93,83,10,4,1,40
2026-04-01,Apr 2026,2026,-5,Home & Kitchen,Southeast,165357.23,105199.68,60157.55,173725.97,8368.7,656.0,639.0,6844.4,199,184,15,10,1,88
2026-04-01,Apr 2026,2026,-5,Home & Kitchen,Texas & Gulf,194565.45,125159.07,69406.38,204262.17,9696.75,702.0,694.0,7745.95,190,174,16,4,1,78
2026-04-01,Apr 2026,2026,-5,Household Essentials,Mid-Atlantic,32476.78,24383.21,8093.58,34070.46,1593.65,449.0,448.0,4694.54,138,129,9,1,1,44
2026-04-01,Apr 2026,2026,-5,Household Essentials,Midwest,52564.25,38807.73,13756.52,55169.65,2605.35,701.0,693.0,7700.8,211,195,16,4,0,73
2026-04-01,Apr 2026,2026,-5,Household Essentials,Mountain West,30805.52,23370.3,7435.22,32208.45,1402.92,446.0,439.0,4473.74,162,152,10,6,4,58
2026-04-01,Apr 2026,2026,-5,Household Essentials,Northeast,29483.46,21915.22,7568.25,30784.48,1301.01,401.0,399.0,4378.36,105,92,13,2,1,32
2026-04-01,Apr 2026,2026,-5,Household Essentials,Pacific,38392.68,28122.7,10269.98,40268.9,1876.13,523.0,522.0,5616.37,174,159,15,1,1,53
2026-04-01,Apr 2026,2026,-5,Household Essentials,Southeast,89826.69,67457.98,22368.71,94144.78,4318.11,1207.0,1198.0,13237.69,355,334,21,9,3,98
2026-04-01,Apr 2026,2026,-5,Household Essentials,Texas & Gulf,79474.4,59401.02,20073.38,83223.31,3748.9,1087.0,1082.0,11548.41,332,307,25,5,1,102
2026-04-01,Apr 2026,2026,-5,Meat & Seafood,Mid-Atlantic,55408.34,43352.35,12055.98,58161.06,2752.66,578.0,561.0,6778.84,166,152,14,10,3,48
2026-04-01,Apr 2026,2026,-5,Meat & Seafood,Midwest,67615.09,52477.13,15137.96,71060.61,3445.47,716.0,675.0,7814.16,237,219,18,25,8,70
2026-04-01,Apr 2026,2026,-5,Meat & Seafood,Mountain West,47391.68,38593.47,8798.21,49824.23,2432.74,492.0,474.0,5588.48,186,171,15,12,3,59
2026-04-01,Apr 2026,2026,-5,Meat & Seafood,Northeast,47648.59,37122.59,10526.0,50032.56,2383.93,501.0,483.0,5585.8,146,134,12,13,7,37
2026-04-01,Apr 2026,2026,-5,Meat & Seafood,Pacific,55553.82,42476.59,13077.23,58448.35,2894.6,582.0,568.0,6702.79,183,167,16,9,3,52
2026-04-01,Apr 2026,2026,-5,Meat & Seafood,Southeast,126024.82,98972.6,27052.22,131946.63,5921.69,1276.0,1212.0,14443.45,410,372,38,41,13,102
2026-04-01,Apr 2026,2026,-5,Meat & Seafood,Texas & Gulf,120842.01,93236.82,27605.18,126884.49,6042.49,1281.0,1225.0,14065.68,374,343,31,37,19,97
2026-04-01,Apr 2026,2026,-5,Toys & Seasonal,Mid-Atlantic,26226.16,17274.51,8951.64,27385.9,1159.77,169.0,145.0,1348.71,61,59,2,10,5,29
2026-04-01,Apr 2026,2026,-5,Toys & Seasonal,Midwest,29932.77,20485.95,9446.82,31299.09,1366.32,180.0,175.0,1666.69,51,44,7,4,4,39
2026-04-01,Apr 2026,2026,-5,Toys & Seasonal,Mountain West,28728.37,19132.18,9596.19,30152.81,1424.44,155.0,134.0,1469.59,57,49,8,13,7,37
2026-04-01,Apr 2026,2026,-5,Toys & Seasonal,Northeast,20635.34,14145.79,6489.56,21480.9,845.55,109.0,99.0,1164.81,42,40,2,8,5,26
2026-04-01,Apr 2026,2026,-5,Toys & Seasonal,Pacific,27763.58,18635.81,9127.77,29089.0,1325.38,153.0,139.0,1450.31,57,56,1,7,2,36
2026-04-01,Apr 2026,2026,-5,Toys & Seasonal,Southeast,43024.51,29968.9,13055.61,44967.69,1943.19,237.0,209.0,2298.51,99,91,8,16,8,56
2026-04-01,Apr 2026,2026,-5,Toys & Seasonal,Texas & Gulf,63299.63,42330.79,20968.84,66320.59,3020.96,367.0,351.0,3353.18,110,100,10,11,5,61
2026-05-01,May 2026,2026,-4,Apparel,Mid-Atlantic,51900.26,30791.2,21109.06,54446.1,2545.81,261.0,247.0,2865.4,76,69,7,7,1,37
2026-05-01,May 2026,2026,-4,Apparel,Midwest,63244.15,37165.87,26078.28,66156.58,2912.49,313.0,306.0,3452.41,101,91,10,6,5,52
2026-05-01,May 2026,2026,-4,Apparel,Mountain West,51387.59,30659.68,20727.91,53983.94,2596.33,270.0,260.0,2872.48,103,96,7,9,6,51
2026-05-01,May 2026,2026,-4,Apparel,Northeast,33607.65,19534.67,14072.99,35154.9,1547.24,165.0,162.0,1839.12,56,53,3,3,1,29
2026-05-01,May 2026,2026,-4,Apparel,Pacific,58614.59,33577.19,25037.4,61175.78,2561.23,277.0,273.0,3047.94,77,74,3,3,1,36
2026-05-01,May 2026,2026,-4,Apparel,Southeast,143034.56,82136.42,60898.14,149743.45,6708.89,690.0,671.0,7856.78,184,164,20,10,5,83
2026-05-01,May 2026,2026,-4,Apparel,Texas & Gulf,148524.4,85388.24,63136.16,155704.49,7180.09,734.0,712.0,7999.55,178,169,9,14,4,83
2026-05-01,May 2026,2026,-4,Dairy & Frozen,Mid-Atlantic,29384.37,22456.41,6927.96,30818.07,1433.69,709.0,692.0,7219.97,217,206,11,11,2,49
2026-05-01,May 2026,2026,-4,Dairy & Frozen,Midwest,49073.42,38608.39,10465.04,51428.21,2354.77,1123.0,1106.0,12166.45,293,277,16,11,3,79
2026-05-01,May 2026,2026,-4,Dairy & Frozen,Mountain West,30334.27,23453.11,6881.16,31725.04,1390.68,704.0,696.0,7575.65,255,241,14,6,4,63
2026-05-01,May 2026,2026,-4,Dairy & Frozen,Northeast,26206.22,20258.97,5947.25,27397.65,1191.41,617.0,613.0,6453.42,203,190,13,4,3,39
2026-05-01,May 2026,2026,-4,Dairy & Frozen,Pacific,31719.19,24166.1,7553.09,33188.92,1469.78,754.0,740.0,7498.88,235,217,18,10,4,57
2026-05-01,May 2026,2026,-4,Dairy & Frozen,Southeast,74382.89,57648.17,16734.72,77858.46,3475.52,1705.0,1677.0,18500.64,494,458,36,18,7,108
2026-05-01,May 2026,2026,-4,Dairy & Frozen,Texas & Gulf,75972.04,58946.11,17025.92,79704.78,3732.75,1726.0,1704.0,18887.6,494,459,35,19,9,105
2026-05-01,May 2026,2026,-4,Electronics,Mid-Atlantic,78527.64,75383.97,3143.67,81792.02,3264.38,83.0,73.0,754.17,36,32,4,8,8,26
2026-05-01,May 2026,2026,-4,Electronics,Midwest,136944.4,132010.38,4934.02,143782.54,6838.14,140.0,136.0,1451.85,59,57,2,3,0,38
2026-05-01,May 2026,2026,-4,Electronics,Mountain West,135147.49,124992.8,10154.7,142128.18,6980.68,137.0,121.0,1385.12,47,45,2,4,3,35
2026-05-01,May 2026,2026,-4,Electronics,Northeast,105656.96,101530.81,4126.15,110211.83,4554.88,110.0,100.0,1042.9,38,36,2,4,2,26
2026-05-01,May 2026,2026,-4,Electronics,Pacific,101611.42,97124.58,4486.84,106281.68,4670.23,108.0,102.0,1014.98,39,33,6,4,3,23
2026-05-01,May 2026,2026,-4,Electronics,Southeast,296890.49,281524.32,15366.17,309266.98,12376.47,299.0,280.0,3116.14,96,88,8,9,6,53
2026-05-01,May 2026,2026,-4,Electronics,Texas & Gulf,231989.85,219452.75,12537.1,242046.01,10056.16,230.0,220.0,2345.22,75,69,6,8,4,44
2026-05-01,May 2026,2026,-4,Fresh & Produce,Mid-Atlantic,25975.87,18942.6,7033.27,27151.84,1175.85,936.0,866.0,9026.19,294,273,21,39,13,51
2026-05-01,May 2026,2026,-4,Fresh & Produce,Midwest,35103.87,25610.64,9493.22,36771.79,1667.92,1223.0,1157.0,11953.17,365,332,33,40,9,76
2026-05-01,May 2026,2026,-4,Fresh & Produce,Mountain West,30229.67,21816.96,8412.71,31765.68,1536.13,1101.0,1010.0,10255.73,365,331,34,43,17,64
2026-05-01,May 2026,2026,-4,Fresh & Produce,Northeast,24038.46,17349.89,6688.57,25248.2,1209.77,816.0,763.0,8215.18,240,221,19,27,9,37
2026-05-01,May 2026,2026,-4,Fresh & Produce,Pacific,32891.12,23363.8,9527.32,34396.78,1505.77,1058.0,1007.0,10866.72,321,294,27,29,6,55
2026-05-01,May 2026,2026,-4,Fresh & Produce,Southeast,66117.88,48018.58,18099.3,69298.69,3180.81,2302.0,2163.0,22152.38,597,551,46,73,26,107
2026-05-01,May 2026,2026,-4,Fresh & Produce,Texas & Gulf,66641.84,48292.33,18349.51,69782.07,3140.24,2271.0,2129.0,22440.73,616,571,45,84,26,107
2026-05-01,May 2026,2026,-4,Grocery,Mid-Atlantic,74705.72,58199.29,16506.43,78144.12,3438.31,1542.0,1532.0,17458.6,503,474,29,10,2,54
2026-05-01,May 2026,2026,-4,Grocery,Midwest,99802.92,79340.74,20462.18,104678.21,4875.36,2083.0,2067.0,23837.02,629,580,49,12,3,82
2026-05-01,May 2026,2026,-4,Grocery,Mountain West,78416.56,62111.12,16305.43,82060.92,3644.44,1717.0,1711.0,19516.28,590,542,48,6,2,66
2026-05-01,May 2026,2026,-4,Grocery,Northeast,60945.69,48054.88,12890.8,63791.76,2846.1,1260.0,1252.0,14379.57,395,363,32,8,4,39
2026-05-01,May 2026,2026,-4,Grocery,Pacific,82102.69,63503.2,18599.49,86100.48,3997.7,1665.0,1649.0,18860.23,572,519,53,11,0,58
2026-05-01,May 2026,2026,-4,Grocery,Southeast,172248.19,137195.68,35052.5,180375.51,8127.2,3605.0,3573.0,41019.4,1098,1012,86,22,8,113
2026-05-01,May 2026,2026,-4,Grocery,Texas & Gulf,175742.17,139231.17,36511.01,183994.92,8252.55,3664.0,3646.0,41749.7,1106,1011,95,15,4,107
2026-05-01,May 2026,2026,-4,Health & Wellness,Mid-Atlantic,60476.37,41567.98,18908.39,63270.33,2793.9,443.0,434.0,4753.43,154,138,16,4,2,49
2026-05-01,May 2026,2026,-4,Health & Wellness,Midwest,83052.23,57758.22,25294.01,87019.98,3967.72,654.0,647.0,6882.66,204,193,11,5,1,63
2026-05-01,May 2026,2026,-4,Health & Wellness,Mountain West,69504.74,48214.24,21290.51,72845.51,3340.76,571.0,567.0,5875.46,213,191,22,4,3,60
2026-05-01,May 2026,2026,-4,Health & Wellness,Northeast,45567.19,31982.75,13584.44,47742.14,2174.93,370.0,369.0,3844.78,122,111,11,1,0,33
2026-05-01,May 2026,2026,-4,Health & Wellness,Pacific,69480.74,47547.41,21933.33,72855.57,3374.88,509.0,501.0,5389.11,176,156,20,5,1,51
2026-05-01,May 2026,2026,-4,Health & Wellness,Southeast,135797.72,94871.28,40926.44,142513.12,6715.49,1014.0,993.0,11061.88,332,314,18,11,4,102
2026-05-01,May 2026,2026,-4,Health & Wellness,Texas & Gulf,153675.24,107210.37,46464.88,161088.07,7412.79,1205.0,1195.0,12827.06,379,352,27,8,1,97
2026-05-01,May 2026,2026,-4,Home & Kitchen,Mid-Atlantic,78289.43,49886.47,28402.96,82418.25,4128.82,308.0,298.0,3211.95,100,93,7,5,1,45
2026-05-01,May 2026,2026,-4,Home & Kitchen,Midwest,78340.19,50692.64,27647.54,81895.53,3555.36,304.0,301.0,3260.06,96,89,7,3,0,55
2026-05-01,May 2026,2026,-4,Home & Kitchen,Mountain West,82951.95,52680.17,30271.78,86965.86,4013.95,309.0,305.0,3396.82,108,98,10,3,0,53
2026-05-01,May 2026,2026,-4,Home & Kitchen,Northeast,41773.11,26536.68,15236.43,43658.55,1885.46,194.0,193.0,1710.04,67,63,4,1,0,24
2026-05-01,May 2026,2026,-4,Home & Kitchen,Pacific,83574.06,52107.6,31466.46,87674.41,4100.3,289.0,277.0,3295.3,100,95,5,8,4,42
2026-05-01,May 2026,2026,-4,Home & Kitchen,Southeast,184504.78,118233.85,66270.92,193461.56,8956.82,682.0,674.0,7587.77,181,165,16,6,4,83
2026-05-01,May 2026,2026,-4,Home & Kitchen,Texas & Gulf,164824.62,103709.25,61115.37,172511.18,7686.65,670.0,664.0,7002.15,201,187,14,5,1,87
2026-05-01,May 2026,2026,-4,Household Essentials,Mid-Atlantic,35769.08,26121.34,9647.74,37476.27,1707.23,476.0,471.0,5109.51,154,147,7,3,1,47
2026-05-01,May 2026,2026,-4,Household Essentials,Midwest,44834.24,34200.16,10634.07,46926.47,2092.33,619.0,614.0,6589.7,176,161,15,3,0,66
2026-05-01,May 2026,2026,-4,Household Essentials,Mountain West,35730.26,27469.87,8260.39,37408.67,1678.45,487.0,479.0,5429.73,165,148,17,6,2,60
2026-05-01,May 2026,2026,-4,Household Essentials,Northeast,21619.35,15816.53,5802.83,22628.88,1009.53,254.0,249.0,2824.76,94,91,3,3,2,35
2026-05-01,May 2026,2026,-4,Household Essentials,Pacific,32997.31,24656.91,8340.4,34450.48,1453.15,473.0,469.0,4678.56,148,137,11,3,1,46
2026-05-01,May 2026,2026,-4,Household Essentials,Southeast,79412.13,59731.73,19680.4,83223.01,3810.95,1120.0,1111.0,11577.68,320,290,30,6,0,96
2026-05-01,May 2026,2026,-4,Household Essentials,Texas & Gulf,81823.61,60871.92,20951.68,85662.23,3838.59,1097.0,1089.0,11639.48,324,298,26,7,3,100
2026-05-01,May 2026,2026,-4,Meat & Seafood,Mid-Atlantic,54716.62,42302.64,12413.98,57174.84,2458.21,537.0,521.0,6328.32,153,146,7,11,4,48
2026-05-01,May 2026,2026,-4,Meat & Seafood,Midwest,67176.19,51989.87,15186.32,70234.12,3057.94,707.0,682.0,8082.88,217,199,18,17,9,75
2026-05-01,May 2026,2026,-4,Meat & Seafood,Mountain West,66605.28,51336.58,15268.71,69707.46,3102.18,685.0,646.0,7795.16,215,194,21,20,9,59
2026-05-01,May 2026,2026,-4,Meat & Seafood,Northeast,50171.4,40006.76,10164.63,52544.43,2372.95,497.0,478.0,5705.4,134,121,13,9,5,35
2026-05-01,May 2026,2026,-4,Meat & Seafood,Pacific,56565.54,42938.59,13626.96,59342.26,2776.81,592.0,564.0,6377.71,190,173,17,19,6,54
2026-05-01,May 2026,2026,-4,Meat & Seafood,Southeast,145529.36,112838.92,32690.45,152036.65,6507.1,1554.0,1501.0,17472.12,399,366,33,33,11,102
2026-05-01,May 2026,2026,-4,Meat & Seafood,Texas & Gulf,141062.69,109608.22,31454.46,147627.87,6565.19,1538.0,1508.0,17268.94,378,346,32,17,3,101
2026-05-01,May 2026,2026,-4,Toys & Seasonal,Mid-Atlantic,18840.08,12408.33,6431.75,19847.18,1007.1,105.0,101.0,982.2,39,35,4,2,1,28
2026-05-01,May 2026,2026,-4,Toys & Seasonal,Midwest,24282.16,16179.83,8102.33,25498.6,1216.47,143.0,132.0,1338.85,59,56,3,7,4,40
2026-05-01,May 2026,2026,-4,Toys & Seasonal,Mountain West,21878.51,14469.84,7408.67,22901.41,1022.9,137.0,125.0,1150.93,49,47,2,6,3,32
2026-05-01,May 2026,2026,-4,Toys & Seasonal,Northeast,25015.41,16439.43,8575.98,26217.24,1201.78,120.0,108.0,1262.7,43,37,6,5,2,26
2026-05-01,May 2026,2026,-4,Toys & Seasonal,Pacific,20515.59,13588.7,6926.89,21407.69,892.09,110.0,100.0,1048.11,37,33,4,7,2,26
2026-05-01,May 2026,2026,-4,Toys & Seasonal,Southeast,43816.89,29097.73,14719.16,45918.42,2101.56,262.0,247.0,2357.38,93,87,6,10,5,58
2026-05-01,May 2026,2026,-4,Toys & Seasonal,Texas & Gulf,59315.11,39543.78,19771.33,62615.11,3300.04,346.0,313.0,3154.97,96,88,8,14,4,56
2026-06-01,Jun 2026,2026,-3,Apparel,Mid-Atlantic,64968.72,36336.26,28632.46,67962.65,2993.89,303.0,302.0,3574.11,97,90,7,1,1,44
2026-06-01,Jun 2026,2026,-3,Apparel,Midwest,76551.34,43429.49,33121.85,80017.48,3466.23,375.0,361.0,4219.26,129,115,14,7,3,59
2026-06-01,Jun 2026,2026,-3,Apparel,Mountain West,72067.09,42199.56,29867.53,75490.21,3423.11,380.0,376.0,4035.33,122,108,14,4,2,51
2026-06-01,Jun 2026,2026,-3,Apparel,Northeast,47329.46,28527.16,18802.3,49586.61,2257.15,227.0,225.0,2545.17,73,64,9,2,1,30
2026-06-01,Jun 2026,2026,-3,Apparel,Pacific,51254.21,29462.67,21791.54,53766.57,2512.33,266.0,262.0,2766.36,89,81,8,4,2,43
2026-06-01,Jun 2026,2026,-3,Apparel,Southeast,114692.87,66348.25,48344.63,120009.14,5316.25,603.0,572.0,6058.53,192,174,18,16,3,81
2026-06-01,Jun 2026,2026,-3,Apparel,Texas & Gulf,132229.58,76053.38,56176.2,138486.41,6256.78,701.0,684.0,7094.17,199,188,11,9,0,79
2026-06-01,Jun 2026,2026,-3,Dairy & Frozen,Mid-Atlantic,40720.5,31298.96,9421.54,42588.06,1867.33,938.0,923.0,9828.22,260,237,23,11,4,53
2026-06-01,Jun 2026,2026,-3,Dairy & Frozen,Midwest,47752.42,37424.93,10327.49,50008.24,2255.86,1021.0,1001.0,11767.98,299,270,29,7,2,77
2026-06-01,Jun 2026,2026,-3,Dairy & Frozen,Mountain West,33279.91,25458.5,7821.41,34848.21,1568.25,778.0,764.0,8144.47,253,232,21,9,4,65
2026-06-01,Jun 2026,2026,-3,Dairy & Frozen,Northeast,26203.41,20894.89,5308.52,27462.79,1259.43,666.0,659.0,6640.69,193,174,19,5,1,37
2026-06-01,Jun 2026,2026,-3,Dairy & Frozen,Pacific,33625.73,25477.91,8147.82,35235.04,1609.29,712.0,704.0,8028.61,223,205,18,8,4,54
2026-06-01,Jun 2026,2026,-3,Dairy & Frozen,Southeast,78025.09,60241.76,17783.33,81727.65,3702.49,1791.0,1760.0,19098.22,517,477,40,25,11,107
2026-06-01,Jun 2026,2026,-3,Dairy & Frozen,Texas & Gulf,80825.59,62655.2,18170.39,84599.13,3773.62,1822.0,1802.0,19858.77,484,449,35,14,6,106
2026-06-01,Jun 2026,2026,-3,Electronics,Mid-Atlantic,183838.31,177593.02,6245.29,192540.29,8702.0,168.0,165.0,1879.84,45,40,5,3,0,23
2026-06-01,Jun 2026,2026,-3,Electronics,Midwest,187596.75,181521.84,6074.91,196394.02,8797.29,218.0,209.0,2102.16,77,73,4,7,4,46
2026-06-01,Jun 2026,2026,-3,Electronics,Mountain West,130882.76,125229.26,5653.51,136649.82,5767.05,148.0,126.0,1365.64,57,47,10,8,3,36
2026-06-01,Jun 2026,2026,-3,Electronics,Northeast,130513.26,129507.7,1005.56,137010.67,6497.43,145.0,140.0,1398.07,37,33,4,4,2,23
2026-06-01,Jun 2026,2026,-3,Electronics,Pacific,144617.32,133973.31,10644.0,151805.66,7188.34,152.0,149.0,1572.03,46,41,5,1,0,29
2026-06-01,Jun 2026,2026,-3,Electronics,Southeast,303943.56,292403.99,11539.58,319571.98,15628.43,310.0,299.0,3236.44,106,101,5,6,3,60
2026-06-01,Jun 2026,2026,-3,Electronics,Texas & Gulf,310013.75,294300.43,15713.32,324361.67,14347.9,350.0,329.0,3176.98,104,96,8,11,3,59
2026-06-01,Jun 2026,2026,-3,Fresh & Produce,Mid-Atlantic,33398.54,24669.48,8729.06,35033.46,1634.95,1194.0,1116.0,11303.48,327,300,27,42,21,52
2026-06-01,Jun 2026,2026,-3,Fresh & Produce,Midwest,41243.72,30470.0,10773.72,43185.03,1941.24,1472.0,1385.0,14207.74,413,373,40,43,18,79
2026-06-01,Jun 2026,2026,-3,Fresh & Produce,Mountain West,33416.18,24225.2,9190.98,34971.86,1555.79,1195.0,1135.0,11437.27,378,346,32,34,17,64
2026-06-01,Jun 2026,2026,-3,Fresh & Produce,Northeast,23351.15,17201.41,6149.74,24465.03,1113.88,866.0,816.0,8133.18,230,211,19,25,9,38
2026-06-01,Jun 2026,2026,-3,Fresh & Produce,Pacific,31130.26,22582.26,8548.0,32655.79,1525.52,1032.0,955.0,10190.89,274,255,19,32,12,55
2026-06-01,Jun 2026,2026,-3,Fresh & Produce,Southeast,66016.15,47291.22,18724.94,69227.77,3211.6,2232.0,2084.0,22510.16,656,606,50,74,28,105
2026-06-01,Jun 2026,2026,-3,Fresh & Produce,Texas & Gulf,76079.42,55060.13,21019.29,79704.99,3625.42,2680.0,2507.0,25743.98,624,555,69,73,22,104
2026-06-01,Jun 2026,2026,-3,Grocery,Mid-Atlantic,102673.32,81146.32,21527.0,107493.87,4820.67,1997.0,1986.0,23562.41,584,550,34,10,2,54
2026-06-01,Jun 2026,2026,-3,Grocery,Midwest,104921.24,82924.95,21996.29,109993.68,5072.39,2183.0,2163.0,24872.58,697,640,57,11,4,83
2026-06-01,Jun 2026,2026,-3,Grocery,Mountain West,82949.21,65523.96,17425.25,86922.58,3973.24,1823.0,1796.0,19993.0,659,616,43,20,6,65
2026-06-01,Jun 2026,2026,-3,Grocery,Northeast,63845.45,50502.67,13342.79,66899.65,3054.13,1373.0,1364.0,15037.77,428,401,27,6,2,38
2026-06-01,Jun 2026,2026,-3,Grocery,Pacific,87599.97,67716.05,19883.92,91992.46,4392.53,1796.0,1785.0,20509.56,551,507,44,11,5,56
2026-06-01,Jun 2026,2026,-3,Grocery,Southeast,185104.41,147266.56,37837.85,194257.43,9153.07,3771.0,3745.0,43596.72,1133,1055,78,20,10,107
2026-06-01,Jun 2026,2026,-3,Grocery,Texas & Gulf,190822.27,151552.72,39269.56,199940.11,9117.52,3998.0,3979.0,45399.42,1118,1033,85,12,6,109
2026-06-01,Jun 2026,2026,-3,Health & Wellness,Mid-Atlantic,68175.37,46859.96,21315.41,71289.77,3114.37,535.0,529.0,5645.12,179,167,12,4,2,48
2026-06-01,Jun 2026,2026,-3,Health & Wellness,Midwest,82451.78,58052.75,24399.03,86349.12,3897.34,642.0,636.0,7103.68,206,192,14,6,2,72
2026-06-01,Jun 2026,2026,-3,Health & Wellness,Mountain West,70540.08,49068.18,21471.9,73799.39,3259.34,539.0,535.0,5911.22,204,191,13,4,4,58
2026-06-01,Jun 2026,2026,-3,Health & Wellness,Northeast,46834.89,33205.21,13629.68,49130.46,2295.61,373.0,371.0,3980.3,105,99,6,2,0,33
2026-06-01,Jun 2026,2026,-3,Health & Wellness,Pacific,66831.72,45228.05,21603.67,70127.22,3295.52,499.0,491.0,5164.22,163,152,11,6,2,47
2026-06-01,Jun 2026,2026,-3,Health & Wellness,Southeast,146226.62,103029.18,43197.44,153213.76,6987.09,1101.0,1084.0,11885.36,351,322,29,12,6,96
2026-06-01,Jun 2026,2026,-3,Health & Wellness,Texas & Gulf,149673.4,105720.08,43953.32,156549.33,6875.87,1139.0,1132.0,12491.68,345,318,27,5,2,95
2026-06-01,Jun 2026,2026,-3,Home & Kitchen,Mid-Atlantic,92697.46,59022.0,33675.47,97463.06,4765.5,348.0,342.0,3750.0,107,98,9,5,3,42
2026-06-01,Jun 2026,2026,-3,Home & Kitchen,Midwest,105108.58,66813.24,38295.34,109781.0,4672.44,402.0,390.0,4300.35,126,109,17,8,2,59
2026-06-01,Jun 2026,2026,-3,Home & Kitchen,Mountain West,79912.58,52915.27,26997.31,84085.04,4172.42,279.0,271.0,3146.47,95,89,6,7,2,47
2026-06-01,Jun 2026,2026,-3,Home & Kitchen,Northeast,51967.93,32343.97,19623.96,54472.79,2504.86,196.0,193.0,2030.22,57,54,3,3,2,31
2026-06-01,Jun 2026,2026,-3,Home & Kitchen,Pacific,82542.52,51631.11,30911.4,86671.97,4129.46,285.0,279.0,3212.89,88,83,5,4,1,38
2026-06-01,Jun 2026,2026,-3,Home & Kitchen,Southeast,178268.37,111320.11,66948.25,186627.22,8358.8,607.0,597.0,7251.45,204,184,20,10,3,84
2026-06-01,Jun 2026,2026,-3,Home & Kitchen,Texas & Gulf,191051.87,121447.39,69604.48,199566.1,8514.23,742.0,732.0,7876.52,184,167,17,7,2,76
2026-06-01,Jun 2026,2026,-3,Household Essentials,Mid-Atlantic,28358.79,21193.99,7164.8,29625.41,1266.55,432.0,430.0,4201.74,147,134,13,2,2,47
2026-06-01,Jun 2026,2026,-3,Household Essentials,Midwest,39224.53,29678.26,9546.28,41139.58,1915.0,547.0,535.0,5710.29,169,152,17,6,3,65
2026-06-01,Jun 2026,2026,-3,Household Essentials,Mountain West,41686.12,31274.52,10411.6,43622.58,1936.53,586.0,583.0,6008.22,195,185,10,3,1,61
2026-06-01,Jun 2026,2026,-3,Household Essentials,Northeast,28163.68,20950.9,7212.79,29402.24,1238.58,376.0,368.0,4008.65,116,107,9,4,1,36
2026-06-01,Jun 2026,2026,-3,Household Essentials,Pacific,32206.74,23686.67,8520.07,33781.23,1574.44,429.0,422.0,4539.48,134,127,7,7,6,49
2026-06-01,Jun 2026,2026,-3,Household Essentials,Southeast,68554.4,51149.45,17404.95,71648.28,3093.92,976.0,965.0,10070.69,307,280,27,9,5,103
2026-06-01,Jun 2026,2026,-3,Household Essentials,Texas & Gulf,80163.74,60226.37,19937.38,84123.01,3959.22,1070.0,1063.0,11647.77,304,280,24,6,2,92
2026-06-01,Jun 2026,2026,-3,Meat & Seafood,Mid-Atlantic,60609.65,46835.21,13774.43,63447.5,2837.79,685.0,658.0,7282.21,193,186,7,16,8,47
2026-06-01,Jun 2026,2026,-3,Meat & Seafood,Midwest,79044.51,62153.34,16891.17,82683.87,3639.48,853.0,826.0,9344.78,235,214,21,19,8,71
2026-06-01,Jun 2026,2026,-3,Meat & Seafood,Mountain West,61540.12,47420.2,14119.92,64237.31,2697.13,661.0,645.0,7195.53,201,194,7,13,11,60
2026-06-01,Jun 2026,2026,-3,Meat & Seafood,Northeast,45488.39,35075.68,10412.71,47656.61,2168.21,442.0,428.0,5211.97,123,111,12,8,4,34
2026-06-01,Jun 2026,2026,-3,Meat & Seafood,Pacific,72422.24,55633.94,16788.31,75634.57,3212.29,714.0,705.0,8466.92,187,169,18,8,4,48
2026-06-01,Jun 2026,2026,-3,Meat & Seafood,Southeast,158760.66,122623.73,36136.93,166425.46,7664.67,1719.0,1650.0,18369.41,435,400,35,31,4,107
2026-06-01,Jun 2026,2026,-3,Meat & Seafood,Texas & Gulf,155130.05,120241.61,34888.44,162738.5,7608.45,1539.0,1496.0,17583.3,373,339,34,21,4,99
2026-06-01,Jun 2026,2026,-3,Toys & Seasonal,Mid-Atlantic,36430.56,24455.43,11975.13,38202.15,1771.6,217.0,197.0,1999.64,51,49,2,11,4,33
2026-06-01,Jun 2026,2026,-3,Toys & Seasonal,Midwest,34434.73,23503.48,10931.25,36021.93,1587.2,195.0,183.0,1860.3,69,61,8,9,6,50
2026-06-01,Jun 2026,2026,-3,Toys & Seasonal,Mountain West,38005.22,26122.16,11883.06,39657.61,1652.37,211.0,201.0,2210.79,56,54,2,6,4,31
2026-06-01,Jun 2026,2026,-3,Toys & Seasonal,Northeast,16811.47,11908.17,4903.3,17563.16,751.66,99.0,84.0,917.82,26,23,3,4,0,15
2026-06-01,Jun 2026,2026,-3,Toys & Seasonal,Pacific,30155.73,20281.12,9874.62,31694.66,1538.95,179.0,168.0,1653.93,53,49,4,8,4,31
2026-06-01,Jun 2026,2026,-3,Toys & Seasonal,Southeast,54669.01,36269.63,18399.39,57290.65,2621.66,316.0,288.0,2977.86,95,92,3,13,6,57
2026-06-01,Jun 2026,2026,-3,Toys & Seasonal,Texas & Gulf,63267.82,42265.89,21001.92,66430.41,3162.58,305.0,297.0,3391.36,86,77,9,6,3,56
2026-07-01,Jul 2026,2026,-2,Apparel,Mid-Atlantic,2717.32,1454.97,1262.35,2810.09,92.76,13.0,13.0,118.99,4,4,0,0,0,4
2026-07-01,Jul 2026,2026,-2,Apparel,Midwest,5536.82,3162.62,2374.2,5753.65,216.8,22.0,22.0,264.29,7,7,0,0,0,6
2026-07-01,Jul 2026,2026,-2,Apparel,Mountain West,4587.8,2531.27,2056.53,4775.09,187.28,22.0,22.0,239.29,13,12,1,0,0,9
2026-07-01,Jul 2026,2026,-2,Apparel,Northeast,3918.96,2178.8,1740.16,4165.26,246.31,15.0,15.0,179.02,5,5,0,0,0,4
2026-07-01,Jul 2026,2026,-2,Apparel,Pacific,2996.86,1667.87,1328.99,3131.34,134.47,12.0,12.0,138.94,4,3,1,0,0,4
2026-07-01,Jul 2026,2026,-2,Apparel,Southeast,7965.08,4572.53,3392.54,8268.16,303.09,75.0,74.0,473.14,15,12,3,1,1,12
2026-07-01,Jul 2026,2026,-2,Apparel,Texas & Gulf,6108.91,3545.36,2563.55,6396.24,287.32,27.0,26.0,289.25,14,14,0,1,1,12
2026-07-01,Jul 2026,2026,-2,Dairy & Frozen,Mid-Atlantic,2657.07,2068.34,588.73,2783.12,126.04,64.0,59.0,724.27,19,18,1,3,0,10
2026-07-01,Jul 2026,2026,-2,Dairy & Frozen,Midwest,2356.71,1818.99,537.72,2473.18,116.45,50.0,49.0,520.44,17,12,5,1,1,14
2026-07-01,Jul 2026,2026,-2,Dairy & Frozen,Mountain West,2636.77,2087.36,549.42,2745.94,109.17,49.0,48.0,623.66,16,14,2,1,0,9
2026-07-01,Jul 2026,2026,-2,Dairy & Frozen,Northeast,1012.37,783.93,228.44,1065.56,53.18,22.0,21.0,288.61,14,13,1,1,0,7
2026-07-01,Jul 2026,2026,-2,Dairy & Frozen,Pacific,2200.14,1665.71,534.43,2308.31,108.17,46.0,42.0,520.05,23,20,3,3,1,14
2026-07-01,Jul 2026,2026,-2,Dairy & Frozen,Southeast,8200.97,6267.76,1933.22,8660.05,459.05,217.0,216.0,2106.14,53,46,7,1,0,30
2026-07-01,Jul 2026,2026,-2,Dairy & Frozen,Texas & Gulf,3377.08,2546.09,830.99,3529.9,152.81,78.0,76.0,865.05,25,22,3,2,1,17
2026-07-01,Jul 2026,2026,-2,Electronics,Mid-Atlantic,22007.08,20442.78,1564.3,23333.14,1326.06,22.0,21.0,241.54,6,4,2,1,1,5
2026-07-01,Jul 2026,2026,-2,Electronics,Midwest,9824.67,10195.3,-370.64,10531.81,707.15,11.0,10.0,83.1,4,3,1,1,1,4
2026-07-01,Jul 2026,2026,-2,Electronics,Mountain West,5369.84,4726.85,642.99,5766.42,396.57,4.0,3.0,52.52,3,3,0,1,1,3
2026-07-01,Jul 2026,2026,-2,Electronics,Northeast,6722.34,5970.99,751.34,7075.93,353.59,5.0,5.0,63.01,4,2,2,0,0,3
2026-07-01,Jul 2026,2026,-2,Electronics,Pacific,21970.9,19762.59,2208.31,23511.47,1540.56,21.0,20.0,182.73,8,7,1,1,0,7
2026-07-01,Jul 2026,2026,-2,Electronics,Southeast,23376.68,22503.55,873.13,24708.31,1331.64,23.0,22.0,244.71,9,8,1,1,1,9
2026-07-01,Jul 2026,2026,-2,Electronics,Texas & Gulf,24559.34,22824.51,1734.83,25306.8,747.47,19.0,19.0,278.1,3,3,0,0,0,2
2026-07-01,Jul 2026,2026,-2,Fresh & Produce,Mid-Atlantic,2408.01,1777.6,630.41,2525.89,117.92,72.0,68.0,802.65,22,21,1,2,1,10
2026-07-01,Jul 2026,2026,-2,Fresh & Produce,Midwest,3510.7,2565.88,944.82,3676.91,166.18,109.0,101.0,1129.08,32,30,2,4,2,16
2026-07-01,Jul 2026,2026,-2,Fresh & Produce,Mountain West,2924.41,2045.93,878.48,3072.8,148.38,100.0,89.0,970.51,31,28,3,6,4,18
2026-07-01,Jul 2026,2026,-2,Fresh & Produce,Northeast,1665.96,1233.89,432.06,1738.84,72.89,52.0,44.0,521.74,16,15,1,2,1,10
2026-07-01,Jul 2026,2026,-2,Fresh & Produce,Pacific,1481.19,1054.43,426.76,1554.98,73.8,49.0,41.0,452.78,22,21,1,4,1,13
2026-07-01,Jul 2026,2026,-2,Fresh & Produce,Southeast,9526.27,6952.84,2573.43,9972.93,446.66,353.0,326.0,3224.44,88,81,7,12,4,37
2026-07-01,Jul 2026,2026,-2,Fresh & Produce,Texas & Gulf,5643.09,3988.81,1654.29,5928.06,284.95,219.0,206.0,1949.97,62,57,5,8,2,26
2026-07-01,Jul 2026,2026,-2,Grocery,Mid-Atlantic,3727.24,2859.09,868.15,3886.55,159.29,88.0,88.0,839.28,27,24,3,0,0,15
2026-07-01,Jul 2026,2026,-2,Grocery,Midwest,10868.72,8461.65,2407.07,11461.76,593.06,223.0,223.0,2560.93,76,72,4,0,0,22
2026-07-01,Jul 2026,2026,-2,Grocery,Mountain West,7588.62,5721.4,1867.22,7933.9,345.24,142.0,142.0,1664.33,63,52,11,0,0,24
2026-07-01,Jul 2026,2026,-2,Grocery,Northeast,4420.75,3524.58,896.17,4610.65,189.93,100.0,99.0,1182.51,32,31,1,1,0,10
2026-07-01,Jul 2026,2026,-2,Grocery,Pacific,6836.69,5263.89,1572.8,7150.15,313.47,159.0,159.0,1544.33,56,54,2,0,0,19
2026-07-01,Jul 2026,2026,-2,Grocery,Southeast,21323.78,16862.09,4461.69,22376.61,1052.8,466.0,465.0,5410.71,126,118,8,1,1,42
2026-07-01,Jul 2026,2026,-2,Grocery,Texas & Gulf,9060.84,7130.24,1930.6,9488.8,427.95,212.0,212.0,2356.66,79,73,6,0,0,30
2026-07-01,Jul 2026,2026,-2,Health & Wellness,Mid-Atlantic,3824.32,2538.86,1285.46,4034.19,209.87,30.0,30.0,322.58,12,11,1,0,0,9
2026-07-01,Jul 2026,2026,-2,Health & Wellness,Midwest,4051.21,2752.93,1298.28,4253.56,202.36,34.0,32.0,323.36,19,18,1,1,0,15
2026-07-01,Jul 2026,2026,-2,Health & Wellness,Mountain West,1643.5,1124.36,519.13,1723.22,79.7,13.0,13.0,146.19,10,10,0,0,0,9
2026-07-01,Jul 2026,2026,-2,Health & Wellness,Northeast,3937.56,2859.06,1078.5,4140.41,202.86,29.0,29.0,330.29,11,9,2,0,0,7
2026-07-01,Jul 2026,2026,-2,Health & Wellness,Pacific,5414.35,3563.19,1851.16,5697.23,282.87,38.0,38.0,452.47,15,14,1,0,0,11
2026-07-01,Jul 2026,2026,-2,Health & Wellness,Southeast,14877.26,10100.47,4776.79,15567.33,690.11,103.0,103.0,1205.11,38,33,5,0,0,27
2026-07-01,Jul 2026,2026,-2,Health & Wellness,Texas & Gulf,7505.88,5001.13,2504.76,7831.62,325.74,57.0,56.0,589.2,28,24,4,1,1,20
2026-07-01,Jul 2026,2026,-2,Home & Kitchen,Mid-Atlantic,2470.01,1563.37,906.64,2610.76,140.75,13.0,13.0,128.09,4,4,0,0,0,4
2026-07-01,Jul 2026,2026,-2,Home & Kitchen,Midwest,1645.11,998.86,646.25,1721.93,76.82,7.0,7.0,70.59,5,5,0,0,0,4
2026-07-01,Jul 2026,2026,-2,Home & Kitchen,Mountain West,4706.03,2754.31,1951.72,4901.5,195.47,27.0,23.0,166.62,9,7,2,1,0,9
2026-07-01,Jul 2026,2026,-2,Home & Kitchen,Northeast,5627.58,3544.71,2082.87,5886.24,258.64,27.0,26.0,245.57,8,7,1,1,0,7
2026-07-01,Jul 2026,2026,-2,Home & Kitchen,Pacific,6160.87,3804.54,2356.34,6374.71,213.84,29.0,28.0,241.52,12,10,2,1,0,7
2026-07-01,Jul 2026,2026,-2,Home & Kitchen,Southeast,8403.83,5341.94,3061.89,8828.5,424.71,38.0,34.0,385.4,18,18,0,3,2,18
2026-07-01,Jul 2026,2026,-2,Home & Kitchen,Texas & Gulf,12391.72,7486.33,4905.38,13206.94,815.21,46.0,46.0,507.49,14,13,1,0,0,11
2026-07-01,Jul 2026,2026,-2,Household Essentials,Mid-Atlantic,2150.21,1547.36,602.85,2265.38,115.17,29.0,28.0,302.11,11,10,1,1,1,7
2026-07-01,Jul 2026,2026,-2,Household Essentials,Midwest,1827.11,1382.72,444.39,1911.68,84.59,23.0,23.0,221.16,8,8,0,0,0,7
2026-07-01,Jul 2026,2026,-2,Household Essentials,Mountain West,1533.31,1130.49,402.81,1592.24,58.94,24.0,24.0,250.11,12,11,1,0,0,8
2026-07-01,Jul 2026,2026,-2,Household Essentials,Northeast,2443.89,1917.02,526.86,2549.4,105.52,33.0,33.0,432.84,10,8,2,0,0,5
2026-07-01,Jul 2026,2026,-2,Household Essentials,Pacific,1861.04,1380.91,480.13,1930.3,69.26,27.0,26.0,251.69,13,13,0,1,0,9
2026-07-01,Jul 2026,2026,-2,Household Essentials,Southeast,6795.71,5005.98,1789.73,7070.71,275.0,95.0,92.0,962.1,36,33,3,3,2,23
2026-07-01,Jul 2026,2026,-2,Household Essentials,Texas & Gulf,7560.7,5529.42,2031.29,7894.23,333.53,94.0,93.0,1054.77,30,29,1,1,0,18
2026-07-01,Jul 2026,2026,-2,Meat & Seafood,Mid-Atlantic,3448.69,2623.81,824.88,3655.72,207.04,33.0,33.0,459.02,9,7,2,0,0,5
2026-07-01,Jul 2026,2026,-2,Meat & Seafood,Midwest,3417.3,2581.26,836.04,3581.34,164.02,39.0,39.0,389.99,14,14,0,0,0,10
2026-07-01,Jul 2026,2026,-2,Meat & Seafood,Mountain West,2416.76,1881.26,535.5,2509.42,92.65,25.0,23.0,281.33,14,14,0,2,2,10
2026-07-01,Jul 2026,2026,-2,Meat & Seafood,Northeast,2892.43,2216.29,676.14,3036.33,143.91,35.0,29.0,394.0,9,8,1,1,0,7
2026-07-01,Jul 2026,2026,-2,Meat & Seafood,Pacific,6311.51,5063.96,1247.55,6627.32,315.8,71.0,70.0,783.77,20,19,1,1,1,12
2026-07-01,Jul 2026,2026,-2,Meat & Seafood,Southeast,18869.44,14558.8,4310.64,19824.18,954.74,177.0,170.0,2110.58,40,36,4,1,0,30
2026-07-01,Jul 2026,2026,-2,Meat & Seafood,Texas & Gulf,13413.77,10530.65,2883.12,13962.52,548.79,127.0,124.0,1436.96,32,32,0,1,0,16
2026-07-01,Jul 2026,2026,-2,Toys & Seasonal,Mid-Atlantic,2308.88,1521.63,787.26,2329.43,20.53,10.0,10.0,114.19,2,2,0,0,0,2
2026-07-01,Jul 2026,2026,-2,Toys & Seasonal,Midwest,1658.68,1150.14,508.54,1751.6,92.92,8.0,8.0,87.96,3,3,0,0,0,3
2026-07-01,Jul 2026,2026,-2,Toys & Seasonal,Mountain West,3143.67,2180.7,962.97,3333.23,189.56,12.0,12.0,166.94,3,2,1,0,0,3
2026-07-01,Jul 2026,2026,-2,Toys & Seasonal,Northeast,593.25,381.32,211.93,626.43,33.19,5.0,4.0,33.4,3,2,1,1,1,3
2026-07-01,Jul 2026,2026,-2,Toys & Seasonal,Pacific,1425.21,961.22,463.99,1499.98,74.76,12.0,11.0,73.29,7,7,0,1,1,7
2026-07-01,Jul 2026,2026,-2,Toys & Seasonal,Southeast,3687.57,2382.61,1304.96,3855.52,167.95,20.0,20.0,182.33,9,9,0,0,0,8
2026-07-01,Jul 2026,2026,-2,Toys & Seasonal,Texas & Gulf,5825.95,3915.56,1910.4,6169.44,343.52,35.0,33.0,340.27,10,10,0,2,0,9
