counterparty_id,counterparty_type,display_name,home_region
CPT-00001,employer,Ray-Brewer 00001,Region B
CPT-00002,employer,Thomas and Sons 00002,Region F
CPT-00003,employer,Diaz-Morris 00003,Region B
CPT-00004,employer,Taylor Ltd 00004,Region E
CPT-00005,employer,Thompson-Cruz 00005,Region D
CPT-00006,employer,Welch-Morgan 00006,Region F
CPT-00007,employer,"Jones, Smith and Duncan 00007",Region D
CPT-00008,employer,"Smith, Cooper and Cox 00008",Region D
CPT-00009,employer,"Taylor, Nelson and Moran 00009",Region B
CPT-00010,employer,Garcia-Stanley 00010,Region B
CPT-00011,employer,Caldwell Inc 00011,Region B
CPT-00012,employer,"Lyons, Wright and Martinez 00012",Region F
CPT-00013,employer,Stevenson and Sons 00013,Region B
CPT-00014,employer,Lambert Inc 00014,Region F
CPT-00015,employer,"Ortiz, Johnson and Chapman 00015",Region C
CPT-00016,employer,"King, Holmes and Harvey 00016",Region E
CPT-00017,employer,"James, Harris and Snyder 00017",Region B
CPT-00018,employer,Taylor-Vaughn 00018,Region F
CPT-00019,employer,Allen-Krueger 00019,Region D
CPT-00020,employer,Rodriguez Inc 00020,Region B
CPT-00021,employer,"Bruce, Evans and Long 00021",Region F
CPT-00022,employer,Torres-Murphy 00022,Region F
CPT-00023,employer,Miller-Stevens 00023,Region C
CPT-00024,employer,Salinas-Taylor 00024,Region D
CPT-00025,employer,"Green, Bailey and Bradshaw 00025",Region C
CPT-00026,employer,Lewis LLC 00026,Region D
CPT-00027,employer,Wheeler Group 00027,Region D
CPT-00028,employer,Alvarez-Potts 00028,Region E
CPT-00029,employer,Benson Inc 00029,Region A
CPT-00030,employer,"Johnson, Goodwin and James 00030",Region E
CPT-00031,employer,Nguyen and Sons 00031,Region C
CPT-00032,employer,Perez Inc 00032,Region C
CPT-00033,employer,Smith and Sons 00033,Region A
CPT-00034,employer,"Gonzales, Malone and Schaefer 00034",Region C
CPT-00035,employer,"Hancock, Gonzales and Owen 00035",Region D
CPT-00036,employer,Hicks-Scott 00036,Region D
CPT-00037,employer,Best-Moore 00037,Region B
CPT-00038,employer,Jordan Group 00038,Region B
CPT-00039,employer,Rowe Ltd 00039,Region E
CPT-00040,employer,Hutchinson Ltd 00040,Region D
CPT-00041,employer,"Schmidt, Miller and Rogers 00041",Region F
CPT-00042,employer,Fisher-Fritz 00042,Region A
CPT-00043,employer,"Haney, Phillips and Chavez 00043",Region C
CPT-00044,employer,Anderson Group 00044,Region C
CPT-00045,employer,Ramos Ltd 00045,Region C
CPT-00046,employer,Taylor and Sons 00046,Region A
CPT-00047,employer,"Collins, Quinn and Hughes 00047",Region B
CPT-00048,employer,Dixon-Gonzalez 00048,Region C
CPT-00049,employer,Strickland-Buck 00049,Region B
CPT-00050,employer,Ortiz Inc 00050,Region E
CPT-00051,employer,Combs-Sandoval 00051,Region E
CPT-00052,employer,Tran-Johnson 00052,Region A
CPT-00053,employer,Allen-Black 00053,Region A
CPT-00054,employer,White-Sellers 00054,Region E
CPT-00055,employer,Lopez-Weaver 00055,Region B
CPT-00056,employer,Durham-Robbins 00056,Region D
CPT-00057,employer,"Williams, Smith and Gallegos 00057",Region A
CPT-00058,employer,Hoover PLC 00058,Region D
CPT-00059,employer,Roberts Inc 00059,Region B
CPT-00060,employer,Torres Ltd 00060,Region B
CPT-00061,employer,Soto-Wilson 00061,Region F
CPT-00062,employer,Murphy PLC 00062,Region F
CPT-00063,employer,Bell-Baldwin 00063,Region E
CPT-00064,employer,"Rosales, Lopez and Pope 00064",Region B
CPT-00065,employer,"Mason, Morales and Hall 00065",Region B
CPT-00066,employer,Barry-Quinn 00066,Region A
CPT-00067,employer,Marquez-Hernandez 00067,Region F
CPT-00068,employer,Lindsey LLC 00068,Region A
CPT-00069,employer,Cochran-Johnson 00069,Region F
CPT-00070,employer,Thompson-Garza 00070,Region D
CPT-00071,employer,Parrish-Mitchell 00071,Region C
CPT-00072,employer,Brown-Bell 00072,Region B
CPT-00073,employer,"Davis, Brown and Glover 00073",Region A
CPT-00074,employer,"Hall, Pace and Aguilar 00074",Region B
CPT-00075,employer,"Perez, Guzman and Wallace 00075",Region C
CPT-00076,employer,"Bauer, Gonzalez and Richardson 00076",Region A
CPT-00077,employer,Young and Sons 00077,Region B
CPT-00078,employer,Donovan-Campbell 00078,Region A
CPT-00079,employer,Miller and Sons 00079,Region B
CPT-00080,employer,Foley and Sons 00080,Region E
CPT-00081,employer,"Smith, Castillo and Avila 00081",Region B
CPT-00082,employer,Bradley and Sons 00082,Region F
CPT-00083,employer,Olson Group 00083,Region A
CPT-00084,employer,Brooks-Cisneros 00084,Region C
CPT-00085,employer,"Reed, Hale and Cox 00085",Region F
CPT-00086,employer,"Dennis, Hutchinson and Munoz 00086",Region F
CPT-00087,employer,Carter and Sons 00087,Region B
CPT-00088,employer,Wilson Group 00088,Region D
CPT-00089,employer,Colon-Cervantes 00089,Region F
CPT-00090,employer,Mora Group 00090,Region E
CPT-00091,employer,Salazar-Garcia 00091,Region A
CPT-00092,employer,Alvarado Ltd 00092,Region F
CPT-00093,employer,"Johnson, Perry and Garcia 00093",Region F
CPT-00094,employer,Compton-Cole 00094,Region A
CPT-00095,employer,"Levy, Robertson and Williams 00095",Region A
CPT-00096,employer,Quinn LLC 00096,Region F
CPT-00097,employer,"Cox, Hudson and Lopez 00097",Region F
CPT-00098,employer,"Adams, Stanley and Moon 00098",Region A
CPT-00099,employer,White LLC 00099,Region C
CPT-00100,employer,Oconnor-Wells 00100,Region A
CPT-00101,employer,"Lewis, Osborne and Garrett 00101",Region E
CPT-00102,employer,Kelly LLC 00102,Region F
CPT-00103,employer,Barnes-Robinson 00103,Region F
CPT-00104,employer,"Mathis, Jones and Martin 00104",Region C
CPT-00105,employer,"Wright, Yoder and Gonzalez 00105",Region D
CPT-00106,employer,Martin PLC 00106,Region E
CPT-00107,employer,"Franco, Richardson and Crawford 00107",Region E
CPT-00108,employer,Whitaker LLC 00108,Region B
CPT-00109,employer,Ellis-Gill 00109,Region C
CPT-00110,employer,Bell Group 00110,Region B
CPT-00111,employer,"Choi, Wilcox and Clarke 00111",Region D
CPT-00112,employer,Silva-Benson 00112,Region D
CPT-00113,employer,Baker-Hernandez 00113,Region B
CPT-00114,employer,"Smith, Sloan and Cross 00114",Region E
CPT-00115,employer,"Rice, Bentley and Hill 00115",Region C
CPT-00116,employer,Miller Inc 00116,Region B
CPT-00117,employer,Wilson-Johnson 00117,Region C
CPT-00118,employer,"Adams, Richardson and Velasquez 00118",Region F
CPT-00119,employer,Skinner-Bailey 00119,Region F
CPT-00120,employer,Taylor Ltd 00120,Region E
CPT-00121,utility,Thompson-Mueller 00121,Region C
CPT-00122,utility,Daniel-Jones 00122,Region D
CPT-00123,utility,"Vega, Smith and Vazquez 00123",Region A
CPT-00124,utility,Brown-Ramirez 00124,Region B
CPT-00125,utility,Gibson PLC 00125,Region A
CPT-00126,utility,Le-Hernandez 00126,Region F
CPT-00127,utility,Pope LLC 00127,Region A
CPT-00128,utility,"Barnes, Villegas and Ray 00128",Region F
CPT-00129,utility,Collins-Robinson 00129,Region C
CPT-00130,utility,"Anderson, Warner and Medina 00130",Region B
CPT-00131,utility,"Henderson, Cox and Smith 00131",Region D
CPT-00132,utility,Ruiz Inc 00132,Region A
CPT-00133,utility,Cook PLC 00133,Region F
CPT-00134,utility,Vaughan and Sons 00134,Region C
CPT-00135,utility,Taylor Group 00135,Region F
CPT-00136,utility,Davis-Santiago 00136,Region E
CPT-00137,utility,Yang Inc 00137,Region B
CPT-00138,utility,Roberts-Thomas 00138,Region D
CPT-00139,utility,Wilkerson LLC 00139,Region B
CPT-00140,utility,Wright-Roth 00140,Region D
CPT-00141,utility,Logan Inc 00141,Region A
CPT-00142,utility,Kelley Ltd 00142,Region B
CPT-00143,utility,Simpson-Howard 00143,Region F
CPT-00144,utility,Gregory-French 00144,Region C
CPT-00145,utility,Solis and Sons 00145,Region D
CPT-00146,utility,Johnson-Hernandez 00146,Region A
CPT-00147,utility,Elliott-Fitzgerald 00147,Region A
CPT-00148,utility,"Mckenzie, Johnson and Young 00148",Region B
CPT-00149,utility,Kane-Hawkins 00149,Region A
CPT-00150,utility,Shaw-Rodgers 00150,Region A
CPT-00151,utility,Holder-Johnson 00151,Region F
CPT-00152,utility,Lopez Group 00152,Region B
CPT-00153,utility,Harris-Mckinney 00153,Region A
CPT-00154,utility,"Fernandez, Perez and Stevenson 00154",Region F
CPT-00155,utility,Jones Inc 00155,Region A
CPT-00156,utility,"Robles, Adams and Henry 00156",Region E
CPT-00157,utility,Perez Inc 00157,Region B
CPT-00158,utility,Richard Group 00158,Region F
CPT-00159,utility,Phillips LLC 00159,Region A
CPT-00160,utility,Conley LLC 00160,Region E
CPT-00161,utility,"Burgess, Mcgee and Delgado 00161",Region A
CPT-00162,utility,Sweeney-Hall 00162,Region A
CPT-00163,utility,Rowe-Faulkner 00163,Region A
CPT-00164,utility,Reynolds PLC 00164,Region A
CPT-00165,utility,Reynolds and Sons 00165,Region F
CPT-00166,utility,Mcguire Ltd 00166,Region A
CPT-00167,utility,Smith-Evans 00167,Region E
CPT-00168,utility,Allen Inc 00168,Region B
CPT-00169,landlord,"Morgan, Knight and Gordon 00169",Region F
CPT-00170,landlord,Brown-Davis 00170,Region F
CPT-00171,landlord,Osborne-Harmon 00171,Region F
CPT-00172,landlord,"Nash, Bowen and Holmes 00172",Region B
CPT-00173,landlord,Young LLC 00173,Region C
CPT-00174,landlord,Newton Inc 00174,Region A
CPT-00175,landlord,Morgan Ltd 00175,Region F
CPT-00176,landlord,Carter-Smith 00176,Region B
CPT-00177,landlord,Smith-Moon 00177,Region F
CPT-00178,landlord,Armstrong PLC 00178,Region E
CPT-00179,landlord,Orr-Arroyo 00179,Region A
CPT-00180,landlord,Miller and Sons 00180,Region C
CPT-00181,landlord,Parsons Ltd 00181,Region F
CPT-00182,landlord,Parker PLC 00182,Region C
CPT-00183,landlord,Turner-Matthews 00183,Region B
CPT-00184,landlord,Miller-Clarke 00184,Region D
CPT-00185,landlord,"Munoz, Allen and Gonzalez 00185",Region C
CPT-00186,landlord,Thomas LLC 00186,Region F
CPT-00187,landlord,"Shields, Spears and Douglas 00187",Region C
CPT-00188,landlord,"Patel, Zimmerman and Taylor 00188",Region E
CPT-00189,landlord,Porter PLC 00189,Region C
CPT-00190,landlord,"Mason, Smith and Cooper 00190",Region B
CPT-00191,landlord,Hernandez-Pope 00191,Region A
CPT-00192,landlord,Morris-Clarke 00192,Region F
CPT-00193,landlord,Hernandez Group 00193,Region D
CPT-00194,landlord,Reyes-Powell 00194,Region D
CPT-00195,landlord,Andrews Inc 00195,Region B
CPT-00196,landlord,Olsen-Clark 00196,Region F
CPT-00197,landlord,"Evans, Mullins and Ramirez 00197",Region E
CPT-00198,landlord,"Smith, Williams and Robinson 00198",Region D
CPT-00199,landlord,Wilson Ltd 00199,Region B
CPT-00200,landlord,Smith Group 00200,Region A
CPT-00201,landlord,"Frey, Carson and Wallace 00201",Region E
CPT-00202,landlord,"Richard, Rogers and Cain 00202",Region A
CPT-00203,landlord,Martinez PLC 00203,Region F
CPT-00204,landlord,"Walters, Johns and Stanley 00204",Region A
CPT-00205,landlord,Marquez PLC 00205,Region E
CPT-00206,landlord,"Lopez, Nelson and Kim 00206",Region D
CPT-00207,landlord,Carson-Mathews 00207,Region E
CPT-00208,landlord,Rodriguez-White 00208,Region B
CPT-00209,landlord,Johnson and Sons 00209,Region E
CPT-00210,landlord,Green and Sons 00210,Region B
CPT-00211,landlord,Singh-Rogers 00211,Region E
CPT-00212,landlord,"Harrison, Sullivan and Turner 00212",Region E
CPT-00213,landlord,"Long, Fleming and Hamilton 00213",Region E
CPT-00214,landlord,Webster-Pratt 00214,Region D
CPT-00215,landlord,Jimenez Group 00215,Region F
CPT-00216,landlord,Hanson Group 00216,Region E
CPT-00217,landlord,Garrett-Edwards 00217,Region B
CPT-00218,landlord,Peters and Sons 00218,Region E
CPT-00219,landlord,Sanchez-Cohen 00219,Region A
CPT-00220,landlord,"Zuniga, Proctor and Randall 00220",Region F
CPT-00221,landlord,Williams PLC 00221,Region D
CPT-00222,landlord,"Blanchard, Spencer and Dennis 00222",Region D
CPT-00223,landlord,Brown Ltd 00223,Region A
CPT-00224,landlord,"Taylor, Gonzalez and Miller 00224",Region C
CPT-00225,landlord,Mullins-Perez 00225,Region C
CPT-00226,landlord,"Parker, Salinas and Klein 00226",Region D
CPT-00227,landlord,"Perry, Nixon and Mcbride 00227",Region E
CPT-00228,landlord,"Reed, Gardner and Jones 00228",Region B
CPT-00229,landlord,Rodriguez Group 00229,Region D
CPT-00230,landlord,Robinson-Ritter 00230,Region E
CPT-00231,landlord,Phillips Group 00231,Region B
CPT-00232,landlord,"Young, Griffin and Evans 00232",Region F
CPT-00233,landlord,"Shannon, Thompson and Garcia 00233",Region A
CPT-00234,landlord,Bean Ltd 00234,Region F
CPT-00235,landlord,"Nunez, Parks and Jones 00235",Region C
CPT-00236,landlord,Carroll PLC 00236,Region C
CPT-00237,landlord,Brown and Sons 00237,Region E
CPT-00238,landlord,Hill Inc 00238,Region A
CPT-00239,landlord,Campbell-Mullen 00239,Region B
CPT-00240,landlord,Herman Ltd 00240,Region F
CPT-00241,landlord,Miller-Anderson 00241,Region F
CPT-00242,landlord,Stewart-Frank 00242,Region B
CPT-00243,landlord,Shepherd-White 00243,Region D
CPT-00244,landlord,Lyons and Sons 00244,Region B
CPT-00245,landlord,"Martin, King and Johnson 00245",Region C
CPT-00246,landlord,Sanders Group 00246,Region D
CPT-00247,landlord,Myers-Ryan 00247,Region B
CPT-00248,landlord,Taylor-Miller 00248,Region C
CPT-00249,landlord,"Lopez, Stevens and Russell 00249",Region F
CPT-00250,landlord,"Deleon, Melendez and Ross 00250",Region A
CPT-00251,landlord,Wiley-Hernandez 00251,Region F
CPT-00252,landlord,Murray LLC 00252,Region E
CPT-00253,landlord,Wright-Reese 00253,Region C
CPT-00254,landlord,"Sanchez, Bradley and Thompson 00254",Region E
CPT-00255,landlord,Walls Inc 00255,Region A
CPT-00256,landlord,"Mason, Gonzalez and Gordon 00256",Region E
CPT-00257,landlord,Waters-Nelson 00257,Region C
CPT-00258,landlord,Palmer-Watkins 00258,Region D
CPT-00259,landlord,Pollard-Cross 00259,Region F
CPT-00260,landlord,"Johnson, Dawson and Johnson 00260",Region E
CPT-00261,landlord,Hughes Inc 00261,Region F
CPT-00262,landlord,Lutz LLC 00262,Region B
CPT-00263,landlord,Bowman Group 00263,Region D
CPT-00264,landlord,Miles-Franco 00264,Region D
CPT-00265,landlord,George-Bishop 00265,Region D
CPT-00266,landlord,"Evans, Young and Dorsey 00266",Region A
CPT-00267,landlord,Anderson-Mccoy 00267,Region A
CPT-00268,landlord,Gonzales-Mccarthy 00268,Region F
CPT-00269,landlord,Wyatt Ltd 00269,Region F
CPT-00270,landlord,Ortiz-Delacruz 00270,Region A
CPT-00271,landlord,Tanner-Davis 00271,Region E
CPT-00272,landlord,Thompson-Smith 00272,Region B
CPT-00273,landlord,"Lopez, Fischer and Powell 00273",Region E
CPT-00274,landlord,Davis-Wyatt 00274,Region A
CPT-00275,landlord,Page-Webb 00275,Region C
CPT-00276,landlord,Wells and Sons 00276,Region B
CPT-00277,landlord,Brooks-Becker 00277,Region D
CPT-00278,landlord,Rodriguez-Jones 00278,Region B
CPT-00279,landlord,Walker-Evans 00279,Region E
CPT-00280,landlord,Taylor PLC 00280,Region F
CPT-00281,landlord,"Hickman, Rodriguez and Smith 00281",Region B
CPT-00282,landlord,"Hardy, Franco and Curry 00282",Region D
CPT-00283,landlord,Turner-Smith 00283,Region F
CPT-00284,landlord,"Jackson, Savage and Schwartz 00284",Region B
CPT-00285,landlord,"Whitehead, Cole and Figueroa 00285",Region A
CPT-00286,landlord,Weaver and Sons 00286,Region D
CPT-00287,landlord,"Flores, George and Cook 00287",Region C
CPT-00288,landlord,"Jackson, Garrison and Edwards 00288",Region D
CPT-00289,landlord,"Barry, Bradshaw and Cross 00289",Region F
CPT-00290,landlord,"Ashley, Gonzalez and Schultz 00290",Region C
CPT-00291,landlord,Rodriguez-Davies 00291,Region D
CPT-00292,landlord,Good-Lee 00292,Region F
CPT-00293,landlord,Sharp-Brown 00293,Region D
CPT-00294,landlord,Snyder-Gonzalez 00294,Region C
CPT-00295,landlord,Austin-Webb 00295,Region B
CPT-00296,landlord,"Moore, Murphy and Guzman 00296",Region B
CPT-00297,landlord,Scott-Baldwin 00297,Region E
CPT-00298,landlord,"Johnson, Hernandez and Harvey 00298",Region F
CPT-00299,landlord,Howard Inc 00299,Region D
CPT-00300,landlord,Powers and Sons 00300,Region B
CPT-00301,landlord,"Garcia, Kline and Goodwin 00301",Region B
CPT-00302,landlord,Schroeder Group 00302,Region D
CPT-00303,landlord,Diaz Group 00303,Region B
CPT-00304,landlord,Peterson Group 00304,Region E
CPT-00305,landlord,Frank Group 00305,Region A
CPT-00306,landlord,"Alexander, Green and Berry 00306",Region F
CPT-00307,landlord,"Lee, Vaughan and Little 00307",Region D
CPT-00308,landlord,Ho Ltd 00308,Region F
CPT-00309,landlord,"Rice, Collins and Lyons 00309",Region E
CPT-00310,landlord,"Davis, Gaines and Lawson 00310",Region A
CPT-00311,landlord,Hill Group 00311,Region A
CPT-00312,landlord,"Sharp, Atkins and Ford 00312",Region F
CPT-00313,landlord,"Richardson, Walters and Wilson 00313",Region B
CPT-00314,landlord,"Rocha, Henry and Dillon 00314",Region A
CPT-00315,landlord,Johnson-Flores 00315,Region E
CPT-00316,landlord,Frazier Group 00316,Region C
CPT-00317,landlord,"Berry, Gilbert and Mathis 00317",Region A
CPT-00318,landlord,"Johnson, Fitzgerald and Reeves 00318",Region C
CPT-00319,landlord,Rodgers-Pugh 00319,Region C
CPT-00320,landlord,Lopez-Pham 00320,Region B
CPT-00321,landlord,Wilson-Wright 00321,Region D
CPT-00322,landlord,"Brown, Henderson and Jacobs 00322",Region C
CPT-00323,landlord,Bowers LLC 00323,Region A
CPT-00324,landlord,Lane Inc 00324,Region F
CPT-00325,landlord,Edwards Group 00325,Region E
CPT-00326,landlord,Zamora PLC 00326,Region D
CPT-00327,landlord,Foster Group 00327,Region A
CPT-00328,landlord,"Gardner, Day and Wagner 00328",Region A
CPT-00329,landlord,"Zimmerman, Phillips and Dunn 00329",Region D
CPT-00330,landlord,"Robinson, Nixon and Ward 00330",Region D
CPT-00331,landlord,"Cooper, Butler and Henry 00331",Region D
CPT-00332,landlord,Nguyen-Anderson 00332,Region B
CPT-00333,landlord,"Hodge, Carpenter and Fleming 00333",Region C
CPT-00334,landlord,Hunt Group 00334,Region E
CPT-00335,landlord,Banks PLC 00335,Region F
CPT-00336,landlord,Jackson-Rodriguez 00336,Region C
CPT-00337,landlord,Gutierrez and Sons 00337,Region F
CPT-00338,landlord,Leach-Bird 00338,Region A
CPT-00339,landlord,Jackson-Parker 00339,Region D
CPT-00340,landlord,Santana-Norris 00340,Region B
CPT-00341,landlord,Shaffer and Sons 00341,Region F
CPT-00342,landlord,"Sanchez, Humphrey and Cooper 00342",Region B
CPT-00343,landlord,Larson-Rush 00343,Region F
CPT-00344,landlord,"Johnson, Cardenas and Calhoun 00344",Region C
CPT-00345,landlord,Wallace Group 00345,Region C
CPT-00346,landlord,"Gibbs, Yates and Fisher 00346",Region A
CPT-00347,landlord,"Brown, Jordan and Johnson 00347",Region E
CPT-00348,landlord,"Henry, Graham and Russell 00348",Region E
CPT-00349,landlord,"Gonzalez, Richardson and Jennings 00349",Region A
CPT-00350,landlord,Caldwell-Morales 00350,Region C
CPT-00351,landlord,Miller PLC 00351,Region C
CPT-00352,landlord,Greene Group 00352,Region B
CPT-00353,landlord,Short-Steele 00353,Region C
CPT-00354,landlord,"Owens, King and Deleon 00354",Region E
CPT-00355,landlord,Stokes and Sons 00355,Region C
CPT-00356,landlord,Adams-Stark 00356,Region D
CPT-00357,landlord,Davis Group 00357,Region D
CPT-00358,landlord,Sullivan and Sons 00358,Region B
CPT-00359,landlord,Downs-Williams 00359,Region B
CPT-00360,landlord,"Long, Smith and Preston 00360",Region B
CPT-00361,landlord,"Norris, Mclaughlin and Sharp 00361",Region E
CPT-00362,landlord,Potts and Sons 00362,Region D
CPT-00363,landlord,"Jones, Smith and Harding 00363",Region D
CPT-00364,landlord,Joseph Inc 00364,Region B
CPT-00365,landlord,Massey-Stone 00365,Region F
CPT-00366,landlord,Mcintyre Group 00366,Region D
CPT-00367,landlord,Clark and Sons 00367,Region A
CPT-00368,landlord,Turner Group 00368,Region F
CPT-00369,landlord,Davis-Riley 00369,Region F
CPT-00370,landlord,Robertson-Lynch 00370,Region B
CPT-00371,landlord,Kent-Bowman 00371,Region C
CPT-00372,landlord,"Santana, Bush and Meyer 00372",Region A
CPT-00373,landlord,"Dunn, Rodriguez and Smith 00373",Region C
CPT-00374,landlord,"Cooper, Lam and Berry 00374",Region F
CPT-00375,landlord,Hernandez-Kramer 00375,Region C
CPT-00376,landlord,Quinn Ltd 00376,Region B
CPT-00377,landlord,Griffin PLC 00377,Region A
CPT-00378,landlord,"Burke, Gardner and Wright 00378",Region F
CPT-00379,landlord,Ballard and Sons 00379,Region F
CPT-00380,landlord,Navarro-Gomez 00380,Region A
CPT-00381,landlord,Hess LLC 00381,Region C
CPT-00382,landlord,Ramirez Inc 00382,Region F
CPT-00383,landlord,Moore-Ward 00383,Region A
CPT-00384,landlord,"Conrad, Greer and Johnson 00384",Region A
CPT-00385,landlord,Stevens Inc 00385,Region E
CPT-00386,landlord,Wood Ltd 00386,Region F
CPT-00387,landlord,Carpenter PLC 00387,Region D
CPT-00388,landlord,Taylor-Russell 00388,Region F
CPT-00389,landlord,Gomez PLC 00389,Region C
CPT-00390,landlord,Parks-Marshall 00390,Region C
CPT-00391,landlord,Allen-Harrington 00391,Region F
CPT-00392,landlord,Noble-Smith 00392,Region F
CPT-00393,landlord,Walker-Clark 00393,Region C
CPT-00394,landlord,"Davis, Sandoval and Mcmahon 00394",Region A
CPT-00395,landlord,"Little, Williams and Wheeler 00395",Region E
CPT-00396,landlord,Nichols-Higgins 00396,Region A
CPT-00397,landlord,White-Zhang 00397,Region B
CPT-00398,landlord,Pena-Henderson 00398,Region A
CPT-00399,landlord,Guzman PLC 00399,Region F
CPT-00400,landlord,Mccoy and Sons 00400,Region D
CPT-00401,landlord,Larson-Castillo 00401,Region F
CPT-00402,landlord,Gibson-Spence 00402,Region F
CPT-00403,landlord,Novak Group 00403,Region D
CPT-00404,landlord,Butler-Fisher 00404,Region B
CPT-00405,landlord,Spencer-Monroe 00405,Region E
CPT-00406,landlord,"Mooney, Davies and Miller 00406",Region F
CPT-00407,landlord,Davis-West 00407,Region F
CPT-00408,landlord,"Newman, Stafford and Parker 00408",Region F
CPT-00409,landlord,Johnson-Nguyen 00409,Region A
CPT-00410,landlord,Ramos Inc 00410,Region B
CPT-00411,landlord,Knight-Fitzpatrick 00411,Region B
CPT-00412,landlord,Wilson-Hoffman 00412,Region B
CPT-00413,landlord,Gay Ltd 00413,Region E
CPT-00414,landlord,Snyder-Elliott 00414,Region C
CPT-00415,landlord,Perry-Gomez 00415,Region B
CPT-00416,landlord,"Reed, Green and Moyer 00416",Region F
CPT-00417,landlord,Ferrell Group 00417,Region D
CPT-00418,landlord,Ellis PLC 00418,Region C
CPT-00419,landlord,Espinoza-Ingram 00419,Region E
CPT-00420,landlord,Richmond and Sons 00420,Region E
CPT-00421,landlord,"Harris, Day and Williams 00421",Region D
CPT-00422,landlord,"Vaughn, Jones and Perez 00422",Region F
CPT-00423,landlord,Garcia and Sons 00423,Region F
CPT-00424,landlord,"Clark, Burns and Ashley 00424",Region A
CPT-00425,landlord,Barton Ltd 00425,Region E
CPT-00426,landlord,Baxter-Brooks 00426,Region E
CPT-00427,landlord,Acosta-Smith 00427,Region B
CPT-00428,landlord,"Davis, Tran and Leach 00428",Region A
CPT-00429,landlord,Burns-Dixon 00429,Region F
CPT-00430,landlord,Johnson-Calderon 00430,Region C
CPT-00431,landlord,Kramer and Sons 00431,Region D
CPT-00432,landlord,Rhodes-Brown 00432,Region B
CPT-00433,landlord,"Crane, Stephenson and Thompson 00433",Region F
CPT-00434,landlord,"Walker, Knight and Rogers 00434",Region D
CPT-00435,landlord,Mejia PLC 00435,Region C
CPT-00436,landlord,"Fernandez, Lyons and Watson 00436",Region D
CPT-00437,landlord,"Pineda, Velez and Spears 00437",Region F
CPT-00438,landlord,Daniels-Gonzalez 00438,Region D
CPT-00439,landlord,"Patrick, Callahan and Reyes 00439",Region B
CPT-00440,landlord,Stewart-Chapman 00440,Region F
CPT-00441,landlord,"Thompson, Hayes and Jones 00441",Region C
CPT-00442,landlord,Kent-Shaffer 00442,Region F
CPT-00443,landlord,Rhodes-Petty 00443,Region A
CPT-00444,landlord,"Andrews, Wright and Marshall 00444",Region B
CPT-00445,landlord,Williams PLC 00445,Region B
CPT-00446,landlord,"Weaver, Thompson and Howe 00446",Region E
CPT-00447,landlord,Davis Inc 00447,Region F
CPT-00448,landlord,"Coleman, Sanchez and Barnett 00448",Region C
CPT-00449,landlord,"Fitzgerald, Alvarez and White 00449",Region F
CPT-00450,landlord,Mcclain-Moreno 00450,Region D
CPT-00451,landlord,Phillips-Osborne 00451,Region F
CPT-00452,landlord,Smith PLC 00452,Region C
CPT-00453,landlord,Gardner PLC 00453,Region A
CPT-00454,landlord,Martin PLC 00454,Region E
CPT-00455,landlord,Smith LLC 00455,Region B
CPT-00456,landlord,"Price, Jackson and White 00456",Region D
CPT-00457,landlord,Meyer and Sons 00457,Region F
CPT-00458,landlord,Johnson and Sons 00458,Region C
CPT-00459,landlord,Miller-Chase 00459,Region A
CPT-00460,landlord,Hines-Garcia 00460,Region D
CPT-00461,landlord,Ward PLC 00461,Region B
CPT-00462,landlord,Kim and Sons 00462,Region D
CPT-00463,landlord,White-Vasquez 00463,Region E
CPT-00464,landlord,Hamilton-Navarro 00464,Region A
CPT-00465,landlord,Heath-Miller 00465,Region F
CPT-00466,landlord,Matthews-Marsh 00466,Region A
CPT-00467,landlord,Williams-Sloan 00467,Region E
CPT-00468,landlord,"Porter, Martinez and Evans 00468",Region E
CPT-00469,landlord,Whitehead-Perkins 00469,Region F
CPT-00470,landlord,"Rodriguez, Thompson and Williams 00470",Region C
CPT-00471,landlord,Schmidt-Singleton 00471,Region C
CPT-00472,landlord,"Bowman, Moore and Thomas 00472",Region E
CPT-00473,landlord,"Morales, Reeves and Trevino 00473",Region E
CPT-00474,landlord,Morrow and Sons 00474,Region D
CPT-00475,landlord,"Hoffman, Roberson and Elliott 00475",Region F
CPT-00476,landlord,Harris and Sons 00476,Region E
CPT-00477,landlord,Robertson-Blackburn 00477,Region E
CPT-00478,landlord,"Mendoza, Dean and Henderson 00478",Region F
CPT-00479,landlord,Newton-Davenport 00479,Region E
CPT-00480,landlord,Shepard LLC 00480,Region E
CPT-00481,landlord,"Jones, Wagner and Rose 00481",Region B
CPT-00482,landlord,Turner Inc 00482,Region A
CPT-00483,landlord,"Williams, Hubbard and Johnson 00483",Region D
CPT-00484,landlord,Jones-Robertson 00484,Region D
CPT-00485,landlord,"Prince, Patel and Chavez 00485",Region B
CPT-00486,landlord,Nunez-Morris 00486,Region F
CPT-00487,landlord,Hughes Ltd 00487,Region D
CPT-00488,landlord,Miller-Wade 00488,Region C
CPT-00489,landlord,Gordon Group 00489,Region E
CPT-00490,landlord,Lee Ltd 00490,Region C
CPT-00491,landlord,"Campbell, Williams and Fisher 00491",Region B
CPT-00492,landlord,Ruiz Inc 00492,Region B
CPT-00493,landlord,Scott-Klein 00493,Region E
CPT-00494,landlord,Jones-Zhang 00494,Region B
CPT-00495,landlord,"Knight, Santana and Green 00495",Region F
CPT-00496,landlord,"Jackson, Fleming and Rodgers 00496",Region C
CPT-00497,landlord,Scott PLC 00497,Region D
CPT-00498,landlord,"Bernard, Roy and Garcia 00498",Region A
CPT-00499,landlord,Williams-Erickson 00499,Region E
CPT-00500,landlord,Hernandez LLC 00500,Region C
CPT-00501,landlord,"Hunt, Hicks and Hull 00501",Region C
CPT-00502,landlord,Baldwin-Griffith 00502,Region B
CPT-00503,landlord,Sanford LLC 00503,Region B
CPT-00504,landlord,"Williams, Wang and Robinson 00504",Region C
CPT-00505,landlord,Cruz PLC 00505,Region E
CPT-00506,landlord,Fuentes-Buck 00506,Region B
CPT-00507,landlord,Burke and Sons 00507,Region C
CPT-00508,landlord,Alvarez-Thompson 00508,Region F
CPT-00509,landlord,"Cole, Goodman and Mcdonald 00509",Region A
CPT-00510,landlord,"Davidson, Harrington and Nelson 00510",Region C
CPT-00511,landlord,Tran Inc 00511,Region E
CPT-00512,landlord,Walton Group 00512,Region F
CPT-00513,landlord,Santos-Stevenson 00513,Region D
CPT-00514,landlord,Ortiz and Sons 00514,Region B
CPT-00515,landlord,Martinez Inc 00515,Region B
CPT-00516,landlord,Collins-Campbell 00516,Region D
CPT-00517,landlord,"Saunders, Patrick and Faulkner 00517",Region D
CPT-00518,landlord,Carson Group 00518,Region F
CPT-00519,landlord,Lynn-Jackson 00519,Region A
CPT-00520,landlord,"Osborne, Bridges and Wood 00520",Region C
CPT-00521,landlord,Brown-Weaver 00521,Region B
CPT-00522,landlord,"Herrera, Carey and Mcintyre 00522",Region B
CPT-00523,landlord,"Dennis, Johnson and Meyer 00523",Region E
CPT-00524,landlord,Jenkins-Rose 00524,Region B
CPT-00525,landlord,"Chandler, Smith and Baker 00525",Region A
CPT-00526,landlord,Cooper-Bird 00526,Region A
CPT-00527,landlord,"Hill, Bryant and Hobbs 00527",Region E
CPT-00528,landlord,"Sandoval, Stokes and Benjamin 00528",Region D
CPT-00529,landlord,Gonzalez-Johnson 00529,Region D
CPT-00530,landlord,Tucker and Sons 00530,Region D
CPT-00531,landlord,Gilbert Inc 00531,Region D
CPT-00532,landlord,"Abbott, Ward and Case 00532",Region F
CPT-00533,landlord,"Simpson, Lawrence and Scott 00533",Region D
CPT-00534,landlord,Sullivan-Wilson 00534,Region A
CPT-00535,landlord,Murphy Group 00535,Region E
CPT-00536,landlord,Fernandez-Russell 00536,Region B
CPT-00537,landlord,King Group 00537,Region A
CPT-00538,landlord,"Martin, Greer and Bennett 00538",Region E
CPT-00539,landlord,Luna-Rodriguez 00539,Region E
CPT-00540,landlord,Riley-Holland 00540,Region C
CPT-00541,landlord,Flores PLC 00541,Region F
CPT-00542,landlord,Sullivan-Robles 00542,Region B
CPT-00543,landlord,Nichols-Smith 00543,Region F
CPT-00544,landlord,"Mcknight, Ochoa and Johnson 00544",Region B
CPT-00545,landlord,Garrett PLC 00545,Region E
CPT-00546,landlord,Hill-Simpson 00546,Region B
CPT-00547,landlord,Wolfe-Wolfe 00547,Region A
CPT-00548,landlord,Bernard Inc 00548,Region F
CPT-00549,landlord,Anderson and Sons 00549,Region C
CPT-00550,landlord,Larson-Lee 00550,Region E
CPT-00551,landlord,Alvarado-Flores 00551,Region E
CPT-00552,landlord,Russell Inc 00552,Region F
CPT-00553,landlord,Aguilar-Harding 00553,Region A
CPT-00554,landlord,Moore Inc 00554,Region B
CPT-00555,landlord,Nguyen LLC 00555,Region C
CPT-00556,landlord,Cook PLC 00556,Region A
CPT-00557,landlord,"Lewis, Tucker and Riley 00557",Region E
CPT-00558,landlord,Velez PLC 00558,Region E
CPT-00559,landlord,"Turner, Andrews and Barry 00559",Region F
CPT-00560,landlord,Mccullough-Friedman 00560,Region F
CPT-00561,landlord,Burke-Foley 00561,Region A
CPT-00562,landlord,"Hurley, Williamson and Mcgrath 00562",Region C
CPT-00563,landlord,"Vargas, Gray and Wade 00563",Region A
CPT-00564,landlord,Schmidt-Lopez 00564,Region B
CPT-00565,landlord,Montgomery-Casey 00565,Region A
CPT-00566,landlord,Frazier-Jones 00566,Region D
CPT-00567,landlord,Ray Inc 00567,Region B
CPT-00568,landlord,"Johnson, Holloway and Fitzpatrick 00568",Region B
CPT-00569,landlord,Stuart Group 00569,Region D
CPT-00570,landlord,"Richardson, Garza and Arroyo 00570",Region B
CPT-00571,landlord,Perez Inc 00571,Region C
CPT-00572,landlord,"Jackson, Clay and Reilly 00572",Region D
CPT-00573,landlord,"Miller, Hensley and Davis 00573",Region D
CPT-00574,landlord,"Allen, Brown and Rodriguez 00574",Region D
CPT-00575,landlord,"Yoder, Brown and Flowers 00575",Region A
CPT-00576,landlord,"Brown, Hickman and Thompson 00576",Region C
CPT-00577,landlord,Rivas-Williams 00577,Region B
CPT-00578,landlord,Ball LLC 00578,Region C
CPT-00579,landlord,Smith-Franklin 00579,Region C
CPT-00580,landlord,Yates Inc 00580,Region F
CPT-00581,landlord,Smith and Sons 00581,Region C
CPT-00582,landlord,Jones PLC 00582,Region E
CPT-00583,landlord,Holloway and Sons 00583,Region E
CPT-00584,landlord,"Young, Rivers and Terry 00584",Region D
CPT-00585,landlord,Gonzalez Inc 00585,Region D
CPT-00586,landlord,Hinton-Parks 00586,Region C
CPT-00587,landlord,Meyer-Sanchez 00587,Region B
CPT-00588,landlord,Soto-Frye 00588,Region E
CPT-00589,merchant,"Jacobson, Johnston and Morales 00589",Region D
CPT-00590,merchant,Bailey and Sons 00590,Region A
CPT-00591,merchant,Gutierrez-Russell 00591,Region E
CPT-00592,merchant,Grimes Ltd 00592,Region D
CPT-00593,merchant,"Silva, Ortiz and Durham 00593",Region A
CPT-00594,merchant,"Anderson, Serrano and Jones 00594",Region E
CPT-00595,merchant,Watson-Jones 00595,Region B
CPT-00596,merchant,Moss-Woods 00596,Region E
CPT-00597,merchant,White Inc 00597,Region F
CPT-00598,merchant,Blevins-Holland 00598,Region E
CPT-00599,merchant,"Smith, Smith and Brandt 00599",Region B
CPT-00600,merchant,Villa-Thompson 00600,Region D
CPT-00601,merchant,Flores-Cochran 00601,Region F
CPT-00602,merchant,Miller LLC 00602,Region D
CPT-00603,merchant,"Villanueva, Perez and Lewis 00603",Region D
CPT-00604,merchant,Lewis and Sons 00604,Region A
CPT-00605,merchant,Hamilton LLC 00605,Region B
CPT-00606,merchant,Foley-Ramirez 00606,Region A
CPT-00607,merchant,Hill LLC 00607,Region D
CPT-00608,merchant,Conley-Colon 00608,Region B
CPT-00609,merchant,Ortiz and Sons 00609,Region A
CPT-00610,merchant,White Inc 00610,Region B
CPT-00611,merchant,"Miller, Galloway and Oneal 00611",Region D
CPT-00612,merchant,"Burns, Pham and Palmer 00612",Region E
CPT-00613,merchant,"Shaw, Jones and Cruz 00613",Region F
CPT-00614,merchant,Hanson-Crane 00614,Region C
CPT-00615,merchant,Brock PLC 00615,Region E
CPT-00616,merchant,Allen-Bryant 00616,Region B
CPT-00617,merchant,Reed-Kline 00617,Region E
CPT-00618,merchant,Nguyen-Howell 00618,Region B
CPT-00619,merchant,Jones Group 00619,Region E
CPT-00620,merchant,Frost-Perez 00620,Region B
CPT-00621,merchant,Crosby-Rogers 00621,Region F
CPT-00622,merchant,Ward Inc 00622,Region C
CPT-00623,merchant,"Mason, Gillespie and Weaver 00623",Region C
CPT-00624,merchant,"Palmer, Knox and Dean 00624",Region C
CPT-00625,merchant,"Garcia, Harris and Harris 00625",Region C
CPT-00626,merchant,Hartman-Lewis 00626,Region A
CPT-00627,merchant,"Little, Coffey and Dunlap 00627",Region D
CPT-00628,merchant,Elliott-Erickson 00628,Region A
CPT-00629,merchant,"Lopez, Neal and Lucas 00629",Region C
CPT-00630,merchant,Pearson Ltd 00630,Region C
CPT-00631,merchant,"Scott, Jimenez and Walters 00631",Region B
CPT-00632,merchant,"Tapia, Esparza and Collins 00632",Region B
CPT-00633,merchant,Landry Group 00633,Region D
CPT-00634,merchant,Griffin-Wallace 00634,Region B
CPT-00635,merchant,Anderson LLC 00635,Region E
CPT-00636,merchant,"Henry, Ortega and Lucas 00636",Region D
CPT-00637,merchant,Esparza Inc 00637,Region B
CPT-00638,merchant,Watson and Sons 00638,Region E
CPT-00639,merchant,"Harding, Cole and Rogers 00639",Region D
CPT-00640,merchant,Bryan-Kirk 00640,Region D
CPT-00641,merchant,Mitchell-Stokes 00641,Region E
CPT-00642,merchant,"Robertson, Howe and Murphy 00642",Region B
CPT-00643,merchant,Cardenas-Murphy 00643,Region A
CPT-00644,merchant,"Ramsey, Rodriguez and Nicholson 00644",Region E
CPT-00645,merchant,Miller Inc 00645,Region D
CPT-00646,merchant,"Bush, Morrison and Hall 00646",Region A
CPT-00647,merchant,"Lee, Mckinney and Foley 00647",Region C
CPT-00648,merchant,Sherman Ltd 00648,Region E
CPT-00649,merchant,"Richardson, Ellis and Nguyen 00649",Region B
CPT-00650,merchant,"Coleman, Jensen and Zimmerman 00650",Region C
CPT-00651,merchant,"Kaiser, Rogers and Rivera 00651",Region F
CPT-00652,merchant,Willis Ltd 00652,Region F
CPT-00653,merchant,Weiss Group 00653,Region B
CPT-00654,merchant,Sanchez-Moyer 00654,Region C
CPT-00655,merchant,"Parker, Wallace and Taylor 00655",Region C
CPT-00656,merchant,"Williams, Washington and Williams 00656",Region E
CPT-00657,merchant,"Powell, Fuller and Shelton 00657",Region B
CPT-00658,merchant,Atkinson-Byrd 00658,Region E
CPT-00659,merchant,Martinez-Oconnell 00659,Region F
CPT-00660,merchant,"Romero, Bailey and Long 00660",Region F
CPT-00661,merchant,Perez Inc 00661,Region B
CPT-00662,merchant,Moore Ltd 00662,Region E
CPT-00663,merchant,Contreras Inc 00663,Region F
CPT-00664,merchant,"Adams, Phillips and Blackburn 00664",Region F
CPT-00665,merchant,"Harris, Foster and Harris 00665",Region C
CPT-00666,merchant,Hartman-Woods 00666,Region C
CPT-00667,merchant,Booker-Gordon 00667,Region A
CPT-00668,merchant,Cummings-Harris 00668,Region C
CPT-00669,merchant,"Sharp, Evans and George 00669",Region D
CPT-00670,merchant,Duke PLC 00670,Region D
CPT-00671,merchant,"Wilkins, Wilson and Franklin 00671",Region E
CPT-00672,merchant,"French, James and Smith 00672",Region D
CPT-00673,merchant,Delgado-Gallagher 00673,Region C
CPT-00674,merchant,"Lynch, Miller and Campbell 00674",Region E
CPT-00675,merchant,Black-Ross 00675,Region C
CPT-00676,merchant,Byrd-Dickerson 00676,Region E
CPT-00677,merchant,Gill-Cherry 00677,Region F
CPT-00678,merchant,Ward-Lewis 00678,Region F
CPT-00679,merchant,White Inc 00679,Region A
CPT-00680,merchant,Moody Ltd 00680,Region B
CPT-00681,merchant,"Hill, Castro and Hoffman 00681",Region B
CPT-00682,merchant,Santos LLC 00682,Region E
CPT-00683,merchant,Olson Group 00683,Region F
CPT-00684,merchant,Robinson-Olson 00684,Region F
CPT-00685,merchant,Henderson-Massey 00685,Region C
CPT-00686,merchant,"Fowler, Mclaughlin and Watts 00686",Region D
CPT-00687,merchant,"Hicks, Frey and Hammond 00687",Region D
CPT-00688,merchant,Garrison PLC 00688,Region D
CPT-00689,merchant,Austin-Noble 00689,Region F
CPT-00690,merchant,Hall Ltd 00690,Region D
CPT-00691,merchant,Bradley Group 00691,Region E
CPT-00692,merchant,Cardenas and Sons 00692,Region F
CPT-00693,merchant,"Lee, Silva and Williams 00693",Region C
CPT-00694,merchant,"Graham, Sawyer and Hood 00694",Region A
CPT-00695,merchant,"Reynolds, Griffin and Black 00695",Region A
CPT-00696,merchant,"Carlson, Lewis and Thomas 00696",Region E
CPT-00697,merchant,Griffith-Morales 00697,Region A
CPT-00698,merchant,Perez-Long 00698,Region D
CPT-00699,merchant,"Webb, Caldwell and Frazier 00699",Region A
CPT-00700,merchant,Zimmerman Group 00700,Region E
CPT-00701,merchant,Tran PLC 00701,Region B
CPT-00702,merchant,Brewer-Torres 00702,Region E
CPT-00703,merchant,Moreno-Bruce 00703,Region F
CPT-00704,merchant,Holloway-Holmes 00704,Region B
CPT-00705,merchant,Fuentes Group 00705,Region E
CPT-00706,merchant,Miller Inc 00706,Region C
CPT-00707,merchant,Farrell-Bryant 00707,Region A
CPT-00708,merchant,Sampson Inc 00708,Region C
CPT-00709,merchant,Evans-Parker 00709,Region A
CPT-00710,merchant,Ferguson PLC 00710,Region E
CPT-00711,merchant,Bailey-Norton 00711,Region D
CPT-00712,merchant,Johns Inc 00712,Region D
CPT-00713,merchant,"Martinez, Baker and Clark 00713",Region B
CPT-00714,merchant,"Moses, Gill and Harris 00714",Region D
CPT-00715,merchant,Powell Group 00715,Region D
CPT-00716,merchant,Fowler PLC 00716,Region C
CPT-00717,merchant,James Ltd 00717,Region D
CPT-00718,merchant,Chan-Harris 00718,Region A
CPT-00719,merchant,Williams-Esparza 00719,Region B
CPT-00720,merchant,Hansen Group 00720,Region A
CPT-00721,merchant,"Hendrix, Wiggins and Harris 00721",Region D
CPT-00722,merchant,"Barnes, Holder and Phillips 00722",Region C
CPT-00723,merchant,Garrett Group 00723,Region B
CPT-00724,merchant,"Anderson, Vasquez and Doyle 00724",Region B
CPT-00725,merchant,"Peterson, Gregory and Hoffman 00725",Region D
CPT-00726,merchant,Pena LLC 00726,Region E
CPT-00727,merchant,Richardson-Zhang 00727,Region D
CPT-00728,merchant,Hurst Ltd 00728,Region C
CPT-00729,merchant,Thompson-Ballard 00729,Region B
CPT-00730,merchant,Miller-Cooper 00730,Region D
CPT-00731,merchant,Becker-Jones 00731,Region F
CPT-00732,merchant,"Fletcher, Powell and James 00732",Region A
CPT-00733,merchant,Monroe Inc 00733,Region E
CPT-00734,merchant,Lopez-Carlson 00734,Region E
CPT-00735,merchant,Hoover PLC 00735,Region E
CPT-00736,merchant,Conrad and Sons 00736,Region E
CPT-00737,merchant,Faulkner-Parrish 00737,Region F
CPT-00738,merchant,Lang-Hodges 00738,Region A
CPT-00739,merchant,Walker Group 00739,Region D
CPT-00740,merchant,"Leonard, Wilson and Martinez 00740",Region D
CPT-00741,merchant,Huang LLC 00741,Region E
CPT-00742,merchant,"Herrera, Matthews and Delgado 00742",Region A
CPT-00743,merchant,Brown-Harris 00743,Region F
CPT-00744,merchant,Murphy-Ware 00744,Region C
CPT-00745,merchant,Miller and Sons 00745,Region A
CPT-00746,merchant,"Wilson, Huerta and Smith 00746",Region A
CPT-00747,merchant,Thompson LLC 00747,Region C
CPT-00748,merchant,"Thomas, Duffy and Powell 00748",Region F
CPT-00749,merchant,Ruiz-Davis 00749,Region F
CPT-00750,merchant,"Gonzalez, Powell and Tanner 00750",Region E
CPT-00751,merchant,"Shepard, Blackwell and Mcguire 00751",Region A
CPT-00752,merchant,"Smith, Silva and Lambert 00752",Region E
CPT-00753,merchant,Bruce-Mills 00753,Region B
CPT-00754,merchant,Scott-Mills 00754,Region C
CPT-00755,merchant,Powers-Alvarez 00755,Region B
CPT-00756,merchant,Luna-Townsend 00756,Region A
CPT-00757,merchant,Nguyen Group 00757,Region A
CPT-00758,merchant,Wilson-Bell 00758,Region E
CPT-00759,merchant,Rodriguez and Sons 00759,Region B
CPT-00760,merchant,Cole-Lopez 00760,Region D
CPT-00761,merchant,Lang-Campbell 00761,Region B
CPT-00762,merchant,Hopkins Group 00762,Region E
CPT-00763,merchant,Taylor-Galvan 00763,Region F
CPT-00764,merchant,Clark-Alexander 00764,Region E
CPT-00765,merchant,"Pierce, Haas and Bradley 00765",Region B
CPT-00766,merchant,Kline Group 00766,Region B
CPT-00767,merchant,"Blackwell, Campbell and Avery 00767",Region D
CPT-00768,merchant,"Diaz, Rogers and Turner 00768",Region D
CPT-00769,merchant,"Butler, Choi and Williams 00769",Region F
CPT-00770,merchant,Robbins-Li 00770,Region F
CPT-00771,merchant,Gray-Tyler 00771,Region F
CPT-00772,merchant,"Bender, Harris and Pope 00772",Region C
CPT-00773,merchant,Jennings-Brown 00773,Region A
CPT-00774,merchant,Thompson Group 00774,Region B
CPT-00775,merchant,Small Inc 00775,Region D
CPT-00776,merchant,"Wallace, Murillo and Barnes 00776",Region C
CPT-00777,merchant,Rodriguez PLC 00777,Region E
CPT-00778,merchant,Wilson-Perry 00778,Region E
CPT-00779,merchant,Brooks-Whitehead 00779,Region D
CPT-00780,merchant,Perez Ltd 00780,Region F
CPT-00781,merchant,"Edwards, Brown and Zavala 00781",Region E
CPT-00782,merchant,Hansen-Lozano 00782,Region B
CPT-00783,merchant,Guzman-Lopez 00783,Region E
CPT-00784,merchant,Rich-Henderson 00784,Region C
CPT-00785,merchant,Gibson and Sons 00785,Region F
CPT-00786,merchant,Jordan-Gardner 00786,Region C
CPT-00787,merchant,Watson Group 00787,Region C
CPT-00788,merchant,Shelton Ltd 00788,Region A
CPT-00789,merchant,Greer PLC 00789,Region A
CPT-00790,merchant,"Adams, Morris and Castillo 00790",Region F
CPT-00791,merchant,Ryan-Johnson 00791,Region D
CPT-00792,merchant,"Griffith, Brown and Glover 00792",Region A
CPT-00793,merchant,Lewis-Moore 00793,Region E
CPT-00794,merchant,"Holt, Dillon and Hunt 00794",Region D
CPT-00795,merchant,Harris-Dominguez 00795,Region A
CPT-00796,merchant,Glass-Holt 00796,Region A
CPT-00797,merchant,Morales-Jones 00797,Region D
CPT-00798,merchant,Williams-Obrien 00798,Region E
CPT-00799,merchant,"Lowe, Hughes and Franklin 00799",Region B
CPT-00800,merchant,Duarte and Sons 00800,Region B
CPT-00801,merchant,Scott-Mcmillan 00801,Region D
CPT-00802,merchant,Huynh Inc 00802,Region E
CPT-00803,merchant,"Lee, Cannon and Miller 00803",Region D
CPT-00804,merchant,Zamora-Bradley 00804,Region B
CPT-00805,merchant,"Allen, Ward and Jones 00805",Region B
CPT-00806,merchant,"Neal, Martin and Miller 00806",Region F
CPT-00807,merchant,Gonzalez Inc 00807,Region E
CPT-00808,merchant,"Young, Cook and Jones 00808",Region B
CPT-00809,merchant,"Nelson, Coleman and Daniel 00809",Region E
CPT-00810,merchant,Jenkins-Jacobson 00810,Region A
CPT-00811,merchant,Pacheco LLC 00811,Region F
CPT-00812,merchant,"Jefferson, Brown and Owens 00812",Region A
CPT-00813,merchant,Wright-Gill 00813,Region A
CPT-00814,merchant,"Rojas, Fischer and Sanford 00814",Region C
CPT-00815,merchant,"Atkins, Mclean and Lopez 00815",Region C
CPT-00816,merchant,"Richards, Williams and Walker 00816",Region A
CPT-00817,merchant,Williams-Robles 00817,Region F
CPT-00818,merchant,Brown-Fernandez 00818,Region B
CPT-00819,merchant,Castro PLC 00819,Region A
CPT-00820,merchant,Hernandez Inc 00820,Region C
CPT-00821,merchant,Goodman Ltd 00821,Region C
CPT-00822,merchant,Wright and Sons 00822,Region A
CPT-00823,merchant,Singh Inc 00823,Region D
CPT-00824,merchant,"Craig, Santana and Hodge 00824",Region A
CPT-00825,merchant,"Lambert, Schmidt and Herman 00825",Region E
CPT-00826,merchant,Mosley LLC 00826,Region B
CPT-00827,merchant,Taylor-Williams 00827,Region E
CPT-00828,merchant,"Carr, Nelson and Patterson 00828",Region D
CPT-00829,merchant,"Williams, Dunlap and Briggs 00829",Region D
CPT-00830,merchant,Butler-Brown 00830,Region C
CPT-00831,merchant,Shields LLC 00831,Region B
CPT-00832,merchant,"Lewis, Orr and Thompson 00832",Region F
CPT-00833,merchant,"Hart, Brown and Garcia 00833",Region B
CPT-00834,merchant,"Marks, Lopez and Vazquez 00834",Region B
CPT-00835,merchant,Case Ltd 00835,Region A
CPT-00836,merchant,Joseph LLC 00836,Region B
CPT-00837,merchant,"Buckley, Hurst and Jones 00837",Region A
CPT-00838,merchant,Koch Inc 00838,Region A
CPT-00839,merchant,Allen-Harris 00839,Region B
CPT-00840,merchant,"Smith, Martin and Fisher 00840",Region F
CPT-00841,merchant,Mcgrath PLC 00841,Region A
CPT-00842,merchant,Ruiz Group 00842,Region D
CPT-00843,merchant,Ray and Sons 00843,Region B
CPT-00844,merchant,Hamilton Group 00844,Region B
CPT-00845,merchant,"Smith, Simmons and Little 00845",Region D
CPT-00846,merchant,Willis-Smith 00846,Region B
CPT-00847,merchant,"Howell, Roman and Singleton 00847",Region F
CPT-00848,merchant,"Mckenzie, Griffin and Sandoval 00848",Region A
CPT-00849,merchant,"Whitehead, Lara and Martin 00849",Region C
CPT-00850,merchant,Fuentes and Sons 00850,Region C
CPT-00851,merchant,"Watson, Salazar and Bowen 00851",Region A
CPT-00852,merchant,Brown Ltd 00852,Region E
CPT-00853,merchant,Griffin-James 00853,Region F
CPT-00854,merchant,"Schwartz, Shah and Lawson 00854",Region A
CPT-00855,merchant,Crawford Inc 00855,Region A
CPT-00856,merchant,"Brown, Garcia and Dodson 00856",Region B
CPT-00857,merchant,"Vincent, Conrad and Jensen 00857",Region D
CPT-00858,merchant,Jackson-Adams 00858,Region A
CPT-00859,merchant,Figueroa PLC 00859,Region E
CPT-00860,merchant,Thompson-Baker 00860,Region F
CPT-00861,merchant,"Myers, Weaver and Wallace 00861",Region A
CPT-00862,merchant,"Moore, Brown and Ross 00862",Region B
CPT-00863,merchant,Jenkins-Sanders 00863,Region A
CPT-00864,merchant,Johnson Group 00864,Region C
CPT-00865,merchant,"Browning, Mccarthy and Mathews 00865",Region A
CPT-00866,merchant,Sloan-Jefferson 00866,Region D
CPT-00867,merchant,Knight Inc 00867,Region A
CPT-00868,merchant,Molina-Kelly 00868,Region F
CPT-00869,merchant,Graham and Sons 00869,Region A
CPT-00870,merchant,Brooks-Walker 00870,Region D
CPT-00871,merchant,Collins and Sons 00871,Region F
CPT-00872,merchant,Blake-Washington 00872,Region B
CPT-00873,merchant,"Sanchez, Arnold and Simmons 00873",Region A
CPT-00874,merchant,Hudson-Alvarado 00874,Region B
CPT-00875,merchant,Davis PLC 00875,Region B
CPT-00876,merchant,"Powell, Holmes and Wilkins 00876",Region A
CPT-00877,merchant,Mcclure-Davis 00877,Region C
CPT-00878,merchant,"Jacobs, Russo and Stephens 00878",Region C
CPT-00879,merchant,Roth-Schmidt 00879,Region F
CPT-00880,merchant,Bennett-Perkins 00880,Region D
CPT-00881,merchant,"Webb, Jennings and Villarreal 00881",Region B
CPT-00882,merchant,Schmidt-Pope 00882,Region E
CPT-00883,merchant,Smith Inc 00883,Region F
CPT-00884,merchant,"Odonnell, Carter and Lee 00884",Region B
CPT-00885,merchant,Garrett-King 00885,Region F
CPT-00886,merchant,Ferrell PLC 00886,Region F
CPT-00887,merchant,"Collins, Bruce and Berg 00887",Region D
CPT-00888,merchant,"Green, Arnold and Guerrero 00888",Region B
CPT-00889,merchant,"Carlson, Reyes and Lee 00889",Region C
CPT-00890,merchant,"Carter, Cross and Baker 00890",Region F
CPT-00891,merchant,Stewart PLC 00891,Region D
CPT-00892,merchant,Martinez PLC 00892,Region A
CPT-00893,merchant,Bradley-James 00893,Region C
CPT-00894,merchant,Fischer-Orr 00894,Region F
CPT-00895,merchant,Miller Inc 00895,Region B
CPT-00896,merchant,"Taylor, Tucker and Barnes 00896",Region C
CPT-00897,merchant,Baker-Butler 00897,Region B
CPT-00898,merchant,"Williams, Barron and Ellison 00898",Region C
CPT-00899,merchant,Green PLC 00899,Region D
CPT-00900,merchant,Mercado and Sons 00900,Region B
CPT-00901,merchant,Hawkins-Young 00901,Region E
CPT-00902,merchant,"Blair, Mclean and Bonilla 00902",Region E
CPT-00903,merchant,Stone LLC 00903,Region C
CPT-00904,merchant,"Marshall, Moses and Miller 00904",Region B
CPT-00905,merchant,Bruce-Wells 00905,Region F
CPT-00906,merchant,"Chan, Mccullough and Gonzalez 00906",Region E
CPT-00907,merchant,Ashley PLC 00907,Region F
CPT-00908,merchant,Kirby Ltd 00908,Region C
CPT-00909,merchant,Kelly-Gallegos 00909,Region C
CPT-00910,merchant,Stevens-Nguyen 00910,Region B
CPT-00911,merchant,"Anderson, Gibson and Jones 00911",Region A
CPT-00912,merchant,Stephens-Johnson 00912,Region B
CPT-00913,merchant,"Miller, Tapia and Kelly 00913",Region F
CPT-00914,merchant,Wilson Ltd 00914,Region D
CPT-00915,merchant,Lewis Group 00915,Region E
CPT-00916,merchant,Cole Group 00916,Region F
CPT-00917,merchant,Walker-Moore 00917,Region E
CPT-00918,merchant,"Marsh, Bryant and Sanchez 00918",Region A
CPT-00919,merchant,Phillips-Bell 00919,Region E
CPT-00920,merchant,"Graham, Bentley and Lewis 00920",Region D
CPT-00921,merchant,Rivera-Lyons 00921,Region F
CPT-00922,merchant,"Rasmussen, Johnson and Howard 00922",Region D
CPT-00923,merchant,"Cowan, Frazier and Powell 00923",Region C
CPT-00924,merchant,Salazar-Myers 00924,Region B
CPT-00925,merchant,Santana Ltd 00925,Region B
CPT-00926,merchant,"Moreno, Silva and Shaffer 00926",Region A
CPT-00927,merchant,Short LLC 00927,Region E
CPT-00928,merchant,Jones Ltd 00928,Region F
CPT-00929,merchant,"Thompson, Edwards and Jones 00929",Region E
CPT-00930,merchant,Hall-Schneider 00930,Region D
CPT-00931,merchant,"Young, Thompson and Davis 00931",Region C
CPT-00932,merchant,"Brewer, Porter and Delacruz 00932",Region E
CPT-00933,merchant,"Hayden, Hinton and Ware 00933",Region D
CPT-00934,merchant,Francis PLC 00934,Region C
CPT-00935,merchant,Montoya-Montoya 00935,Region F
CPT-00936,merchant,Atkinson Group 00936,Region E
CPT-00937,merchant,"Miller, Gonzales and Wise 00937",Region B
CPT-00938,merchant,"Oliver, Huang and Lawrence 00938",Region C
CPT-00939,merchant,Mitchell-Murphy 00939,Region E
CPT-00940,merchant,"Cooper, Gillespie and Ashley 00940",Region F
CPT-00941,merchant,"Harper, Freeman and Trevino 00941",Region A
CPT-00942,merchant,"Garcia, Silva and Fernandez 00942",Region A
CPT-00943,merchant,Martinez-Ruiz 00943,Region A
CPT-00944,merchant,"Byrd, Stark and Ward 00944",Region A
CPT-00945,merchant,Hardy-Willis 00945,Region C
CPT-00946,merchant,Rivera PLC 00946,Region C
CPT-00947,merchant,Berger-Valdez 00947,Region F
CPT-00948,merchant,Morgan-Santos 00948,Region D
CPT-00949,merchant,"Warner, Keller and Lynch 00949",Region D
CPT-00950,merchant,Walters-Alvarez 00950,Region E
CPT-00951,merchant,"Wolf, Davis and Patel 00951",Region C
CPT-00952,merchant,Mcbride-Perry 00952,Region B
CPT-00953,merchant,"Collins, Cox and Barnett 00953",Region F
CPT-00954,merchant,Leon PLC 00954,Region F
CPT-00955,merchant,Sullivan Ltd 00955,Region D
CPT-00956,merchant,"Torres, Morse and Johnson 00956",Region E
CPT-00957,merchant,Parks Inc 00957,Region B
CPT-00958,merchant,"Moore, Dean and Hamilton 00958",Region F
CPT-00959,merchant,Boyle-Norris 00959,Region B
CPT-00960,merchant,"Lee, Rogers and Mann 00960",Region D
CPT-00961,merchant,Allen and Sons 00961,Region F
CPT-00962,merchant,Gonzales Group 00962,Region B
CPT-00963,merchant,Cantrell PLC 00963,Region D
CPT-00964,merchant,"Woods, Jones and Shaffer 00964",Region A
CPT-00965,merchant,Cole-Salinas 00965,Region D
CPT-00966,merchant,"Barr, Dennis and Dennis 00966",Region E
CPT-00967,merchant,"Thompson, Taylor and Sullivan 00967",Region F
CPT-00968,merchant,Smith-Hernandez 00968,Region B
CPT-00969,merchant,Thomas-Cook 00969,Region C
CPT-00970,merchant,"Barrera, Parker and Adams 00970",Region E
CPT-00971,merchant,Hooper LLC 00971,Region F
CPT-00972,merchant,Williams-Davis 00972,Region B
CPT-00973,merchant,Baker-Hodge 00973,Region C
CPT-00974,merchant,Harper-Chen 00974,Region C
CPT-00975,merchant,"Hughes, Kim and Stewart 00975",Region F
CPT-00976,merchant,Mitchell and Sons 00976,Region F
CPT-00977,merchant,Brown-Hill 00977,Region D
CPT-00978,merchant,Hogan-Nelson 00978,Region B
CPT-00979,merchant,Brewer Ltd 00979,Region E
CPT-00980,merchant,Smith-Fry 00980,Region B
CPT-00981,merchant,Gutierrez-Stewart 00981,Region F
CPT-00982,merchant,"Grimes, Cline and Rivera 00982",Region C
CPT-00983,merchant,Oconnell and Sons 00983,Region D
CPT-00984,merchant,"Williams, Huffman and Morrison 00984",Region B
CPT-00985,merchant,Richardson-Patterson 00985,Region E
CPT-00986,merchant,Mccoy-Hernandez 00986,Region E
CPT-00987,merchant,Fisher Inc 00987,Region C
CPT-00988,merchant,"Chapman, Ross and Fox 00988",Region D
CPT-00989,merchant,"Aguirre, Bailey and Perry 00989",Region B
CPT-00990,merchant,"Miller, Peterson and Rodriguez 00990",Region F
CPT-00991,merchant,"Charles, Morgan and Townsend 00991",Region C
CPT-00992,merchant,Hill-Dodson 00992,Region A
CPT-00993,merchant,Olsen and Sons 00993,Region F
CPT-00994,merchant,Hull Group 00994,Region A
CPT-00995,merchant,Lloyd-Vega 00995,Region F
CPT-00996,merchant,"Fisher, Stewart and Hinton 00996",Region B
CPT-00997,merchant,Edwards LLC 00997,Region B
CPT-00998,merchant,"Morgan, Singleton and Wilson 00998",Region B
CPT-00999,merchant,Brady Ltd 00999,Region E
CPT-01000,merchant,Brown Group 01000,Region D
CPT-01001,merchant,Arnold Ltd 01001,Region B
CPT-01002,merchant,Harrison-Fuller 01002,Region C
CPT-01003,merchant,Clark-Duke 01003,Region A
CPT-01004,merchant,Barnes Inc 01004,Region A
CPT-01005,merchant,Beck and Sons 01005,Region F
CPT-01006,merchant,"Jimenez, Joseph and Cameron 01006",Region F
CPT-01007,merchant,Rice-Martinez 01007,Region F
CPT-01008,merchant,Sullivan and Sons 01008,Region A
CPT-01009,merchant,Hall-Chapman 01009,Region D
CPT-01010,merchant,Anderson Group 01010,Region C
CPT-01011,merchant,Owens PLC 01011,Region D
CPT-01012,merchant,Acosta-Chandler 01012,Region C
CPT-01013,merchant,"Banks, Reeves and Wheeler 01013",Region C
CPT-01014,merchant,Beard and Sons 01014,Region A
CPT-01015,merchant,Smith-Jones 01015,Region A
CPT-01016,merchant,Poole-Mendez 01016,Region F
CPT-01017,merchant,"Collins, Thompson and Tran 01017",Region A
CPT-01018,merchant,Thompson PLC 01018,Region D
CPT-01019,merchant,Barnes-Middleton 01019,Region B
CPT-01020,merchant,Burton-Waters 01020,Region F
CPT-01021,merchant,Russell PLC 01021,Region A
CPT-01022,merchant,Jones Inc 01022,Region F
CPT-01023,merchant,Ballard and Sons 01023,Region E
CPT-01024,merchant,"Anderson, Tran and Perez 01024",Region A
CPT-01025,merchant,Allen-Allen 01025,Region E
CPT-01026,merchant,"Mccall, Thomas and Edwards 01026",Region B
CPT-01027,merchant,Medina-Knight 01027,Region E
CPT-01028,merchant,Brown LLC 01028,Region F
CPT-01029,merchant,"Martin, Brock and Brown 01029",Region A
CPT-01030,merchant,Guzman LLC 01030,Region D
CPT-01031,merchant,"Craig, Farmer and Robertson 01031",Region C
CPT-01032,merchant,"Martinez, Edwards and Larson 01032",Region F
CPT-01033,merchant,"Harris, Romero and Williams 01033",Region A
CPT-01034,merchant,"Hernandez, Watts and Parker 01034",Region C
CPT-01035,merchant,"Phillips, Reynolds and Montgomery 01035",Region F
CPT-01036,merchant,Smith Group 01036,Region D
CPT-01037,merchant,Rowe-Ross 01037,Region A
CPT-01038,merchant,Coleman-Turner 01038,Region C
CPT-01039,merchant,Terrell LLC 01039,Region C
CPT-01040,merchant,"Murphy, Cole and Miller 01040",Region F
CPT-01041,merchant,Parker-Garrett 01041,Region E
CPT-01042,merchant,"Rivas, Price and Davis 01042",Region D
CPT-01043,merchant,"Carpenter, Wilson and Moore 01043",Region E
CPT-01044,merchant,"Newton, Clark and Schneider 01044",Region C
CPT-01045,merchant,Flores-Wong 01045,Region B
CPT-01046,merchant,Ayers-Clark 01046,Region D
CPT-01047,merchant,Meyer Inc 01047,Region E
CPT-01048,merchant,Barry Ltd 01048,Region E
CPT-01049,merchant,"Burke, Hensley and Giles 01049",Region F
CPT-01050,merchant,Case-Taylor 01050,Region E
CPT-01051,merchant,Warren PLC 01051,Region F
CPT-01052,merchant,Padilla-Espinoza 01052,Region F
CPT-01053,merchant,Sawyer-Perry 01053,Region F
CPT-01054,merchant,"Ponce, Mccullough and Chaney 01054",Region C
CPT-01055,merchant,"Young, Miller and Ramsey 01055",Region A
CPT-01056,merchant,Murphy-Gonzalez 01056,Region B
CPT-01057,merchant,Bowen-Snyder 01057,Region A
CPT-01058,merchant,Johnson PLC 01058,Region C
CPT-01059,merchant,Romero-Reid 01059,Region F
CPT-01060,merchant,Reyes and Sons 01060,Region B
CPT-01061,merchant,Gomez Group 01061,Region D
CPT-01062,merchant,Perkins and Sons 01062,Region D
CPT-01063,merchant,Bailey Group 01063,Region C
CPT-01064,merchant,"Blevins, Burgess and Pham 01064",Region A
CPT-01065,merchant,Franco-Peters 01065,Region F
CPT-01066,merchant,"Norton, Miller and Walters 01066",Region B
CPT-01067,merchant,Lara Ltd 01067,Region E
CPT-01068,merchant,Campbell Ltd 01068,Region C
CPT-01069,merchant,"Johnson, Bradley and Bailey 01069",Region D
CPT-01070,merchant,"Torres, Moore and Orozco 01070",Region A
CPT-01071,merchant,"Sexton, Walter and Wallace 01071",Region E
CPT-01072,merchant,Gonzalez Inc 01072,Region E
CPT-01073,merchant,Jones PLC 01073,Region A
CPT-01074,merchant,Andrade PLC 01074,Region F
CPT-01075,merchant,Fitzgerald-Collins 01075,Region C
CPT-01076,merchant,"Weaver, Leon and Dennis 01076",Region D
CPT-01077,merchant,"Robinson, Banks and Hicks 01077",Region A
CPT-01078,merchant,"Ramirez, Mcdonald and Soto 01078",Region F
CPT-01079,merchant,Hughes and Sons 01079,Region F
CPT-01080,merchant,Dudley-Vincent 01080,Region E
CPT-01081,merchant,Sutton-Wood 01081,Region F
CPT-01082,merchant,"Rojas, Roberts and Sanders 01082",Region F
CPT-01083,merchant,"Morgan, Hunter and Phillips 01083",Region C
CPT-01084,merchant,Mitchell and Sons 01084,Region F
CPT-01085,merchant,Walter-Allen 01085,Region B
CPT-01086,merchant,Taylor and Sons 01086,Region D
CPT-01087,merchant,Kramer-Daniels 01087,Region E
CPT-01088,merchant,Fischer Group 01088,Region A
CPT-01089,merchant,"Brown, Clark and Combs 01089",Region E
CPT-01090,merchant,Frazier Ltd 01090,Region B
CPT-01091,merchant,Taylor-Torres 01091,Region A
CPT-01092,merchant,"Nelson, Taylor and Perkins 01092",Region C
CPT-01093,merchant,"Beltran, Johnson and Allen 01093",Region D
CPT-01094,merchant,"Taylor, Lozano and King 01094",Region F
CPT-01095,merchant,Todd-Russell 01095,Region F
CPT-01096,merchant,"Juarez, Bryant and Williams 01096",Region C
CPT-01097,merchant,"Powell, Martinez and Howell 01097",Region C
CPT-01098,merchant,"Anderson, Davis and Dominguez 01098",Region B
CPT-01099,merchant,"Johnson, Rodriguez and Short 01099",Region F
CPT-01100,merchant,"Powell, Mcknight and Roberts 01100",Region C
CPT-01101,merchant,"Tran, Camacho and Haas 01101",Region E
CPT-01102,merchant,Waller-Miller 01102,Region D
CPT-01103,merchant,Bridges Group 01103,Region B
CPT-01104,merchant,Franklin-Sanders 01104,Region D
CPT-01105,merchant,"Brown, King and Banks 01105",Region A
CPT-01106,merchant,Torres Ltd 01106,Region D
CPT-01107,merchant,"King, Daniels and Waters 01107",Region A
CPT-01108,merchant,"Richardson, Contreras and Dennis 01108",Region A
CPT-01109,merchant,"Cannon, Garcia and Clark 01109",Region D
CPT-01110,merchant,Salas Inc 01110,Region E
CPT-01111,merchant,Sanchez Group 01111,Region C
CPT-01112,merchant,Thomas Ltd 01112,Region B
CPT-01113,merchant,Curtis-Tyler 01113,Region F
CPT-01114,merchant,Cunningham-Schwartz 01114,Region C
CPT-01115,merchant,"Reid, Chan and Henry 01115",Region F
CPT-01116,merchant,Frederick-Miller 01116,Region D
CPT-01117,merchant,"Rhodes, Mccann and Hale 01117",Region B
CPT-01118,merchant,Carrillo-Griffin 01118,Region E
CPT-01119,merchant,"Jones, White and Fuentes 01119",Region A
CPT-01120,merchant,"Harper, Irwin and Benjamin 01120",Region D
CPT-01121,merchant,Rowe-Taylor 01121,Region C
CPT-01122,merchant,Short-Campbell 01122,Region C
CPT-01123,merchant,"Harding, Li and Jackson 01123",Region F
CPT-01124,merchant,Mills-Kaiser 01124,Region F
CPT-01125,merchant,White-Knight 01125,Region E
CPT-01126,merchant,Smith LLC 01126,Region D
CPT-01127,merchant,Johnson Inc 01127,Region C
CPT-01128,merchant,"Gomez, Garner and Vasquez 01128",Region B
CPT-01129,merchant,Lee and Sons 01129,Region B
CPT-01130,merchant,"Schaefer, Brooks and Fuller 01130",Region C
CPT-01131,merchant,Butler Inc 01131,Region C
CPT-01132,merchant,Combs Inc 01132,Region A
CPT-01133,merchant,"Long, Shepard and Wilson 01133",Region C
CPT-01134,merchant,"Decker, Stout and Moore 01134",Region E
CPT-01135,merchant,Estrada-Webb 01135,Region F
CPT-01136,merchant,Nunez Group 01136,Region F
CPT-01137,merchant,Hammond PLC 01137,Region F
CPT-01138,merchant,Cook LLC 01138,Region A
CPT-01139,merchant,"Lewis, Downs and Freeman 01139",Region B
CPT-01140,merchant,Turner Group 01140,Region B
CPT-01141,merchant,Green-Roberson 01141,Region F
CPT-01142,merchant,Taylor PLC 01142,Region C
CPT-01143,merchant,Howard-Owen 01143,Region C
CPT-01144,merchant,"Phillips, Rodriguez and Chaney 01144",Region D
CPT-01145,merchant,"Harrison, Murphy and Ferguson 01145",Region C
CPT-01146,merchant,Scott and Sons 01146,Region F
CPT-01147,merchant,"Esparza, Moore and Lozano 01147",Region A
CPT-01148,merchant,Weaver and Sons 01148,Region A
CPT-01149,merchant,Gonzalez-Smith 01149,Region A
CPT-01150,merchant,Mills PLC 01150,Region B
CPT-01151,merchant,Palmer-Burton 01151,Region F
CPT-01152,merchant,Kennedy and Sons 01152,Region C
CPT-01153,merchant,Deleon LLC 01153,Region E
CPT-01154,merchant,"Chan, Lyons and Medina 01154",Region C
CPT-01155,merchant,"Dorsey, Garcia and Love 01155",Region C
CPT-01156,merchant,Brown-Moore 01156,Region E
CPT-01157,merchant,"Ruiz, Lee and Sloan 01157",Region E
CPT-01158,merchant,"White, Perkins and Carter 01158",Region B
CPT-01159,merchant,"Reynolds, Porter and Glover 01159",Region B
CPT-01160,merchant,"Martin, Potts and Curry 01160",Region E
CPT-01161,merchant,Roberts-Henry 01161,Region F
CPT-01162,merchant,Gomez-Cole 01162,Region F
CPT-01163,merchant,Williams-Davidson 01163,Region F
CPT-01164,merchant,"Barajas, Ortega and Escobar 01164",Region B
CPT-01165,merchant,Clark Group 01165,Region D
CPT-01166,merchant,Anderson PLC 01166,Region F
CPT-01167,merchant,Kramer PLC 01167,Region A
CPT-01168,merchant,Rangel LLC 01168,Region C
CPT-01169,merchant,Cook-Chapman 01169,Region E
CPT-01170,merchant,Villarreal Inc 01170,Region F
CPT-01171,merchant,"Ruiz, Mills and Wade 01171",Region E
CPT-01172,merchant,Carter-Alvarez 01172,Region F
CPT-01173,merchant,Johnson-Clark 01173,Region B
CPT-01174,merchant,"Fitzgerald, Newman and Rogers 01174",Region C
CPT-01175,merchant,Russell-Anderson 01175,Region B
CPT-01176,merchant,Schmidt Inc 01176,Region A
CPT-01177,merchant,"Vasquez, Moore and Hendricks 01177",Region A
CPT-01178,merchant,Wilson-Villegas 01178,Region A
CPT-01179,merchant,Buchanan Group 01179,Region F
CPT-01180,merchant,Harris-Hayden 01180,Region E
CPT-01181,merchant,Hall Ltd 01181,Region A
CPT-01182,merchant,Campbell-Taylor 01182,Region D
CPT-01183,merchant,Henry Ltd 01183,Region D
CPT-01184,merchant,Griffin-Rodriguez 01184,Region C
CPT-01185,merchant,Perry LLC 01185,Region B
CPT-01186,merchant,Lane and Sons 01186,Region E
CPT-01187,merchant,Davis-Wilson 01187,Region A
CPT-01188,merchant,"Smith, Morrow and Rodriguez 01188",Region D
CPT-01189,merchant,"Wood, Graham and Fuller 01189",Region A
CPT-01190,merchant,"Carson, Jennings and Brown 01190",Region B
CPT-01191,merchant,"Miller, Russell and Johnson 01191",Region D
CPT-01192,merchant,Lewis Ltd 01192,Region C
CPT-01193,merchant,"Brown, Allen and Fritz 01193",Region C
CPT-01194,merchant,"White, Mitchell and Hill 01194",Region E
CPT-01195,merchant,Lopez-Richards 01195,Region F
CPT-01196,merchant,"Berry, Douglas and Landry 01196",Region E
CPT-01197,merchant,Phillips Ltd 01197,Region B
CPT-01198,merchant,Watson-Warren 01198,Region E
CPT-01199,merchant,Martinez-Rivera 01199,Region B
CPT-01200,merchant,Johnson Ltd 01200,Region B
CPT-01201,merchant,Cox-Norman 01201,Region E
CPT-01202,merchant,Jimenez-Brady 01202,Region B
CPT-01203,merchant,Mcdaniel PLC 01203,Region F
CPT-01204,merchant,Rice-Carr 01204,Region B
CPT-01205,merchant,Davidson PLC 01205,Region C
CPT-01206,merchant,Little PLC 01206,Region F
CPT-01207,merchant,Hurst-Williams 01207,Region E
CPT-01208,merchant,"Booth, Mueller and Soto 01208",Region C
CPT-01209,merchant,Day-Walker 01209,Region B
CPT-01210,merchant,Snyder-Johnson 01210,Region B
CPT-01211,merchant,"Kelly, Vance and Stafford 01211",Region D
CPT-01212,merchant,Hunter-Rowe 01212,Region B
CPT-01213,merchant,Irwin-Manning 01213,Region F
CPT-01214,merchant,Cross-Payne 01214,Region E
CPT-01215,merchant,Pace-Davis 01215,Region A
CPT-01216,merchant,Stewart-Smith 01216,Region B
CPT-01217,merchant,Morgan Group 01217,Region D
CPT-01218,merchant,Mitchell-Ayers 01218,Region C
CPT-01219,merchant,Benton Group 01219,Region F
CPT-01220,merchant,Diaz PLC 01220,Region E
CPT-01221,merchant,"Torres, Thomas and Kennedy 01221",Region C
CPT-01222,merchant,Prince PLC 01222,Region E
CPT-01223,merchant,Wells-Lane 01223,Region F
CPT-01224,merchant,Griffin Ltd 01224,Region A
CPT-01225,merchant,Kennedy-Friedman 01225,Region F
CPT-01226,merchant,Rojas-Smith 01226,Region F
CPT-01227,merchant,"Delgado, Maddox and Patton 01227",Region B
CPT-01228,merchant,Olson-Shelton 01228,Region D
CPT-01229,merchant,"Thomas, Washington and Allen 01229",Region E
CPT-01230,merchant,"Thompson, Scott and Powell 01230",Region B
CPT-01231,merchant,Morris PLC 01231,Region F
CPT-01232,merchant,Rios PLC 01232,Region D
CPT-01233,merchant,Simmons-Porter 01233,Region D
CPT-01234,merchant,Branch PLC 01234,Region A
CPT-01235,merchant,Schultz-Martinez 01235,Region D
CPT-01236,merchant,Bradley-Smith 01236,Region D
CPT-01237,merchant,Daniel Inc 01237,Region C
CPT-01238,merchant,"Johnson, Gonzales and Walker 01238",Region F
CPT-01239,merchant,Morales-Carter 01239,Region B
CPT-01240,merchant,Bailey-Moore 01240,Region D
CPT-01241,merchant,Schmitt-Romero 01241,Region E
CPT-01242,merchant,Wagner Ltd 01242,Region B
CPT-01243,merchant,Perry Group 01243,Region E
CPT-01244,merchant,Atkins-Herman 01244,Region C
CPT-01245,merchant,"Hays, Randall and Castro 01245",Region D
CPT-01246,merchant,Roth and Sons 01246,Region B
CPT-01247,merchant,"Reyes, Miles and Hayes 01247",Region C
CPT-01248,merchant,"Miller, Lucero and Walker 01248",Region D
CPT-01249,merchant,Gonzalez-Austin 01249,Region A
CPT-01250,merchant,"Lopez, Shannon and Thompson 01250",Region F
CPT-01251,merchant,Morgan Inc 01251,Region A
CPT-01252,merchant,"Vazquez, Johnson and Garcia 01252",Region F
CPT-01253,merchant,"Mathis, Roberts and Horton 01253",Region B
CPT-01254,merchant,"Dickerson, Mcclain and Lowery 01254",Region A
CPT-01255,merchant,Smith-Ponce 01255,Region C
CPT-01256,merchant,"Berg, Lewis and Nguyen 01256",Region A
CPT-01257,merchant,Curry LLC 01257,Region E
CPT-01258,merchant,Waller LLC 01258,Region E
CPT-01259,merchant,"Mendez, Howard and Christensen 01259",Region B
CPT-01260,merchant,Montoya Group 01260,Region D
CPT-01261,merchant,"Herrera, Ramirez and Smith 01261",Region D
CPT-01262,merchant,Short-Hebert 01262,Region A
CPT-01263,merchant,Cobb-Garcia 01263,Region C
CPT-01264,merchant,Mccoy LLC 01264,Region A
CPT-01265,merchant,"Hernandez, Jones and Oconnell 01265",Region F
CPT-01266,merchant,Smith Ltd 01266,Region D
CPT-01267,merchant,"Smith, Herrera and Mccormick 01267",Region C
CPT-01268,merchant,Jimenez Inc 01268,Region A
CPT-01269,merchant,Williams Inc 01269,Region E
CPT-01270,merchant,"Sosa, Henderson and Delacruz 01270",Region B
CPT-01271,merchant,Thompson-Rodriguez 01271,Region F
CPT-01272,merchant,Long-Skinner 01272,Region D
CPT-01273,merchant,Henderson and Sons 01273,Region A
CPT-01274,merchant,"White, Mercer and Sweeney 01274",Region C
CPT-01275,merchant,Mcdonald Ltd 01275,Region F
CPT-01276,merchant,Pierce-Campos 01276,Region D
CPT-01277,merchant,Miller-Allison 01277,Region A
CPT-01278,merchant,Pierce Inc 01278,Region C
CPT-01279,merchant,"Paul, Garcia and Barry 01279",Region D
CPT-01280,merchant,Watkins and Sons 01280,Region E
CPT-01281,merchant,Reyes LLC 01281,Region E
CPT-01282,merchant,"Boyer, Russo and Garza 01282",Region A
CPT-01283,merchant,Blanchard and Sons 01283,Region F
CPT-01284,merchant,Atkins Group 01284,Region F
CPT-01285,merchant,"Brandt, Roberts and Nelson 01285",Region C
CPT-01286,merchant,Lane PLC 01286,Region C
CPT-01287,merchant,"Stone, Miller and Clark 01287",Region F
CPT-01288,merchant,Lucero Group 01288,Region E
CPT-01289,merchant,Gross LLC 01289,Region F
CPT-01290,merchant,Trujillo-Copeland 01290,Region C
CPT-01291,merchant,Johnson-Benjamin 01291,Region E
CPT-01292,merchant,Munoz LLC 01292,Region E
CPT-01293,merchant,"Freeman, Cox and Jimenez 01293",Region D
CPT-01294,merchant,Adams-Ballard 01294,Region D
CPT-01295,merchant,Kaiser PLC 01295,Region F
CPT-01296,merchant,"Little, Stark and Simon 01296",Region F
CPT-01297,merchant,Glover Ltd 01297,Region D
CPT-01298,merchant,Curtis-Hoffman 01298,Region B
CPT-01299,merchant,Rodriguez Ltd 01299,Region E
CPT-01300,merchant,"Lewis, King and Morales 01300",Region C
CPT-01301,merchant,"Coleman, Dennis and Adams 01301",Region F
CPT-01302,merchant,Cross-Lopez 01302,Region C
CPT-01303,merchant,Velasquez-Chandler 01303,Region C
CPT-01304,merchant,Lowery-Williams 01304,Region E
CPT-01305,merchant,"Miles, Robinson and Hansen 01305",Region E
CPT-01306,merchant,"Gardner, Kline and Lyons 01306",Region C
CPT-01307,merchant,"Macdonald, Ryan and Griffin 01307",Region B
CPT-01308,merchant,"Miller, Massey and Mora 01308",Region C
CPT-01309,merchant,Sanchez-Brewer 01309,Region F
CPT-01310,merchant,Leach Inc 01310,Region C
CPT-01311,merchant,"Edwards, Knapp and Brown 01311",Region D
CPT-01312,merchant,Smith LLC 01312,Region F
CPT-01313,merchant,"Martinez, Hanna and Thompson 01313",Region B
CPT-01314,merchant,Burgess-Browning 01314,Region C
CPT-01315,merchant,Anderson-Ward 01315,Region C
CPT-01316,merchant,"Wagner, Ramirez and Torres 01316",Region B
CPT-01317,merchant,"Pena, Johnston and Davis 01317",Region C
CPT-01318,merchant,Romero and Sons 01318,Region F
CPT-01319,merchant,Hobbs Inc 01319,Region F
CPT-01320,merchant,Burnett-Martinez 01320,Region D
CPT-01321,merchant,Thompson Ltd 01321,Region C
CPT-01322,merchant,Bautista-Palmer 01322,Region E
CPT-01323,merchant,Harrison Group 01323,Region A
CPT-01324,merchant,Hutchinson-Walton 01324,Region C
CPT-01325,merchant,Hale LLC 01325,Region C
CPT-01326,merchant,Williams PLC 01326,Region B
CPT-01327,merchant,Johnson-Matthews 01327,Region C
CPT-01328,merchant,Delacruz and Sons 01328,Region E
CPT-01329,merchant,"Patel, Jones and Baker 01329",Region C
CPT-01330,merchant,"Mitchell, Williams and Hansen 01330",Region A
CPT-01331,merchant,"Lee, Taylor and Ball 01331",Region A
CPT-01332,merchant,Morales PLC 01332,Region B
CPT-01333,merchant,"Blair, Romero and Small 01333",Region A
CPT-01334,merchant,Caldwell-Diaz 01334,Region C
CPT-01335,merchant,Holmes-Nielsen 01335,Region D
CPT-01336,merchant,"Ward, Davis and Heath 01336",Region B
CPT-01337,merchant,Spencer-Weeks 01337,Region E
CPT-01338,merchant,Gibson Ltd 01338,Region D
CPT-01339,merchant,Hernandez-Nelson 01339,Region F
CPT-01340,merchant,Sutton-Meyer 01340,Region B
CPT-01341,merchant,Espinoza-Bailey 01341,Region C
CPT-01342,merchant,Robertson and Sons 01342,Region D
CPT-01343,merchant,"White, Miller and Lawson 01343",Region E
CPT-01344,merchant,"Santos, Coleman and Hansen 01344",Region B
CPT-01345,merchant,Austin-Campbell 01345,Region A
CPT-01346,merchant,"Mclean, Murphy and Contreras 01346",Region C
CPT-01347,merchant,"Key, Howard and Wolf 01347",Region E
CPT-01348,merchant,Morris and Sons 01348,Region A
CPT-01349,merchant,Salinas-Duke 01349,Region A
CPT-01350,merchant,"Perkins, George and Gill 01350",Region F
CPT-01351,merchant,Boone PLC 01351,Region A
CPT-01352,merchant,"Bowman, Kim and Crosby 01352",Region E
CPT-01353,merchant,Hardin LLC 01353,Region E
CPT-01354,merchant,Campbell-King 01354,Region C
CPT-01355,merchant,Graves Inc 01355,Region F
CPT-01356,merchant,Peterson-Butler 01356,Region A
CPT-01357,merchant,"Brown, Mathews and Lee 01357",Region B
CPT-01358,merchant,Rodriguez-Sawyer 01358,Region A
CPT-01359,merchant,Hughes-Reynolds 01359,Region C
CPT-01360,merchant,Shelton PLC 01360,Region E
CPT-01361,merchant,"Marshall, Taylor and Coleman 01361",Region F
CPT-01362,merchant,Lara PLC 01362,Region B
CPT-01363,merchant,Ramirez and Sons 01363,Region E
CPT-01364,merchant,Jackson PLC 01364,Region C
CPT-01365,merchant,Wright Group 01365,Region C
CPT-01366,merchant,Santiago-Higgins 01366,Region D
CPT-01367,merchant,Thompson-Bryan 01367,Region A
CPT-01368,merchant,Taylor Ltd 01368,Region D
CPT-01369,merchant,Hunt-Figueroa 01369,Region D
CPT-01370,merchant,Patton PLC 01370,Region D
CPT-01371,merchant,Turner-Young 01371,Region F
CPT-01372,merchant,Guerrero-Harrison 01372,Region D
CPT-01373,merchant,Harris Ltd 01373,Region D
CPT-01374,merchant,Tanner-Vega 01374,Region C
CPT-01375,merchant,Powers-Hernandez 01375,Region D
CPT-01376,merchant,Nguyen-Durham 01376,Region F
CPT-01377,merchant,"Morales, Hill and Gallagher 01377",Region F
CPT-01378,merchant,"Hernandez, Morales and Sanchez 01378",Region E
CPT-01379,merchant,Williamson-Henry 01379,Region B
CPT-01380,merchant,Cisneros-Tran 01380,Region D
CPT-01381,merchant,Dawson-Buckley 01381,Region D
CPT-01382,merchant,"Gregory, Garrett and Wilson 01382",Region F
CPT-01383,merchant,"Boyle, Goodwin and Anderson 01383",Region F
CPT-01384,merchant,Bruce Group 01384,Region F
CPT-01385,merchant,"Martin, Jacobs and Wells 01385",Region B
CPT-01386,merchant,Jones PLC 01386,Region E
CPT-01387,merchant,"Gentry, Gibson and Moore 01387",Region A
CPT-01388,merchant,Dalton-Salazar 01388,Region E
CPT-01389,merchant,Ashley-Gonzalez 01389,Region E
CPT-01390,merchant,Brown and Sons 01390,Region F
CPT-01391,merchant,Flores Ltd 01391,Region C
CPT-01392,merchant,Poole-Cantrell 01392,Region B
CPT-01393,merchant,Gibson and Sons 01393,Region C
CPT-01394,merchant,"Cook, Walker and Garcia 01394",Region E
CPT-01395,merchant,Martin PLC 01395,Region A
CPT-01396,merchant,"Johnson, Sparks and Sims 01396",Region D
CPT-01397,merchant,Wagner and Sons 01397,Region B
CPT-01398,merchant,Torres-Richards 01398,Region D
CPT-01399,merchant,Hughes-Mendoza 01399,Region A
CPT-01400,merchant,"Miller, Alexander and Hill 01400",Region E
CPT-01401,merchant,Jennings and Sons 01401,Region A
CPT-01402,merchant,Vargas-Sandoval 01402,Region C
CPT-01403,merchant,Richardson-Ford 01403,Region A
CPT-01404,merchant,"Levy, Allen and Walter 01404",Region D
CPT-01405,merchant,Roberts-Rodriguez 01405,Region B
CPT-01406,merchant,"Garcia, Henson and Sims 01406",Region E
CPT-01407,merchant,Gonzales LLC 01407,Region E
CPT-01408,merchant,"Hill, Garcia and Pratt 01408",Region A
CPT-01409,merchant,"Williams, Valencia and West 01409",Region D
CPT-01410,merchant,Wilson-Taylor 01410,Region C
CPT-01411,merchant,Burke-Clark 01411,Region A
CPT-01412,merchant,Strickland Group 01412,Region C
CPT-01413,merchant,Green-Williams 01413,Region E
CPT-01414,merchant,Howell LLC 01414,Region F
CPT-01415,merchant,"Garcia, Cantu and Chan 01415",Region D
CPT-01416,merchant,Hill-Simpson 01416,Region C
CPT-01417,merchant,Acosta LLC 01417,Region C
CPT-01418,merchant,Raymond Inc 01418,Region F
CPT-01419,merchant,Kemp-Jones 01419,Region C
CPT-01420,merchant,"White, Peters and Kelley 01420",Region E
CPT-01421,merchant,"Moran, Wright and Roberts 01421",Region D
CPT-01422,merchant,Johnston Group 01422,Region F
CPT-01423,merchant,Hansen Group 01423,Region F
CPT-01424,merchant,Wang and Sons 01424,Region B
CPT-01425,merchant,Warren-Wright 01425,Region C
CPT-01426,merchant,Mendez-Mitchell 01426,Region A
CPT-01427,merchant,Brown-Russo 01427,Region B
CPT-01428,merchant,"Figueroa, Lambert and Graham 01428",Region B
CPT-01429,merchant,Jones-Lee 01429,Region B
CPT-01430,merchant,Nguyen Ltd 01430,Region D
CPT-01431,merchant,Tran-Torres 01431,Region B
CPT-01432,merchant,Gonzalez and Sons 01432,Region D
CPT-01433,merchant,"Harrell, Adams and Huber 01433",Region A
CPT-01434,merchant,Gardner-Webb 01434,Region D
CPT-01435,merchant,Sutton Inc 01435,Region C
CPT-01436,merchant,Howe-Nguyen 01436,Region B
CPT-01437,merchant,Reyes-Warren 01437,Region B
CPT-01438,merchant,Blake and Sons 01438,Region D
CPT-01439,merchant,"Huber, Brooks and Riley 01439",Region F
CPT-01440,merchant,"Fleming, Clayton and Foster 01440",Region B
CPT-01441,merchant,"Huang, Stewart and White 01441",Region E
CPT-01442,merchant,Acosta-Peterson 01442,Region E
CPT-01443,merchant,Duffy LLC 01443,Region B
CPT-01444,merchant,Johnson-Mathews 01444,Region F
CPT-01445,merchant,Garcia-Brown 01445,Region B
CPT-01446,merchant,"Mills, Wood and Olson 01446",Region F
CPT-01447,merchant,"Moore, Robinson and Ryan 01447",Region A
CPT-01448,merchant,Sanders Group 01448,Region A
CPT-01449,merchant,Williams LLC 01449,Region F
CPT-01450,merchant,Stone Ltd 01450,Region B
CPT-01451,merchant,Gay-Carrillo 01451,Region B
CPT-01452,merchant,"Hood, Ryan and Walls 01452",Region B
CPT-01453,merchant,"Moss, Sanders and Jackson 01453",Region E
CPT-01454,merchant,Dunn and Sons 01454,Region E
CPT-01455,merchant,Taylor-Harrison 01455,Region A
CPT-01456,merchant,Sharp and Sons 01456,Region A
CPT-01457,merchant,Watson Ltd 01457,Region A
CPT-01458,merchant,Bryant LLC 01458,Region F
CPT-01459,merchant,Levine-Brown 01459,Region A
CPT-01460,merchant,Raymond-Bird 01460,Region E
CPT-01461,merchant,Smith Group 01461,Region C
CPT-01462,merchant,Foster LLC 01462,Region D
CPT-01463,merchant,Moyer and Sons 01463,Region F
CPT-01464,merchant,Gray-Cunningham 01464,Region F
CPT-01465,merchant,"Duarte, Howell and Payne 01465",Region E
CPT-01466,merchant,Bowers Ltd 01466,Region C
CPT-01467,merchant,Mccoy Inc 01467,Region A
CPT-01468,merchant,Ruiz Ltd 01468,Region B
CPT-01469,merchant,Graham PLC 01469,Region B
CPT-01470,merchant,Morgan-Sanchez 01470,Region B
CPT-01471,merchant,Hobbs LLC 01471,Region B
CPT-01472,merchant,"Flores, Robertson and Bennett 01472",Region A
CPT-01473,merchant,Smith PLC 01473,Region E
CPT-01474,merchant,"King, Allen and Duffy 01474",Region A
CPT-01475,merchant,Thomas-Jackson 01475,Region A
CPT-01476,merchant,Villa-Hunter 01476,Region A
CPT-01477,merchant,Nguyen Group 01477,Region C
CPT-01478,merchant,Thompson-Perez 01478,Region B
CPT-01479,merchant,"Schmidt, Thompson and Jordan 01479",Region C
CPT-01480,merchant,Ortega and Sons 01480,Region F
CPT-01481,merchant,"Robinson, Crane and Coleman 01481",Region B
CPT-01482,merchant,Jones-Arnold 01482,Region B
CPT-01483,merchant,Foster LLC 01483,Region B
CPT-01484,merchant,"Vazquez, Patterson and Phillips 01484",Region C
CPT-01485,merchant,"Graham, Morgan and Berg 01485",Region E
CPT-01486,merchant,"Hall, Decker and Harris 01486",Region B
CPT-01487,merchant,Butler-Reed 01487,Region C
CPT-01488,merchant,"Tanner, Flores and Foley 01488",Region E
CPT-01489,merchant,King LLC 01489,Region E
CPT-01490,merchant,Branch Inc 01490,Region D
CPT-01491,merchant,Bailey Group 01491,Region C
CPT-01492,merchant,Porter Group 01492,Region D
CPT-01493,merchant,"Erickson, Knight and Lloyd 01493",Region C
CPT-01494,merchant,"Ford, Powell and Robinson 01494",Region C
CPT-01495,merchant,Perkins Group 01495,Region D
CPT-01496,merchant,Dillon LLC 01496,Region D
CPT-01497,merchant,Blevins LLC 01497,Region C
CPT-01498,merchant,Stanley Inc 01498,Region C
CPT-01499,merchant,Hunter LLC 01499,Region B
CPT-01500,merchant,Clark-Gould 01500,Region B
CPT-01501,merchant,Flynn-Hunt 01501,Region E
CPT-01502,merchant,Foster Ltd 01502,Region A
CPT-01503,merchant,"Morris, Thomas and Thornton 01503",Region C
CPT-01504,merchant,"Jacobson, Fletcher and Fields 01504",Region B
CPT-01505,merchant,Huffman and Sons 01505,Region A
CPT-01506,merchant,Thompson LLC 01506,Region A
CPT-01507,merchant,"Roberts, Lopez and Murphy 01507",Region D
CPT-01508,merchant,Wiggins Group 01508,Region D
CPT-01509,merchant,Briggs Inc 01509,Region A
CPT-01510,merchant,Lewis-Barber 01510,Region C
CPT-01511,merchant,Rodriguez Group 01511,Region C
CPT-01512,merchant,"Acevedo, Smith and Farmer 01512",Region F
CPT-01513,merchant,Dodson Ltd 01513,Region C
CPT-01514,merchant,Kelley-Williams 01514,Region A
CPT-01515,merchant,Shannon and Sons 01515,Region D
CPT-01516,merchant,Watkins-Short 01516,Region D
CPT-01517,merchant,Brown-Holmes 01517,Region B
CPT-01518,merchant,Smith and Sons 01518,Region E
CPT-01519,merchant,"Anderson, Galloway and Simmons 01519",Region B
CPT-01520,merchant,Kim Ltd 01520,Region D
CPT-01521,merchant,Turner-Collier 01521,Region C
CPT-01522,merchant,Burgess-Hill 01522,Region E
CPT-01523,merchant,Mitchell and Sons 01523,Region D
CPT-01524,merchant,Davis-Quinn 01524,Region E
CPT-01525,merchant,Payne-Lewis 01525,Region A
CPT-01526,merchant,Daniels-Edwards 01526,Region C
CPT-01527,merchant,Mckee Group 01527,Region B
CPT-01528,merchant,Wells-Morales 01528,Region A
CPT-01529,merchant,Gonzales LLC 01529,Region A
CPT-01530,merchant,Cruz-Taylor 01530,Region C
CPT-01531,merchant,White-Mathis 01531,Region A
CPT-01532,merchant,Walsh PLC 01532,Region B
CPT-01533,merchant,Carter-Sandoval 01533,Region E
CPT-01534,merchant,Marshall Ltd 01534,Region D
CPT-01535,merchant,Phillips and Sons 01535,Region D
CPT-01536,merchant,"Cruz, Hayden and James 01536",Region C
CPT-01537,merchant,"Thompson, Murray and Wagner 01537",Region A
CPT-01538,merchant,"Howell, Price and Elliott 01538",Region E
CPT-01539,merchant,Harris Ltd 01539,Region D
CPT-01540,merchant,Poole PLC 01540,Region A
CPT-01541,merchant,Werner and Sons 01541,Region E
CPT-01542,merchant,Scott-Mendoza 01542,Region D
CPT-01543,merchant,Serrano-Brown 01543,Region D
CPT-01544,merchant,Hart Ltd 01544,Region A
CPT-01545,merchant,"Ballard, Jackson and Summers 01545",Region C
CPT-01546,merchant,Kim-Hudson 01546,Region B
CPT-01547,merchant,"Edwards, Bryant and Watts 01547",Region E
CPT-01548,merchant,Contreras LLC 01548,Region C
CPT-01549,merchant,"Nichols, Cain and Long 01549",Region A
CPT-01550,merchant,Shaw LLC 01550,Region F
CPT-01551,merchant,Lowe-Giles 01551,Region E
CPT-01552,merchant,"Bailey, Anderson and Hill 01552",Region F
CPT-01553,merchant,Moreno-Figueroa 01553,Region E
CPT-01554,merchant,"Anderson, Thomas and Johnson 01554",Region F
CPT-01555,merchant,Hall-Alvarez 01555,Region E
CPT-01556,merchant,"Bean, Wright and Porter 01556",Region A
CPT-01557,merchant,"Watkins, Hodges and Pacheco 01557",Region B
CPT-01558,merchant,Meadows-Jones 01558,Region C
CPT-01559,merchant,"Davis, Young and Jones 01559",Region A
CPT-01560,merchant,"Ray, Meyer and Jackson 01560",Region A
CPT-01561,merchant,Key-Nelson 01561,Region D
CPT-01562,merchant,Kirby-Orr 01562,Region B
CPT-01563,merchant,Rogers-Flores 01563,Region E
CPT-01564,merchant,Davis PLC 01564,Region E
CPT-01565,merchant,Serrano-Miller 01565,Region A
CPT-01566,merchant,Callahan PLC 01566,Region B
CPT-01567,merchant,"Whitaker, Rodriguez and Fernandez 01567",Region A
CPT-01568,merchant,"Taylor, Wong and Chang 01568",Region B
CPT-01569,merchant,Cochran Inc 01569,Region F
CPT-01570,merchant,Colon Inc 01570,Region D
CPT-01571,merchant,Ross-Wolfe 01571,Region F
CPT-01572,merchant,Turner Ltd 01572,Region F
CPT-01573,merchant,"Gay, Gray and Kelley 01573",Region D
CPT-01574,merchant,Wolf LLC 01574,Region D
CPT-01575,merchant,"Montgomery, Rodriguez and Reed 01575",Region D
CPT-01576,merchant,"Baker, Curtis and Parker 01576",Region E
CPT-01577,merchant,Sawyer-Diaz 01577,Region D
CPT-01578,merchant,Mccann-Chavez 01578,Region F
CPT-01579,merchant,Singh Inc 01579,Region A
CPT-01580,merchant,Henry-Burgess 01580,Region A
CPT-01581,merchant,Oneal LLC 01581,Region E
CPT-01582,merchant,Wheeler LLC 01582,Region F
CPT-01583,merchant,"Cooper, Stevens and Dixon 01583",Region E
CPT-01584,merchant,Erickson-Davis 01584,Region A
CPT-01585,merchant,Smith-Oliver 01585,Region E
CPT-01586,merchant,Blake-Richard 01586,Region F
CPT-01587,merchant,"Randall, Larson and Alvarez 01587",Region A
CPT-01588,merchant,Gonzalez LLC 01588,Region F
CPT-01589,merchant,Hebert-Ramirez 01589,Region F
CPT-01590,merchant,"Jones, Ramos and Gutierrez 01590",Region B
CPT-01591,merchant,Rodriguez-Brewer 01591,Region F
CPT-01592,merchant,"Glenn, Myers and Lewis 01592",Region E
CPT-01593,merchant,Morse Ltd 01593,Region A
CPT-01594,merchant,Boyd-Campbell 01594,Region B
CPT-01595,merchant,Jones-Harvey 01595,Region F
CPT-01596,merchant,"Wilkins, Garcia and Martinez 01596",Region F
CPT-01597,merchant,"Bauer, Ponce and Shaw 01597",Region E
CPT-01598,merchant,Brennan Inc 01598,Region A
CPT-01599,merchant,"Massey, Bishop and Sloan 01599",Region F
CPT-01600,merchant,Daniels-Jones 01600,Region C
CPT-01601,merchant,Potts Ltd 01601,Region A
CPT-01602,merchant,"Anderson, Long and Edwards 01602",Region A
CPT-01603,merchant,Hughes and Sons 01603,Region C
CPT-01604,merchant,Sloan-Miller 01604,Region C
CPT-01605,merchant,"Martinez, Barry and Davis 01605",Region B
CPT-01606,merchant,"Herrera, Rivera and Burch 01606",Region C
CPT-01607,merchant,Walker Ltd 01607,Region A
CPT-01608,merchant,George Inc 01608,Region E
CPT-01609,merchant,Perez-Price 01609,Region C
CPT-01610,merchant,Reynolds PLC 01610,Region B
CPT-01611,merchant,Chapman-Harrison 01611,Region B
CPT-01612,merchant,Campbell PLC 01612,Region A
CPT-01613,merchant,Lopez Ltd 01613,Region B
CPT-01614,merchant,Mueller-Cole 01614,Region E
CPT-01615,merchant,Parks-Hernandez 01615,Region C
CPT-01616,merchant,Morgan Inc 01616,Region A
CPT-01617,merchant,Young-Ramirez 01617,Region F
CPT-01618,merchant,Jones PLC 01618,Region D
CPT-01619,merchant,Wilkerson and Sons 01619,Region A
CPT-01620,merchant,Hernandez-Nelson 01620,Region D
CPT-01621,merchant,Cruz Group 01621,Region B
CPT-01622,merchant,"Guerrero, Stewart and Graves 01622",Region F
CPT-01623,merchant,Adams-Douglas 01623,Region F
CPT-01624,merchant,Harris-Savage 01624,Region B
CPT-01625,merchant,"Walters, Woods and Huffman 01625",Region F
CPT-01626,merchant,"Davis, Murray and Mendoza 01626",Region F
CPT-01627,merchant,Evans Inc 01627,Region A
CPT-01628,merchant,"Lewis, Figueroa and Burton 01628",Region F
CPT-01629,merchant,"Fleming, Fleming and Reid 01629",Region E
CPT-01630,merchant,"King, Yang and Cook 01630",Region A
CPT-01631,merchant,Johnson-Phillips 01631,Region A
CPT-01632,merchant,Marshall-Griffin 01632,Region D
CPT-01633,merchant,"Smith, Walker and Davis 01633",Region D
CPT-01634,merchant,"Hansen, White and Williams 01634",Region E
CPT-01635,merchant,Rodriguez-Gray 01635,Region C
CPT-01636,merchant,"Romero, Wilson and Wheeler 01636",Region D
CPT-01637,merchant,Sims-Morris 01637,Region D
CPT-01638,merchant,"Thompson, Rodriguez and Manning 01638",Region B
CPT-01639,merchant,Bray Inc 01639,Region A
CPT-01640,merchant,Brooks Ltd 01640,Region F
CPT-01641,merchant,"Schultz, Vargas and Torres 01641",Region B
CPT-01642,merchant,"Sanchez, Lee and Hansen 01642",Region F
CPT-01643,merchant,Tucker-Collins 01643,Region A
CPT-01644,merchant,Harris PLC 01644,Region A
CPT-01645,merchant,Horton PLC 01645,Region F
CPT-01646,merchant,"Herrera, Martin and Levy 01646",Region A
CPT-01647,merchant,"Ellis, Williams and Fleming 01647",Region B
CPT-01648,merchant,Johnson-Hall 01648,Region B
CPT-01649,merchant,Clark-Collins 01649,Region B
CPT-01650,merchant,"Howell, Lee and Price 01650",Region C
CPT-01651,merchant,Barber PLC 01651,Region E
CPT-01652,merchant,Cunningham Inc 01652,Region E
CPT-01653,merchant,Ballard-Jackson 01653,Region C
CPT-01654,merchant,Nicholson LLC 01654,Region C
CPT-01655,merchant,"Chapman, Thompson and Bauer 01655",Region B
CPT-01656,merchant,Simpson PLC 01656,Region E
CPT-01657,merchant,Jordan PLC 01657,Region B
CPT-01658,merchant,"Christensen, Harris and Mcdowell 01658",Region C
CPT-01659,merchant,"Buchanan, Gardner and Martinez 01659",Region A
CPT-01660,merchant,"Dennis, Wang and Powell 01660",Region F
CPT-01661,merchant,Rodriguez-Butler 01661,Region F
CPT-01662,merchant,"Martinez, Anderson and Lopez 01662",Region B
CPT-01663,merchant,Garcia-Whitney 01663,Region F
CPT-01664,merchant,Rogers-Vega 01664,Region C
CPT-01665,merchant,Taylor Group 01665,Region B
CPT-01666,merchant,"Jones, Rodriguez and Meyers 01666",Region F
CPT-01667,merchant,Allen Group 01667,Region D
CPT-01668,merchant,"Smith, Jefferson and Smith 01668",Region C
CPT-01669,merchant,Barrett PLC 01669,Region D
CPT-01670,merchant,Rogers-Tran 01670,Region F
CPT-01671,merchant,Taylor-Graves 01671,Region B
CPT-01672,merchant,"Preston, Berry and Graham 01672",Region A
CPT-01673,merchant,"Perez, Welch and Hernandez 01673",Region B
CPT-01674,merchant,"Johnson, Daniels and Mullins 01674",Region A
CPT-01675,merchant,Montes Group 01675,Region B
CPT-01676,merchant,"Ingram, Wilson and Peters 01676",Region A
CPT-01677,merchant,Williams Group 01677,Region E
CPT-01678,merchant,"Mills, Vang and Long 01678",Region C
CPT-01679,merchant,"Lane, Nelson and Thornton 01679",Region E
CPT-01680,merchant,Sullivan PLC 01680,Region F
CPT-01681,merchant,Williams LLC 01681,Region D
CPT-01682,merchant,Bird Inc 01682,Region F
CPT-01683,merchant,Swanson-Oneill 01683,Region D
CPT-01684,merchant,Rodgers Group 01684,Region E
CPT-01685,merchant,"Powell, Reeves and Williams 01685",Region F
CPT-01686,merchant,Sanders-Tanner 01686,Region C
CPT-01687,merchant,Hernandez PLC 01687,Region E
CPT-01688,merchant,"Pruitt, Stokes and Proctor 01688",Region D
CPT-01689,merchant,Tucker and Sons 01689,Region B
CPT-01690,merchant,"Gaines, Spears and Garcia 01690",Region F
CPT-01691,merchant,Williams Group 01691,Region B
CPT-01692,merchant,Jones Ltd 01692,Region C
CPT-01693,merchant,Turner-Martinez 01693,Region F
CPT-01694,merchant,Hood Ltd 01694,Region B
CPT-01695,merchant,"Hammond, Fernandez and Hayes 01695",Region A
CPT-01696,merchant,Goodwin-Chavez 01696,Region A
CPT-01697,merchant,Curtis-Phillips 01697,Region B
CPT-01698,merchant,Kelly-Obrien 01698,Region E
CPT-01699,merchant,Hester-Martinez 01699,Region C
CPT-01700,merchant,Pierce-Lopez 01700,Region D
CPT-01701,merchant,"Nguyen, Farmer and Romero 01701",Region A
CPT-01702,merchant,Yang Inc 01702,Region D
CPT-01703,merchant,Daniels-Mcdowell 01703,Region C
CPT-01704,merchant,"Powell, Garcia and Gibson 01704",Region A
CPT-01705,merchant,"Nixon, Bullock and Mitchell 01705",Region F
CPT-01706,merchant,Woods Ltd 01706,Region F
CPT-01707,merchant,"Phillips, Stewart and Herring 01707",Region B
CPT-01708,merchant,"Lopez, Martin and Nelson 01708",Region A
CPT-01709,merchant,Dodson Inc 01709,Region F
CPT-01710,merchant,Allen Ltd 01710,Region A
CPT-01711,merchant,"Avery, Mills and White 01711",Region B
CPT-01712,merchant,Johnson-Newton 01712,Region D
CPT-01713,merchant,Sanchez-Vazquez 01713,Region B
CPT-01714,merchant,Huff-Mcdaniel 01714,Region E
CPT-01715,merchant,"Wood, Parker and Price 01715",Region C
CPT-01716,merchant,Garner and Sons 01716,Region C
CPT-01717,merchant,Torres and Sons 01717,Region F
CPT-01718,merchant,Bryan Ltd 01718,Region D
CPT-01719,merchant,Adams-Morgan 01719,Region C
CPT-01720,merchant,White-Villanueva 01720,Region E
CPT-01721,merchant,Parker-Rodriguez 01721,Region F
CPT-01722,merchant,Vaughn-Wood 01722,Region E
CPT-01723,merchant,Bailey-Rhodes 01723,Region A
CPT-01724,merchant,"Sutton, Hammond and Johnson 01724",Region F
CPT-01725,merchant,Delacruz and Sons 01725,Region E
CPT-01726,merchant,Johnson-Guerra 01726,Region E
CPT-01727,merchant,Miller Inc 01727,Region E
CPT-01728,merchant,Poole Ltd 01728,Region B
CPT-01729,merchant,"Porter, Rodriguez and Bonilla 01729",Region C
CPT-01730,merchant,Hall-Payne 01730,Region B
CPT-01731,merchant,Moore LLC 01731,Region C
CPT-01732,merchant,Wilson-Anderson 01732,Region C
CPT-01733,merchant,Watson-Meyers 01733,Region B
CPT-01734,merchant,Moss Ltd 01734,Region D
CPT-01735,merchant,Jones-Mccullough 01735,Region F
CPT-01736,merchant,Mckee-Petersen 01736,Region E
CPT-01737,merchant,Johnson-Harper 01737,Region A
CPT-01738,merchant,"Lewis, Garcia and Blake 01738",Region A
CPT-01739,merchant,Perez LLC 01739,Region D
CPT-01740,merchant,"Cobb, Turner and Gonzalez 01740",Region F
CPT-01741,merchant,"Oliver, Morris and Green 01741",Region B
CPT-01742,merchant,"Thomas, Baker and Wheeler 01742",Region A
CPT-01743,merchant,Stone-Williams 01743,Region A
CPT-01744,merchant,"Adams, Barnett and Shaw 01744",Region A
CPT-01745,merchant,Myers-Merritt 01745,Region C
CPT-01746,merchant,Pearson and Sons 01746,Region D
CPT-01747,merchant,Richards-Jones 01747,Region A
CPT-01748,merchant,Tapia-Stewart 01748,Region C
CPT-01749,merchant,Warren PLC 01749,Region E
CPT-01750,merchant,"Gonzales, Yates and Miller 01750",Region B
CPT-01751,merchant,Flowers-Travis 01751,Region B
CPT-01752,merchant,"Lewis, Holt and Nguyen 01752",Region C
CPT-01753,merchant,Sherman PLC 01753,Region D
CPT-01754,merchant,"Li, Johnson and Smith 01754",Region F
CPT-01755,merchant,"Lyons, Lopez and Hernandez 01755",Region C
CPT-01756,merchant,Harris Inc 01756,Region D
CPT-01757,merchant,"Johnson, Fowler and Mills 01757",Region B
CPT-01758,merchant,Blevins-Jarvis 01758,Region A
CPT-01759,merchant,Hudson PLC 01759,Region C
CPT-01760,merchant,"Jones, Sawyer and Velazquez 01760",Region F
CPT-01761,merchant,"Collins, Benson and Hernandez 01761",Region F
CPT-01762,merchant,Shea-Sanchez 01762,Region D
CPT-01763,merchant,"Griffin, King and Barber 01763",Region D
CPT-01764,merchant,"Wright, Browning and Branch 01764",Region B
CPT-01765,merchant,Gardner Inc 01765,Region D
CPT-01766,merchant,Booth Ltd 01766,Region C
CPT-01767,merchant,Bell PLC 01767,Region E
CPT-01768,merchant,Wells-Ellison 01768,Region C
CPT-01769,merchant,Alexander LLC 01769,Region B
CPT-01770,merchant,Collins-Rivers 01770,Region F
CPT-01771,merchant,"Evans, Mcdaniel and Rice 01771",Region A
CPT-01772,merchant,Sheppard and Sons 01772,Region F
CPT-01773,merchant,Escobar Inc 01773,Region C
CPT-01774,merchant,"Bradley, Reed and Goodman 01774",Region E
CPT-01775,merchant,Kelly Ltd 01775,Region F
CPT-01776,merchant,Lee LLC 01776,Region A
CPT-01777,merchant,Allen-Harrison 01777,Region D
CPT-01778,merchant,"Wood, Ray and Carroll 01778",Region D
CPT-01779,merchant,"Salas, Horne and Anderson 01779",Region D
CPT-01780,merchant,Dickson-Hahn 01780,Region A
CPT-01781,merchant,Murphy Ltd 01781,Region D
CPT-01782,merchant,Kelly PLC 01782,Region C
CPT-01783,merchant,Rodriguez-Perez 01783,Region C
CPT-01784,merchant,"Roberts, Moyer and King 01784",Region C
CPT-01785,merchant,"Clarke, Scott and Shepherd 01785",Region E
CPT-01786,merchant,"Crosby, Thomas and Ayala 01786",Region F
CPT-01787,merchant,Martin-Morales 01787,Region C
CPT-01788,merchant,"Young, Robinson and Evans 01788",Region B
CPT-01789,merchant,Bush-Ray 01789,Region C
CPT-01790,merchant,Smith-Parks 01790,Region E
CPT-01791,merchant,"Berger, Diaz and Jacobs 01791",Region F
CPT-01792,merchant,"Wells, Flowers and Williams 01792",Region C
CPT-01793,merchant,Cameron-Taylor 01793,Region F
CPT-01794,merchant,Bowman Inc 01794,Region B
CPT-01795,merchant,"Hayes, Morgan and Williamson 01795",Region C
CPT-01796,merchant,"Wyatt, James and Copeland 01796",Region D
CPT-01797,merchant,"Simpson, Bird and Sharp 01797",Region C
CPT-01798,merchant,Ford PLC 01798,Region D
CPT-01799,merchant,Ramirez-Cox 01799,Region D
CPT-01800,merchant,"Salazar, Sanchez and Jensen 01800",Region F
CPT-01801,merchant,Hill Inc 01801,Region D
CPT-01802,merchant,Callahan LLC 01802,Region A
CPT-01803,merchant,Torres Group 01803,Region D
CPT-01804,merchant,Burns Ltd 01804,Region E
CPT-01805,merchant,Woods-Medina 01805,Region F
CPT-01806,merchant,"Frost, Dunlap and Holmes 01806",Region E
CPT-01807,merchant,Taylor Group 01807,Region B
CPT-01808,merchant,Baker and Sons 01808,Region B
CPT-01809,merchant,"Hale, Randall and Walker 01809",Region D
CPT-01810,merchant,"Lynch, Graham and Clark 01810",Region E
CPT-01811,merchant,"Bailey, Cooper and Stewart 01811",Region A
CPT-01812,merchant,"Miller, Cervantes and Watson 01812",Region D
CPT-01813,merchant,"Anthony, Sherman and Shaffer 01813",Region D
CPT-01814,merchant,Smith-Fischer 01814,Region E
CPT-01815,merchant,Jones-Bradford 01815,Region C
CPT-01816,merchant,Howard-Williams 01816,Region B
CPT-01817,merchant,"Price, Hudson and Sims 01817",Region B
CPT-01818,merchant,Chen-Terry 01818,Region F
CPT-01819,merchant,Miller-King 01819,Region E
CPT-01820,merchant,Bridges-Duncan 01820,Region E
CPT-01821,merchant,Sparks-Thomas 01821,Region B
CPT-01822,merchant,Mason-Roman 01822,Region A
CPT-01823,merchant,"Rocha, Frazier and Dalton 01823",Region C
CPT-01824,merchant,Andrews-Henry 01824,Region B
CPT-01825,merchant,"Zamora, Smith and Ortega 01825",Region D
CPT-01826,merchant,Reed-Brown 01826,Region E
CPT-01827,merchant,Mueller-Williams 01827,Region D
CPT-01828,merchant,Pennington-Barrett 01828,Region D
CPT-01829,merchant,"Acevedo, Kennedy and Moore 01829",Region F
CPT-01830,merchant,Howard-Hoffman 01830,Region F
CPT-01831,merchant,Scott Group 01831,Region E
CPT-01832,merchant,Lewis Group 01832,Region F
CPT-01833,merchant,James Group 01833,Region F
CPT-01834,merchant,"Campbell, Fitzpatrick and Jones 01834",Region C
CPT-01835,merchant,Johnson-Forbes 01835,Region F
CPT-01836,merchant,"Hurst, Gray and Green 01836",Region C
CPT-01837,merchant,"Allen, Duncan and King 01837",Region C
CPT-01838,merchant,Williams-Anderson 01838,Region E
CPT-01839,merchant,Watkins LLC 01839,Region C
CPT-01840,merchant,"Marsh, Elliott and Dickerson 01840",Region F
CPT-01841,merchant,"Patterson, Roberts and King 01841",Region F
CPT-01842,merchant,"Martin, Walsh and Green 01842",Region B
CPT-01843,merchant,"Fleming, Orr and Oneal 01843",Region D
CPT-01844,merchant,Lynch PLC 01844,Region F
CPT-01845,merchant,"Serrano, Rodriguez and Cook 01845",Region A
CPT-01846,merchant,"Pollard, Kim and Roberts 01846",Region F
CPT-01847,merchant,"Colon, Jones and Ayala 01847",Region E
CPT-01848,merchant,Hanson and Sons 01848,Region A
CPT-01849,merchant,Taylor Ltd 01849,Region E
CPT-01850,merchant,Dean PLC 01850,Region D
CPT-01851,merchant,"Wright, Miller and Middleton 01851",Region E
CPT-01852,merchant,"Sims, Cross and Ellis 01852",Region C
CPT-01853,merchant,Robertson LLC 01853,Region D
CPT-01854,merchant,Hughes LLC 01854,Region F
CPT-01855,merchant,Mueller Inc 01855,Region A
CPT-01856,merchant,Reilly-Guzman 01856,Region E
CPT-01857,merchant,"Ellis, Kelley and Thornton 01857",Region E
CPT-01858,merchant,"West, Garcia and Wells 01858",Region C
CPT-01859,merchant,Ryan Inc 01859,Region A
CPT-01860,merchant,"Fox, Holt and Love 01860",Region B
CPT-01861,merchant,Fernandez-Park 01861,Region E
CPT-01862,merchant,"Gray, Stephens and Little 01862",Region C
CPT-01863,merchant,"Medina, Delgado and Moore 01863",Region E
CPT-01864,merchant,Brennan Ltd 01864,Region B
CPT-01865,merchant,"Smith, Harmon and Hughes 01865",Region C
CPT-01866,merchant,"Norman, Hubbard and Huber 01866",Region D
CPT-01867,merchant,Torres PLC 01867,Region F
CPT-01868,merchant,Hurst Inc 01868,Region B
CPT-01869,merchant,Finley-Fleming 01869,Region F
CPT-01870,merchant,Fitzgerald-Jones 01870,Region B
CPT-01871,merchant,Bowman PLC 01871,Region A
CPT-01872,merchant,"Hansen, Wilson and Rhodes 01872",Region C
CPT-01873,merchant,Wood LLC 01873,Region A
CPT-01874,merchant,"Vang, Delgado and Key 01874",Region F
CPT-01875,merchant,Goodman-Yoder 01875,Region F
CPT-01876,merchant,Martin Ltd 01876,Region F
CPT-01877,merchant,Rodriguez-Flores 01877,Region E
CPT-01878,merchant,Mccarthy-Martin 01878,Region A
CPT-01879,merchant,Jones-Rivera 01879,Region E
CPT-01880,merchant,Valdez LLC 01880,Region A
CPT-01881,merchant,Washington and Sons 01881,Region D
CPT-01882,merchant,Harris and Sons 01882,Region B
CPT-01883,merchant,Cooley-Anderson 01883,Region D
CPT-01884,merchant,"Mccoy, Scott and Reeves 01884",Region A
CPT-01885,merchant,"Garcia, Juarez and Walker 01885",Region A
CPT-01886,merchant,"Huber, Newman and Cox 01886",Region D
CPT-01887,merchant,Charles-Brooks 01887,Region E
CPT-01888,merchant,"Elliott, Smith and Davis 01888",Region F
CPT-01889,merchant,Jones and Sons 01889,Region C
CPT-01890,merchant,Bell LLC 01890,Region D
CPT-01891,merchant,Avila and Sons 01891,Region A
CPT-01892,merchant,"Johnson, Martinez and Kelly 01892",Region A
CPT-01893,merchant,"Sandoval, Harris and Anderson 01893",Region C
CPT-01894,merchant,"Lopez, Mccoy and Cuevas 01894",Region C
CPT-01895,merchant,Stephens and Sons 01895,Region B
CPT-01896,merchant,Lopez-Jones 01896,Region E
CPT-01897,merchant,"Graham, Vance and Singh 01897",Region A
CPT-01898,merchant,Blevins Group 01898,Region F
CPT-01899,merchant,"Gray, Smith and Brown 01899",Region A
CPT-01900,merchant,Bradley-Ramos 01900,Region C
CPT-01901,merchant,Snyder-Roberts 01901,Region D
CPT-01902,merchant,Graham-Thornton 01902,Region D
CPT-01903,merchant,West PLC 01903,Region B
CPT-01904,merchant,Watkins-Cook 01904,Region D
CPT-01905,merchant,Taylor-Abbott 01905,Region C
CPT-01906,merchant,Beasley-Martin 01906,Region A
CPT-01907,merchant,Spencer-York 01907,Region E
CPT-01908,merchant,Davis PLC 01908,Region A
CPT-01909,merchant,Hays Group 01909,Region D
CPT-01910,merchant,"Quinn, Hernandez and Lee 01910",Region C
CPT-01911,merchant,"Zimmerman, James and Robertson 01911",Region A
CPT-01912,merchant,"Mcgee, Mann and Gomez 01912",Region E
CPT-01913,merchant,Dawson-Gibson 01913,Region E
CPT-01914,merchant,Morales-Mccullough 01914,Region E
CPT-01915,merchant,"Bell, Crawford and Watts 01915",Region D
CPT-01916,merchant,"Johnson, Brown and Allison 01916",Region C
CPT-01917,merchant,Stevens and Sons 01917,Region E
CPT-01918,merchant,"Medina, Allen and Aguirre 01918",Region C
CPT-01919,merchant,"Murray, Brown and Williams 01919",Region E
CPT-01920,merchant,"Jones, Santos and Johnson 01920",Region F
CPT-01921,merchant,Cortez Ltd 01921,Region B
CPT-01922,merchant,"Rios, Shelton and Washington 01922",Region A
CPT-01923,merchant,Cooper Ltd 01923,Region A
CPT-01924,merchant,Lopez-Burch 01924,Region D
CPT-01925,merchant,Goodwin-Peck 01925,Region D
CPT-01926,merchant,Hendrix-Kennedy 01926,Region D
CPT-01927,merchant,"Lambert, Hunter and Lewis 01927",Region A
CPT-01928,merchant,Davis Inc 01928,Region C
CPT-01929,merchant,Bryant-Webster 01929,Region C
CPT-01930,merchant,Gray Inc 01930,Region E
CPT-01931,merchant,"Meyer, Ward and Brown 01931",Region E
CPT-01932,merchant,Mcconnell-Ingram 01932,Region F
CPT-01933,merchant,Carey and Sons 01933,Region A
CPT-01934,merchant,Dominguez-Turner 01934,Region E
CPT-01935,merchant,"Stevens, Carlson and Acevedo 01935",Region A
CPT-01936,merchant,Dunn LLC 01936,Region A
CPT-01937,merchant,Williams Inc 01937,Region B
CPT-01938,merchant,Beltran LLC 01938,Region A
CPT-01939,merchant,Gibbs-Michael 01939,Region F
CPT-01940,merchant,Kelly-Cain 01940,Region A
CPT-01941,merchant,Mcdaniel-Camacho 01941,Region E
CPT-01942,merchant,Garner Group 01942,Region A
CPT-01943,merchant,Clayton-Williams 01943,Region D
CPT-01944,merchant,Hernandez and Sons 01944,Region D
CPT-01945,merchant,"Rodriguez, Mathews and Perez 01945",Region F
CPT-01946,merchant,"Whitney, Hernandez and Zimmerman 01946",Region B
CPT-01947,merchant,"Baker, Pena and Jones 01947",Region D
CPT-01948,merchant,Oconnor Ltd 01948,Region B
CPT-01949,merchant,Morris-Moore 01949,Region C
CPT-01950,merchant,"Moore, Jones and Nelson 01950",Region A
CPT-01951,merchant,Warner Inc 01951,Region E
CPT-01952,merchant,"Maddox, Schroeder and Chan 01952",Region B
CPT-01953,merchant,Johnson Inc 01953,Region B
CPT-01954,merchant,Smith-Moss 01954,Region F
CPT-01955,merchant,Ray Ltd 01955,Region D
CPT-01956,merchant,"Miller, Leon and Rodriguez 01956",Region F
CPT-01957,merchant,Jones Ltd 01957,Region D
CPT-01958,merchant,Brown-Sanchez 01958,Region A
CPT-01959,merchant,"Hawkins, Parker and Ortega 01959",Region A
CPT-01960,merchant,Pope and Sons 01960,Region F
CPT-01961,merchant,Morgan LLC 01961,Region C
CPT-01962,merchant,Ortiz Ltd 01962,Region E
CPT-01963,merchant,"Walker, Erickson and Edwards 01963",Region C
CPT-01964,merchant,Martinez-Hawkins 01964,Region A
CPT-01965,merchant,"Keller, Jordan and Manning 01965",Region E
CPT-01966,merchant,Chambers PLC 01966,Region C
CPT-01967,merchant,"Richards, Porter and Barnes 01967",Region C
CPT-01968,merchant,Davis-Johnson 01968,Region E
CPT-01969,merchant,Smith-Cross 01969,Region C
CPT-01970,merchant,Gonzalez Group 01970,Region D
CPT-01971,merchant,Johnson-Wood 01971,Region E
CPT-01972,merchant,Murphy-Carter 01972,Region D
CPT-01973,merchant,Clay-Hartman 01973,Region D
CPT-01974,merchant,Clark Ltd 01974,Region E
CPT-01975,merchant,Durham-Jensen 01975,Region E
CPT-01976,merchant,Oliver PLC 01976,Region C
CPT-01977,merchant,"Riggs, Martin and Johnson 01977",Region C
CPT-01978,merchant,Burgess LLC 01978,Region A
CPT-01979,merchant,"Fitzgerald, Montoya and Boyd 01979",Region E
CPT-01980,merchant,"Rogers, Mendoza and Collins 01980",Region B
CPT-01981,merchant,Harrington LLC 01981,Region E
CPT-01982,merchant,"Parker, Wilson and Saunders 01982",Region C
CPT-01983,merchant,Baker-Miller 01983,Region D
CPT-01984,merchant,Douglas and Sons 01984,Region F
CPT-01985,merchant,"Young, Daugherty and Lopez 01985",Region F
CPT-01986,merchant,Crosby Group 01986,Region A
CPT-01987,merchant,"Garza, Brown and Mosley 01987",Region A
CPT-01988,merchant,Watkins-Hammond 01988,Region E
CPT-01989,merchant,Hicks-Castro 01989,Region B
CPT-01990,merchant,"Williams, Bailey and Brown 01990",Region D
CPT-01991,merchant,"Pitts, Mason and Henry 01991",Region F
CPT-01992,merchant,Black-Dunn 01992,Region F
CPT-01993,merchant,Banks-Ross 01993,Region B
CPT-01994,merchant,Hudson-Haynes 01994,Region C
CPT-01995,merchant,Herman PLC 01995,Region D
CPT-01996,merchant,Martinez Group 01996,Region F
CPT-01997,merchant,"Butler, Smith and Salas 01997",Region F
CPT-01998,merchant,"Stout, Ayala and Harris 01998",Region B
CPT-01999,merchant,"Wilson, Greer and James 01999",Region B
CPT-02000,merchant,"Obrien, Newton and Williams 02000",Region F
CPT-02001,merchant,Owen-Bryant 02001,Region E
CPT-02002,merchant,Carlson PLC 02002,Region B
CPT-02003,merchant,Fuentes-Roy 02003,Region B
CPT-02004,merchant,"Short, James and Ramirez 02004",Region D
CPT-02005,merchant,"Cook, Tran and Burke 02005",Region B
CPT-02006,merchant,"Mitchell, Diaz and Hickman 02006",Region D
CPT-02007,merchant,"Turner, Wilson and Lopez 02007",Region C
CPT-02008,merchant,"Moore, Woodward and Day 02008",Region B
CPT-02009,merchant,Everett-Taylor 02009,Region F
CPT-02010,merchant,Walters PLC 02010,Region F
CPT-02011,merchant,Gallagher-Smith 02011,Region D
CPT-02012,merchant,Richards-Bailey 02012,Region F
CPT-02013,merchant,Floyd-Johnson 02013,Region F
CPT-02014,merchant,Phillips-Vazquez 02014,Region D
CPT-02015,merchant,Vaughan Ltd 02015,Region C
CPT-02016,merchant,Hayes-Powell 02016,Region C
CPT-02017,merchant,Moran Ltd 02017,Region E
CPT-02018,merchant,Wallace and Sons 02018,Region A
CPT-02019,merchant,"Gross, Hubbard and Bates 02019",Region D
CPT-02020,merchant,Nicholson-Rodriguez 02020,Region D
CPT-02021,merchant,"Evans, Moore and Vazquez 02021",Region F
CPT-02022,merchant,Chavez-Cooper 02022,Region B
CPT-02023,merchant,"Nguyen, Lawson and Gonzales 02023",Region B
CPT-02024,merchant,"Thompson, Bennett and Harris 02024",Region E
CPT-02025,merchant,Russell Inc 02025,Region C
CPT-02026,merchant,"Scott, Wagner and Peterson 02026",Region F
CPT-02027,merchant,Rodriguez-Perez 02027,Region E
CPT-02028,merchant,Mitchell Ltd 02028,Region E
CPT-02029,merchant,Chavez-Rice 02029,Region F
CPT-02030,merchant,Diaz-Greene 02030,Region C
CPT-02031,merchant,"Warner, Doyle and Rivera 02031",Region D
CPT-02032,merchant,Jackson Inc 02032,Region F
CPT-02033,merchant,Gross Inc 02033,Region C
CPT-02034,merchant,Wood-Stewart 02034,Region D
CPT-02035,merchant,"Ford, Gonzales and Spencer 02035",Region D
CPT-02036,merchant,"Conner, Mckay and Robinson 02036",Region C
CPT-02037,merchant,Mcclain and Sons 02037,Region D
CPT-02038,merchant,Joyce-Blake 02038,Region F
CPT-02039,merchant,"Martin, Robinson and Cain 02039",Region F
CPT-02040,merchant,"Harris, Douglas and Wilson 02040",Region D
CPT-02041,merchant,"Hernandez, Graham and Walker 02041",Region E
CPT-02042,merchant,Hoffman LLC 02042,Region F
CPT-02043,merchant,"Burns, Gibbs and Shepherd 02043",Region A
CPT-02044,merchant,"Young, Schultz and Hughes 02044",Region C
CPT-02045,merchant,Ross-Bailey 02045,Region A
CPT-02046,merchant,"Whitaker, Rodriguez and Lucas 02046",Region A
CPT-02047,merchant,Hickman-Harris 02047,Region C
CPT-02048,merchant,"Santiago, Baker and Flowers 02048",Region A
CPT-02049,merchant,Manning-Owens 02049,Region F
CPT-02050,merchant,Tucker LLC 02050,Region E
CPT-02051,merchant,Jones Group 02051,Region D
CPT-02052,merchant,"Smith, Ochoa and Guerra 02052",Region E
CPT-02053,merchant,"Heath, Contreras and Holland 02053",Region D
CPT-02054,merchant,Baker-Padilla 02054,Region F
CPT-02055,merchant,Wyatt Inc 02055,Region E
CPT-02056,merchant,Turner-Gonzales 02056,Region F
CPT-02057,merchant,"Dominguez, Sanchez and Graham 02057",Region C
CPT-02058,merchant,Kelley Group 02058,Region D
CPT-02059,merchant,"Griffin, Whitehead and Garcia 02059",Region A
CPT-02060,merchant,Tran Inc 02060,Region C
CPT-02061,merchant,Frederick Group 02061,Region D
CPT-02062,merchant,Robbins-Gonzalez 02062,Region D
CPT-02063,merchant,Silva-Williams 02063,Region B
CPT-02064,merchant,"Smith, Murray and Hall 02064",Region D
CPT-02065,merchant,Jefferson Inc 02065,Region F
CPT-02066,merchant,Mueller-Moreno 02066,Region F
CPT-02067,merchant,"Henderson, Stewart and Lewis 02067",Region E
CPT-02068,merchant,Stevenson PLC 02068,Region E
CPT-02069,merchant,"Allison, Herrera and Clark 02069",Region D
CPT-02070,merchant,Barnes Group 02070,Region C
CPT-02071,merchant,Tyler and Sons 02071,Region A
CPT-02072,merchant,Munoz Ltd 02072,Region E
CPT-02073,merchant,"Owens, Flynn and Holder 02073",Region C
CPT-02074,merchant,Fox-Jones 02074,Region E
CPT-02075,merchant,Reed-Barnett 02075,Region C
CPT-02076,merchant,Stone-Williams 02076,Region F
CPT-02077,merchant,"Martinez, Walters and Moore 02077",Region C
CPT-02078,merchant,Short-Sanders 02078,Region E
CPT-02079,merchant,"Swanson, Myers and Brown 02079",Region A
CPT-02080,merchant,Martin-Hoffman 02080,Region F
CPT-02081,merchant,"Lane, Bowman and Daniels 02081",Region C
CPT-02082,merchant,Lucas Group 02082,Region E
CPT-02083,merchant,"Castro, Molina and Anderson 02083",Region C
CPT-02084,merchant,Mccarthy Group 02084,Region D
CPT-02085,merchant,"Williams, Vasquez and Lewis 02085",Region D
CPT-02086,merchant,"Bell, Walker and Barker 02086",Region B
CPT-02087,merchant,Murphy Inc 02087,Region B
CPT-02088,merchant,"Schroeder, Maxwell and Hanson 02088",Region C
CPT-02089,merchant,Diaz Ltd 02089,Region F
CPT-02090,merchant,"Burns, Taylor and Moore 02090",Region F
CPT-02091,merchant,"Diaz, York and Kelly 02091",Region C
CPT-02092,merchant,"Butler, Ingram and Cooper 02092",Region E
CPT-02093,merchant,Buckley Group 02093,Region A
CPT-02094,merchant,Campbell and Sons 02094,Region A
CPT-02095,merchant,Bryant Ltd 02095,Region B
CPT-02096,merchant,"Christensen, Morales and Miranda 02096",Region F
CPT-02097,merchant,"Ryan, Wells and Cooper 02097",Region D
CPT-02098,merchant,Turner Group 02098,Region A
CPT-02099,merchant,"Hinton, Moore and Washington 02099",Region A
CPT-02100,merchant,Frank PLC 02100,Region F
CPT-02101,merchant,"Simon, Cox and Campbell 02101",Region B
CPT-02102,merchant,"Hall, Vincent and Henry 02102",Region B
CPT-02103,merchant,Robinson-Stewart 02103,Region B
CPT-02104,merchant,Ray and Sons 02104,Region C
CPT-02105,merchant,Diaz Ltd 02105,Region E
CPT-02106,merchant,"Craig, Butler and Hines 02106",Region D
CPT-02107,merchant,"Mckinney, Cline and Thornton 02107",Region A
CPT-02108,merchant,Murphy LLC 02108,Region C
CPT-02109,merchant,"Mcgee, Adkins and Lopez 02109",Region C
CPT-02110,merchant,Mcgee and Sons 02110,Region C
CPT-02111,merchant,Lucas-Payne 02111,Region B
CPT-02112,merchant,Thomas and Sons 02112,Region F
CPT-02113,merchant,Bailey-Wood 02113,Region A
CPT-02114,merchant,Crawford-Ferrell 02114,Region C
CPT-02115,merchant,"Williams, Smith and Smith 02115",Region C
CPT-02116,merchant,Hall Ltd 02116,Region C
CPT-02117,merchant,Palmer and Sons 02117,Region F
CPT-02118,merchant,Blair-Romero 02118,Region D
CPT-02119,merchant,"Chung, Orozco and Jarvis 02119",Region C
CPT-02120,merchant,"Richards, Sanford and Cunningham 02120",Region B
CPT-02121,merchant,Cook-Vargas 02121,Region F
CPT-02122,merchant,"Gay, Decker and Li 02122",Region D
CPT-02123,merchant,Ortiz-Bullock 02123,Region D
CPT-02124,merchant,Marsh-Haas 02124,Region A
CPT-02125,merchant,"Moore, Gillespie and Hill 02125",Region E
CPT-02126,merchant,"Richard, Barker and Ochoa 02126",Region A
CPT-02127,merchant,Parker-Sanchez 02127,Region B
CPT-02128,merchant,"Chandler, Riley and Nguyen 02128",Region C
CPT-02129,merchant,Peters-Smith 02129,Region D
CPT-02130,merchant,Cole-Curtis 02130,Region A
CPT-02131,merchant,Turner-Evans 02131,Region F
CPT-02132,merchant,White-West 02132,Region B
CPT-02133,merchant,Davis-Payne 02133,Region E
CPT-02134,merchant,"Turner, Hamilton and Moore 02134",Region F
CPT-02135,merchant,"Potter, Smith and Gates 02135",Region C
CPT-02136,merchant,James Inc 02136,Region D
CPT-02137,merchant,"Martinez, Bird and Rocha 02137",Region E
CPT-02138,merchant,"Harris, Carpenter and Price 02138",Region C
CPT-02139,merchant,Martinez LLC 02139,Region C
CPT-02140,merchant,Kennedy PLC 02140,Region B
CPT-02141,merchant,Parker and Sons 02141,Region A
CPT-02142,merchant,James-Robinson 02142,Region E
CPT-02143,merchant,"Olson, Duran and Craig 02143",Region A
CPT-02144,merchant,Reyes Group 02144,Region B
CPT-02145,merchant,Thompson-Chavez 02145,Region B
CPT-02146,merchant,Jackson Inc 02146,Region A
CPT-02147,merchant,Miller and Sons 02147,Region B
CPT-02148,merchant,"Davis, Rodriguez and Livingston 02148",Region A
CPT-02149,merchant,Hunt-Hart 02149,Region F
CPT-02150,merchant,Ballard-Martinez 02150,Region E
CPT-02151,merchant,Arnold Group 02151,Region D
CPT-02152,merchant,"Campbell, Ford and Brown 02152",Region C
CPT-02153,merchant,"Hicks, Peterson and Lopez 02153",Region F
CPT-02154,merchant,"Wright, Johnson and Miller 02154",Region F
CPT-02155,merchant,Gomez-Gill 02155,Region E
CPT-02156,merchant,Bowman LLC 02156,Region F
CPT-02157,merchant,"Wilson, Schneider and Jones 02157",Region E
CPT-02158,merchant,"Sanchez, Moore and Martin 02158",Region E
CPT-02159,merchant,Hill-Walton 02159,Region A
CPT-02160,merchant,"Kim, Lucero and Gonzalez 02160",Region A
CPT-02161,merchant,Sharp and Sons 02161,Region A
CPT-02162,merchant,Smith-Jones 02162,Region D
CPT-02163,merchant,"Chambers, Martin and Brown 02163",Region E
CPT-02164,merchant,Ali LLC 02164,Region E
CPT-02165,merchant,"Wilcox, Anderson and Simpson 02165",Region B
CPT-02166,merchant,Newton-Clark 02166,Region E
CPT-02167,merchant,Jones and Sons 02167,Region E
CPT-02168,merchant,Burton-Vaughn 02168,Region F
CPT-02169,merchant,Coleman and Sons 02169,Region E
CPT-02170,merchant,Boyd-Swanson 02170,Region F
CPT-02171,merchant,Valentine-Rivera 02171,Region A
CPT-02172,merchant,Taylor-Powell 02172,Region A
CPT-02173,merchant,"Williams, Lindsey and Vega 02173",Region B
CPT-02174,merchant,"Diaz, Gallagher and Campos 02174",Region B
CPT-02175,merchant,Stewart Inc 02175,Region F
CPT-02176,merchant,Duke-Smith 02176,Region A
CPT-02177,merchant,"Bautista, Ponce and Gonzalez 02177",Region C
CPT-02178,merchant,"Yu, Vang and Nguyen 02178",Region D
CPT-02179,merchant,Hernandez Inc 02179,Region B
CPT-02180,merchant,"Gonzalez, Gibson and Mccoy 02180",Region A
CPT-02181,merchant,Ortega PLC 02181,Region F
CPT-02182,merchant,"Todd, Gomez and Perez 02182",Region F
CPT-02183,merchant,"Bates, Davis and Jenkins 02183",Region D
CPT-02184,merchant,Perry-Cole 02184,Region A
CPT-02185,merchant,Guzman PLC 02185,Region C
CPT-02186,merchant,"Moore, Hernandez and Bradford 02186",Region B
CPT-02187,merchant,Patterson-Kelley 02187,Region B
CPT-02188,merchant,Sutton and Sons 02188,Region F
CPT-02189,merchant,Wright Inc 02189,Region E
CPT-02190,merchant,Dean Group 02190,Region F
CPT-02191,merchant,"Martinez, Cummings and Young 02191",Region A
CPT-02192,merchant,Kennedy PLC 02192,Region C
CPT-02193,merchant,"Byrd, Rogers and Donaldson 02193",Region F
CPT-02194,merchant,"Reynolds, Pierce and Bruce 02194",Region F
CPT-02195,merchant,Garcia Inc 02195,Region D
CPT-02196,merchant,Riley-Vaughn 02196,Region C
CPT-02197,merchant,Johnson Inc 02197,Region D
CPT-02198,merchant,Martin Inc 02198,Region B
CPT-02199,merchant,Smith Ltd 02199,Region A
CPT-02200,merchant,"Wright, Carpenter and Moore 02200",Region E
CPT-02201,merchant,Leon-Cook 02201,Region F
CPT-02202,merchant,King LLC 02202,Region E
CPT-02203,merchant,Harrell PLC 02203,Region A
CPT-02204,merchant,Baker Inc 02204,Region B
CPT-02205,merchant,"Aguirre, Roth and Vincent 02205",Region C
CPT-02206,merchant,"Pierce, Lowery and Raymond 02206",Region A
CPT-02207,merchant,Key LLC 02207,Region F
CPT-02208,merchant,"King, Davis and Anderson 02208",Region C
CPT-02209,merchant,Mendez-Meyer 02209,Region C
CPT-02210,merchant,Lee and Sons 02210,Region D
CPT-02211,merchant,Valencia-Burgess 02211,Region F
CPT-02212,merchant,Cooper-Perkins 02212,Region E
CPT-02213,merchant,Martinez-James 02213,Region C
CPT-02214,merchant,Ray-Sullivan 02214,Region A
CPT-02215,merchant,Strickland-Perez 02215,Region A
CPT-02216,merchant,Hill Group 02216,Region E
CPT-02217,merchant,Walker-Williams 02217,Region E
CPT-02218,merchant,Houston-Mack 02218,Region D
CPT-02219,merchant,Ruiz-Melton 02219,Region B
CPT-02220,merchant,Williams Inc 02220,Region C
CPT-02221,merchant,"Ross, Gonzalez and Nelson 02221",Region A
CPT-02222,merchant,Villarreal-Miller 02222,Region E
CPT-02223,merchant,Clark-Smith 02223,Region B
CPT-02224,merchant,Brandt LLC 02224,Region A
CPT-02225,merchant,Hinton-Davis 02225,Region E
CPT-02226,merchant,Smith PLC 02226,Region F
CPT-02227,merchant,Williams-Johnson 02227,Region A
CPT-02228,merchant,Taylor PLC 02228,Region B
CPT-02229,merchant,"Wright, Miller and Ford 02229",Region B
CPT-02230,merchant,Duran and Sons 02230,Region D
CPT-02231,merchant,"Sandoval, Hartman and Moore 02231",Region C
CPT-02232,merchant,Hernandez Group 02232,Region F
CPT-02233,merchant,Reed-Wolf 02233,Region A
CPT-02234,merchant,Harrison and Sons 02234,Region A
CPT-02235,merchant,"Martinez, Spencer and Dixon 02235",Region A
CPT-02236,merchant,Jones-Mendez 02236,Region D
CPT-02237,merchant,Romero Group 02237,Region C
CPT-02238,merchant,Fischer-Arellano 02238,Region C
CPT-02239,merchant,Morgan-Carpenter 02239,Region B
CPT-02240,merchant,Brennan-Barajas 02240,Region B
CPT-02241,merchant,Kelley and Sons 02241,Region B
CPT-02242,merchant,"Haynes, Diaz and Murillo 02242",Region E
CPT-02243,merchant,Dillon Group 02243,Region D
CPT-02244,merchant,Hernandez-Pierce 02244,Region D
CPT-02245,merchant,Harvey-Nunez 02245,Region B
CPT-02246,merchant,Andersen-Miles 02246,Region C
CPT-02247,merchant,Harrison and Sons 02247,Region B
CPT-02248,merchant,Sandoval-Perez 02248,Region B
CPT-02249,merchant,Adams Group 02249,Region F
CPT-02250,merchant,King-Martinez 02250,Region C
CPT-02251,merchant,Koch-Moore 02251,Region B
CPT-02252,merchant,Moss LLC 02252,Region C
CPT-02253,merchant,Aguilar Inc 02253,Region D
CPT-02254,merchant,Pennington-Best 02254,Region A
CPT-02255,merchant,Hernandez-Brock 02255,Region C
CPT-02256,merchant,"Lopez, Woods and Carpenter 02256",Region A
CPT-02257,merchant,Frank LLC 02257,Region D
CPT-02258,merchant,Reynolds-Smith 02258,Region A
CPT-02259,merchant,Newton PLC 02259,Region F
CPT-02260,merchant,Richmond Group 02260,Region D
CPT-02261,merchant,Munoz-Randall 02261,Region C
CPT-02262,merchant,Moore-Nguyen 02262,Region C
CPT-02263,merchant,"Floyd, Smith and Ryan 02263",Region F
CPT-02264,merchant,"Hall, Carlson and Jones 02264",Region A
CPT-02265,merchant,Everett-Powell 02265,Region A
CPT-02266,merchant,Blair Inc 02266,Region E
CPT-02267,merchant,"Gould, Ortiz and Collins 02267",Region A
CPT-02268,merchant,"Richardson, Stevens and Foster 02268",Region C
CPT-02269,merchant,"Simpson, Elliott and Smith 02269",Region C
CPT-02270,merchant,Knox LLC 02270,Region A
CPT-02271,merchant,Carter-Morrison 02271,Region C
CPT-02272,merchant,"Garcia, Tran and Palmer 02272",Region C
CPT-02273,merchant,Carrillo Ltd 02273,Region D
CPT-02274,merchant,George-Myers 02274,Region D
CPT-02275,merchant,Williams PLC 02275,Region C
CPT-02276,merchant,Keith-Burnett 02276,Region E
CPT-02277,merchant,Ruiz PLC 02277,Region C
CPT-02278,merchant,"Duran, Kent and Clark 02278",Region F
CPT-02279,merchant,"Waters, Christensen and Miller 02279",Region E
CPT-02280,merchant,"Smith, Horne and Smith 02280",Region F
CPT-02281,merchant,"Zimmerman, Marsh and Caldwell 02281",Region F
CPT-02282,merchant,Knapp PLC 02282,Region C
CPT-02283,merchant,White-Harper 02283,Region B
CPT-02284,merchant,Harrison-Smith 02284,Region D
CPT-02285,merchant,"Holmes, Lee and Gibbs 02285",Region D
CPT-02286,merchant,"Martin, James and Hunt 02286",Region A
CPT-02287,merchant,"Watson, Williams and Garcia 02287",Region B
CPT-02288,merchant,"Lopez, Vaughan and Ortiz 02288",Region A
CPT-02289,merchant,"Jackson, Garcia and Jones 02289",Region D
CPT-02290,merchant,Bender-Boone 02290,Region C
CPT-02291,merchant,Butler LLC 02291,Region B
CPT-02292,merchant,Jimenez-Brown 02292,Region C
CPT-02293,merchant,Shelton PLC 02293,Region C
CPT-02294,merchant,"Sandoval, Bradley and Hunt 02294",Region A
CPT-02295,merchant,Johnson Group 02295,Region A
CPT-02296,merchant,Johnson-Frank 02296,Region B
CPT-02297,merchant,Brown-Arroyo 02297,Region D
CPT-02298,merchant,Perez Inc 02298,Region F
CPT-02299,merchant,"Gibson, Becker and Wright 02299",Region E
CPT-02300,merchant,Johnson-Wilson 02300,Region F
CPT-02301,merchant,"Harrison, Hunt and Gonzalez 02301",Region E
CPT-02302,merchant,"Lane, Glenn and Moran 02302",Region E
CPT-02303,merchant,"Ford, Wilson and Moore 02303",Region D
CPT-02304,merchant,Boyd-Anderson 02304,Region F
CPT-02305,merchant,"Hale, Ward and Gilmore 02305",Region C
CPT-02306,merchant,"Ayala, Miles and Nelson 02306",Region D
CPT-02307,merchant,Lara LLC 02307,Region F
CPT-02308,merchant,Gray-Gibbs 02308,Region A
CPT-02309,merchant,Ali LLC 02309,Region E
CPT-02310,merchant,Ramos Group 02310,Region B
CPT-02311,merchant,Cantu Ltd 02311,Region E
CPT-02312,merchant,"Kelly, Price and Martin 02312",Region E
CPT-02313,merchant,"Cohen, Long and Fuller 02313",Region A
CPT-02314,merchant,Harrell-Harper 02314,Region C
CPT-02315,merchant,Ramos-Gonzalez 02315,Region D
CPT-02316,merchant,Thomas-Johnson 02316,Region D
CPT-02317,merchant,Richards LLC 02317,Region E
CPT-02318,merchant,"Romero, Smith and Lewis 02318",Region C
CPT-02319,merchant,Marshall PLC 02319,Region E
CPT-02320,merchant,Allen-Torres 02320,Region E
CPT-02321,merchant,White-Bailey 02321,Region E
CPT-02322,merchant,Colon-Meyers 02322,Region A
CPT-02323,merchant,Gonzalez-Norman 02323,Region F
CPT-02324,merchant,Jones PLC 02324,Region A
CPT-02325,merchant,Fisher PLC 02325,Region E
CPT-02326,merchant,Carter LLC 02326,Region B
CPT-02327,merchant,Scott PLC 02327,Region D
CPT-02328,merchant,"Wiggins, Wilson and Willis 02328",Region C
CPT-02329,merchant,Taylor PLC 02329,Region B
CPT-02330,merchant,Diaz-Wolfe 02330,Region D
CPT-02331,merchant,Powers Ltd 02331,Region A
CPT-02332,merchant,Stokes Ltd 02332,Region F
CPT-02333,merchant,"Green, Powell and Espinoza 02333",Region E
CPT-02334,merchant,"Mcdonald, Johnson and Griffin 02334",Region C
CPT-02335,merchant,"Molina, Brown and Foster 02335",Region D
CPT-02336,merchant,Armstrong-Brown 02336,Region A
CPT-02337,merchant,Davis Inc 02337,Region D
CPT-02338,merchant,"Salazar, Matthews and Smith 02338",Region D
CPT-02339,merchant,Grant LLC 02339,Region D
CPT-02340,merchant,Taylor-Edwards 02340,Region B
CPT-02341,merchant,Mendez-Davis 02341,Region B
CPT-02342,merchant,Smith-Ramos 02342,Region A
CPT-02343,merchant,Webb and Sons 02343,Region F
CPT-02344,merchant,Underwood LLC 02344,Region C
CPT-02345,merchant,Gonzalez PLC 02345,Region A
CPT-02346,merchant,Franco Ltd 02346,Region B
CPT-02347,merchant,Perez and Sons 02347,Region F
CPT-02348,merchant,Clements Inc 02348,Region C
CPT-02349,merchant,"Gordon, Williams and Bates 02349",Region A
CPT-02350,merchant,Bean Group 02350,Region F
CPT-02351,merchant,"Lane, Valencia and King 02351",Region C
CPT-02352,merchant,Richardson Ltd 02352,Region C
CPT-02353,merchant,Taylor-Keith 02353,Region F
CPT-02354,merchant,Young PLC 02354,Region F
CPT-02355,merchant,"Frey, Bray and Kim 02355",Region D
CPT-02356,merchant,"Reed, Reed and James 02356",Region A
CPT-02357,merchant,Simmons-Hoffman 02357,Region F
CPT-02358,merchant,Turner Group 02358,Region A
CPT-02359,merchant,"Contreras, Patel and Cunningham 02359",Region E
CPT-02360,merchant,Foster-Long 02360,Region F
CPT-02361,merchant,"Cunningham, Morgan and Carrillo 02361",Region B
CPT-02362,merchant,Green and Sons 02362,Region B
CPT-02363,merchant,"Morrison, Johnson and Ellis 02363",Region C
CPT-02364,merchant,Jones-Nichols 02364,Region F
CPT-02365,merchant,Alexander-Levy 02365,Region B
CPT-02366,merchant,Davis PLC 02366,Region D
CPT-02367,merchant,Lawrence-Arellano 02367,Region B
CPT-02368,merchant,Holden-Ortiz 02368,Region E
CPT-02369,merchant,Knight-Martin 02369,Region C
CPT-02370,merchant,Kelly-Smith 02370,Region C
CPT-02371,merchant,"Hernandez, Estrada and Manning 02371",Region D
CPT-02372,merchant,Harrison and Sons 02372,Region F
CPT-02373,merchant,"Reyes, Gonzalez and Smith 02373",Region D
CPT-02374,merchant,Acevedo LLC 02374,Region B
CPT-02375,merchant,Riddle-Dunn 02375,Region A
CPT-02376,merchant,"Sparks, Adams and Gaines 02376",Region C
CPT-02377,merchant,Allen LLC 02377,Region B
CPT-02378,merchant,"Taylor, Anderson and Paul 02378",Region A
CPT-02379,merchant,"Young, Ruiz and Watkins 02379",Region B
CPT-02380,merchant,Jones Inc 02380,Region E
CPT-02381,merchant,Haney-Smith 02381,Region B
CPT-02382,merchant,"Mitchell, Hernandez and Miller 02382",Region C
CPT-02383,merchant,"Grant, Lewis and Silva 02383",Region A
CPT-02384,merchant,Kaufman-Greene 02384,Region C
CPT-02385,merchant,"Oliver, Ellis and Waller 02385",Region E
CPT-02386,merchant,Armstrong Ltd 02386,Region D
CPT-02387,merchant,Smith-Suarez 02387,Region B
CPT-02388,merchant,Davis Ltd 02388,Region A
CPT-02389,supplier,"Bender, Johnson and Benjamin 02389",Region C
CPT-02390,supplier,Rodriguez and Sons 02390,Region C
CPT-02391,supplier,Anderson PLC 02391,Region D
CPT-02392,supplier,Bennett Group 02392,Region B
CPT-02393,supplier,"Chandler, Glover and Smith 02393",Region F
CPT-02394,supplier,Payne-Jackson 02394,Region F
CPT-02395,supplier,"Kelly, Ortiz and Keith 02395",Region D
CPT-02396,supplier,"Grimes, Wright and Smith 02396",Region D
CPT-02397,supplier,Johnson Ltd 02397,Region F
CPT-02398,supplier,Espinoza and Sons 02398,Region E
CPT-02399,supplier,"Klein, Ross and Jones 02399",Region F
CPT-02400,supplier,Tyler LLC 02400,Region F
CPT-02401,supplier,"Bailey, Medina and King 02401",Region E
CPT-02402,supplier,"James, Kennedy and Smith 02402",Region E
CPT-02403,supplier,"Eaton, Thomas and Patel 02403",Region F
CPT-02404,supplier,Gordon-Stanley 02404,Region D
CPT-02405,supplier,Nelson-Klein 02405,Region A
CPT-02406,supplier,"Freeman, Johnson and Williams 02406",Region C
CPT-02407,supplier,Johnson-Gonzales 02407,Region B
CPT-02408,supplier,Santos-White 02408,Region B
CPT-02409,supplier,Barnes Ltd 02409,Region A
CPT-02410,supplier,"Torres, Wilson and Hart 02410",Region F
CPT-02411,supplier,Patrick-Weaver 02411,Region B
CPT-02412,supplier,Anthony PLC 02412,Region B
CPT-02413,supplier,"Frey, Hamilton and Mckinney 02413",Region C
CPT-02414,supplier,Thompson-Murphy 02414,Region E
CPT-02415,supplier,Gibson-Tate 02415,Region B
CPT-02416,supplier,Smith LLC 02416,Region E
CPT-02417,supplier,"Diaz, Dominguez and Taylor 02417",Region F
CPT-02418,supplier,Rivera and Sons 02418,Region C
CPT-02419,supplier,Cooper Ltd 02419,Region A
CPT-02420,supplier,Jones LLC 02420,Region F
CPT-02421,supplier,"Johnson, Morales and Smith 02421",Region F
CPT-02422,supplier,Brooks-Brown 02422,Region F
CPT-02423,supplier,"Gaines, Schultz and Clark 02423",Region C
CPT-02424,supplier,Nelson-Snyder 02424,Region B
CPT-02425,supplier,Johnson-Baker 02425,Region C
CPT-02426,supplier,"Anderson, Mcbride and Buchanan 02426",Region D
CPT-02427,supplier,Sullivan and Sons 02427,Region B
CPT-02428,supplier,Durham-Thompson 02428,Region B
CPT-02429,supplier,Carter and Sons 02429,Region B
CPT-02430,supplier,Flores Group 02430,Region C
CPT-02431,supplier,Diaz Ltd 02431,Region A
CPT-02432,supplier,"Lucero, Page and Cervantes 02432",Region A
CPT-02433,supplier,Nelson-Murillo 02433,Region B
CPT-02434,supplier,"Reilly, Hamilton and Davis 02434",Region B
CPT-02435,supplier,Murray and Sons 02435,Region B
CPT-02436,supplier,Becker-Sanchez 02436,Region E
CPT-02437,supplier,Fritz-Tapia 02437,Region F
CPT-02438,supplier,Arnold-Mckinney 02438,Region C
CPT-02439,supplier,Mccullough-Williams 02439,Region E
CPT-02440,supplier,Tucker Group 02440,Region D
CPT-02441,supplier,May and Sons 02441,Region E
CPT-02442,supplier,Fritz-Malone 02442,Region C
CPT-02443,supplier,Hopkins Inc 02443,Region C
CPT-02444,supplier,Christian and Sons 02444,Region D
CPT-02445,supplier,Rogers-Parker 02445,Region B
CPT-02446,supplier,Cooper-Perez 02446,Region E
CPT-02447,supplier,"Stone, Watson and Wright 02447",Region B
CPT-02448,supplier,Munoz-Clark 02448,Region B
CPT-02449,supplier,Matthews Ltd 02449,Region E
CPT-02450,supplier,Smith LLC 02450,Region C
CPT-02451,supplier,George-Cole 02451,Region B
CPT-02452,supplier,"Bailey, Miller and Wolfe 02452",Region C
CPT-02453,supplier,James-Hill 02453,Region B
CPT-02454,supplier,Bradley-Miller 02454,Region F
CPT-02455,supplier,Mitchell-Bennett 02455,Region F
CPT-02456,supplier,Cruz-Brooks 02456,Region C
CPT-02457,supplier,"Anderson, Pierce and Dennis 02457",Region B
CPT-02458,supplier,"Perkins, Berger and Ruiz 02458",Region B
CPT-02459,supplier,"Gardner, Kim and Hill 02459",Region B
CPT-02460,supplier,Lane-Adams 02460,Region D
CPT-02461,supplier,Baxter LLC 02461,Region B
CPT-02462,supplier,Lewis-Smith 02462,Region C
CPT-02463,supplier,Walker PLC 02463,Region E
CPT-02464,supplier,"Olson, Welch and Moore 02464",Region F
CPT-02465,supplier,Kemp PLC 02465,Region A
CPT-02466,supplier,Perry Ltd 02466,Region A
CPT-02467,supplier,"Miller, Fisher and Rowland 02467",Region B
CPT-02468,supplier,"Gray, Tran and Hendrix 02468",Region D
CPT-02469,supplier,Smith Ltd 02469,Region C
CPT-02470,supplier,Carrillo Group 02470,Region E
CPT-02471,supplier,"Cooper, Steele and White 02471",Region C
CPT-02472,supplier,Flowers-Ward 02472,Region A
CPT-02473,supplier,"Bryan, Alvarado and Rubio 02473",Region B
CPT-02474,supplier,Owens-Rice 02474,Region C
CPT-02475,supplier,Taylor Ltd 02475,Region E
CPT-02476,supplier,James-Benson 02476,Region C
CPT-02477,supplier,Collins Group 02477,Region A
CPT-02478,supplier,Jones-Schmidt 02478,Region D
CPT-02479,supplier,Bradley-Atkins 02479,Region D
CPT-02480,supplier,Blankenship Inc 02480,Region A
CPT-02481,supplier,Mcclure LLC 02481,Region E
CPT-02482,supplier,Lopez-Parker 02482,Region C
CPT-02483,supplier,"Bruce, Williams and Wright 02483",Region B
CPT-02484,supplier,"Williams, Richardson and Fernandez 02484",Region A
CPT-02485,supplier,Shepherd Ltd 02485,Region C
CPT-02486,supplier,Bell-Pena 02486,Region E
CPT-02487,supplier,"Phillips, Warren and Smith 02487",Region B
CPT-02488,supplier,Anderson Inc 02488,Region D
CPT-02489,supplier,"Lynn, Collins and Mitchell 02489",Region C
CPT-02490,supplier,Hendricks-Beasley 02490,Region A
CPT-02491,supplier,Mcgee-Orozco 02491,Region E
CPT-02492,supplier,"Romero, Harris and Smith 02492",Region D
CPT-02493,supplier,Johnston-Wilson 02493,Region D
CPT-02494,supplier,"Carrillo, Coffey and Wilson 02494",Region F
CPT-02495,supplier,"Miles, Allen and Fisher 02495",Region E
CPT-02496,supplier,"Leach, Phillips and Nguyen 02496",Region A
CPT-02497,supplier,Ward-Fuentes 02497,Region A
CPT-02498,supplier,Bailey Inc 02498,Region C
CPT-02499,supplier,Johnson-Hill 02499,Region C
CPT-02500,supplier,Smith-Wise 02500,Region E
CPT-02501,supplier,"Burton, Cox and James 02501",Region D
CPT-02502,supplier,"Dean, Dorsey and Rodriguez 02502",Region D
CPT-02503,supplier,Lee Ltd 02503,Region C
CPT-02504,supplier,Moss Inc 02504,Region C
CPT-02505,supplier,"Arnold, Barber and Howard 02505",Region B
CPT-02506,supplier,"Cortez, Douglas and Williams 02506",Region A
CPT-02507,supplier,"Patel, Perez and James 02507",Region F
CPT-02508,supplier,Cox-Mitchell 02508,Region D
CPT-02509,supplier,Golden-Walter 02509,Region D
CPT-02510,supplier,"Adkins, Cunningham and Chase 02510",Region E
CPT-02511,supplier,Cruz LLC 02511,Region D
CPT-02512,supplier,Gutierrez-Peterson 02512,Region C
CPT-02513,supplier,Moore Ltd 02513,Region F
CPT-02514,supplier,Giles-Perkins 02514,Region B
CPT-02515,supplier,Reed-Gonzalez 02515,Region A
CPT-02516,supplier,Watkins-Coffey 02516,Region A
CPT-02517,supplier,Jenkins-Gonzalez 02517,Region E
CPT-02518,supplier,"Williams, Henry and Wheeler 02518",Region D
CPT-02519,supplier,"Sutton, Sanchez and Lambert 02519",Region A
CPT-02520,supplier,"Padilla, Vega and Perry 02520",Region E
CPT-02521,supplier,"Crawford, Ortega and Norris 02521",Region D
CPT-02522,supplier,Andrade Ltd 02522,Region B
CPT-02523,supplier,Garrett-Ramirez 02523,Region E
CPT-02524,supplier,Heath-Small 02524,Region B
CPT-02525,supplier,Lindsey-Ashley 02525,Region B
CPT-02526,supplier,Lee and Sons 02526,Region A
CPT-02527,supplier,Hayden and Sons 02527,Region C
CPT-02528,supplier,"Wilson, Williamson and Armstrong 02528",Region A
CPT-02529,supplier,"Hughes, Novak and Walker 02529",Region B
CPT-02530,supplier,"Jackson, Brown and Young 02530",Region A
CPT-02531,supplier,"Martinez, Bell and Allen 02531",Region E
CPT-02532,supplier,Martin Ltd 02532,Region C
CPT-02533,supplier,Brady-King 02533,Region E
CPT-02534,supplier,Whitaker Group 02534,Region E
CPT-02535,supplier,Butler-Gonzalez 02535,Region D
CPT-02536,supplier,Jones Group 02536,Region F
CPT-02537,supplier,Saunders Ltd 02537,Region E
CPT-02538,supplier,"Lyons, Evans and Wong 02538",Region F
CPT-02539,supplier,Cox-Perry 02539,Region A
CPT-02540,supplier,Andrade-Bell 02540,Region A
CPT-02541,supplier,Hammond-Turner 02541,Region A
CPT-02542,supplier,Taylor PLC 02542,Region A
CPT-02543,supplier,Alexander and Sons 02543,Region B
CPT-02544,supplier,Larson Inc 02544,Region F
CPT-02545,supplier,Robinson PLC 02545,Region A
CPT-02546,supplier,Williams-Lowe 02546,Region C
CPT-02547,supplier,Ward-Vargas 02547,Region F
CPT-02548,supplier,Williamson-Hale 02548,Region E
CPT-02549,supplier,"Ford, Reyes and Edwards 02549",Region A
CPT-02550,supplier,Jones-Gomez 02550,Region C
CPT-02551,supplier,"Freeman, Armstrong and Gutierrez 02551",Region D
CPT-02552,supplier,Bonilla Group 02552,Region A
CPT-02553,supplier,Wright Group 02553,Region A
CPT-02554,supplier,Johnson PLC 02554,Region C
CPT-02555,supplier,"Gray, Black and Garrett 02555",Region F
CPT-02556,supplier,"Wolf, Suarez and White 02556",Region A
CPT-02557,supplier,Schultz-Anderson 02557,Region A
CPT-02558,supplier,Barnes and Sons 02558,Region F
CPT-02559,supplier,Krueger PLC 02559,Region B
CPT-02560,supplier,Powell-Morris 02560,Region B
CPT-02561,supplier,Simon-Bryan 02561,Region C
CPT-02562,supplier,"Salazar, Johnson and Adams 02562",Region A
CPT-02563,supplier,Reynolds-Copeland 02563,Region A
CPT-02564,supplier,Nguyen-Johnson 02564,Region D
CPT-02565,supplier,"Smith, Hernandez and Lewis 02565",Region D
CPT-02566,supplier,"Larson, Gutierrez and Ramirez 02566",Region D
CPT-02567,supplier,Hernandez-Ruiz 02567,Region B
CPT-02568,supplier,Wilson-Taylor 02568,Region E
CPT-02569,supplier,"Perez, Conley and Callahan 02569",Region E
CPT-02570,supplier,"Ferrell, Brooks and Liu 02570",Region E
CPT-02571,supplier,Fowler-Williams 02571,Region F
CPT-02572,supplier,"Johnson, Hodge and Rogers 02572",Region B
CPT-02573,supplier,"York, Patel and Hall 02573",Region C
CPT-02574,supplier,"Bradshaw, Adams and Daniels 02574",Region C
CPT-02575,supplier,"Reynolds, Cannon and Hernandez 02575",Region E
CPT-02576,supplier,Clark LLC 02576,Region A
CPT-02577,supplier,Thomas-Park 02577,Region E
CPT-02578,supplier,Hayes Inc 02578,Region B
CPT-02579,supplier,Wells LLC 02579,Region C
CPT-02580,supplier,Davis-Mason 02580,Region F
CPT-02581,supplier,"Garcia, Fisher and Wilson 02581",Region B
CPT-02582,supplier,Johnson LLC 02582,Region F
CPT-02583,supplier,Lutz Ltd 02583,Region C
CPT-02584,supplier,Taylor-Peters 02584,Region A
CPT-02585,supplier,Williams LLC 02585,Region A
CPT-02586,supplier,Martinez Group 02586,Region E
CPT-02587,supplier,Clark Group 02587,Region E
CPT-02588,supplier,Hayes-Nunez 02588,Region C
CPT-02589,supplier,"Anderson, Sanders and Sims 02589",Region B
CPT-02590,supplier,"Cox, Duncan and Walker 02590",Region B
CPT-02591,supplier,"Gonzales, Nelson and Figueroa 02591",Region C
CPT-02592,supplier,Richard-Vaughn 02592,Region B
CPT-02593,supplier,Hayes-Klein 02593,Region F
CPT-02594,supplier,King-Mueller 02594,Region C
CPT-02595,supplier,Zimmerman-Terry 02595,Region B
CPT-02596,supplier,"Paul, Mclaughlin and Clark 02596",Region B
CPT-02597,supplier,"Davis, Lynch and Arnold 02597",Region D
CPT-02598,supplier,Branch PLC 02598,Region C
CPT-02599,supplier,Gordon and Sons 02599,Region E
CPT-02600,supplier,"Hancock, Schwartz and Williams 02600",Region A
CPT-02601,supplier,"Thomas, Garcia and Thomas 02601",Region C
CPT-02602,supplier,"Reilly, Jones and Nelson 02602",Region E
CPT-02603,supplier,"Meza, Ramirez and Russell 02603",Region B
CPT-02604,supplier,"Carson, Morgan and Robinson 02604",Region E
CPT-02605,supplier,Miller-Peterson 02605,Region D
CPT-02606,supplier,Diaz and Sons 02606,Region F
CPT-02607,supplier,Dixon-Watson 02607,Region B
CPT-02608,supplier,Smith Inc 02608,Region A
CPT-02609,supplier,"Reyes, Odom and Thomas 02609",Region D
CPT-02610,supplier,"Marsh, Graham and Gross 02610",Region F
CPT-02611,supplier,Sanchez PLC 02611,Region C
CPT-02612,supplier,"Thomas, Black and Dawson 02612",Region B
CPT-02613,supplier,Gay and Sons 02613,Region C
CPT-02614,supplier,Harris and Sons 02614,Region A
CPT-02615,supplier,Browning and Sons 02615,Region B
CPT-02616,supplier,Burnett-Austin 02616,Region E
CPT-02617,supplier,"Sanchez, Rivera and Barton 02617",Region D
CPT-02618,supplier,Morrison-Serrano 02618,Region A
CPT-02619,supplier,"Jones, Key and Thomas 02619",Region A
CPT-02620,supplier,"Brady, Miller and Foster 02620",Region F
CPT-02621,supplier,"Yu, Miller and Cabrera 02621",Region F
CPT-02622,supplier,Mayo PLC 02622,Region E
CPT-02623,supplier,Wright Group 02623,Region E
CPT-02624,supplier,Cochran Group 02624,Region F
CPT-02625,supplier,"Thompson, Huff and Morgan 02625",Region B
CPT-02626,supplier,Lewis Group 02626,Region A
CPT-02627,supplier,Brock LLC 02627,Region F
CPT-02628,supplier,"Holt, Carroll and Perez 02628",Region C
CPT-02629,supplier,Stevens-Moore 02629,Region B
CPT-02630,supplier,"Rivera, Gray and Allen 02630",Region B
CPT-02631,supplier,"Howell, Cruz and Mosley 02631",Region D
CPT-02632,supplier,Shepherd Ltd 02632,Region C
CPT-02633,supplier,Waters-Rodriguez 02633,Region F
CPT-02634,supplier,Price-Williams 02634,Region A
CPT-02635,supplier,Watson-Lindsey 02635,Region F
CPT-02636,supplier,Carroll PLC 02636,Region C
CPT-02637,supplier,"Wright, Harris and Gonzalez 02637",Region A
CPT-02638,supplier,Arnold and Sons 02638,Region E
CPT-02639,supplier,"Lynch, Thompson and Gregory 02639",Region D
CPT-02640,supplier,Edwards-Hughes 02640,Region E
CPT-02641,supplier,Morris Inc 02641,Region B
CPT-02642,supplier,Walker-Collins 02642,Region C
CPT-02643,supplier,"George, Mcclure and Chung 02643",Region B
CPT-02644,supplier,Jones-Cruz 02644,Region E
CPT-02645,supplier,Mckinney and Sons 02645,Region A
CPT-02646,supplier,Norris Inc 02646,Region C
CPT-02647,supplier,"Mcintyre, Sweeney and Martin 02647",Region D
CPT-02648,supplier,Pierce and Sons 02648,Region F
CPT-02649,supplier,Flores PLC 02649,Region E
CPT-02650,supplier,"Barron, Cohen and Sanchez 02650",Region C
CPT-02651,supplier,Velez and Sons 02651,Region B
CPT-02652,supplier,Farmer Ltd 02652,Region B
CPT-02653,supplier,Hancock Group 02653,Region B
CPT-02654,supplier,"Patel, Mcclain and Durham 02654",Region E
CPT-02655,supplier,"Lin, Joseph and Oconnell 02655",Region D
CPT-02656,supplier,"Black, Melton and Walters 02656",Region B
CPT-02657,supplier,Fritz LLC 02657,Region C
CPT-02658,supplier,Chan Ltd 02658,Region F
CPT-02659,supplier,Townsend Group 02659,Region C
CPT-02660,supplier,"Huber, Luna and Atkinson 02660",Region A
CPT-02661,supplier,Harper Ltd 02661,Region B
CPT-02662,supplier,Mccoy and Sons 02662,Region D
CPT-02663,supplier,Nelson Inc 02663,Region A
CPT-02664,supplier,Barry-Johnson 02664,Region C
CPT-02665,supplier,Nelson Group 02665,Region A
CPT-02666,supplier,"Bautista, Coleman and Werner 02666",Region B
CPT-02667,supplier,"Baker, Burch and Cooper 02667",Region B
CPT-02668,supplier,Hamilton Group 02668,Region C
CPT-02669,supplier,"Ramsey, Silva and Kline 02669",Region C
CPT-02670,supplier,Miller and Sons 02670,Region D
CPT-02671,supplier,James-Smith 02671,Region C
CPT-02672,supplier,"Sullivan, Sanchez and Rich 02672",Region C
CPT-02673,supplier,Meyers-Faulkner 02673,Region F
CPT-02674,supplier,Mendoza-Johnson 02674,Region B
CPT-02675,supplier,"Mendez, Thompson and Estes 02675",Region B
CPT-02676,supplier,Howell Group 02676,Region F
CPT-02677,supplier,Kelly PLC 02677,Region E
CPT-02678,supplier,Kemp-Patterson 02678,Region B
CPT-02679,supplier,Brown-Vazquez 02679,Region C
CPT-02680,supplier,"Gonzalez, Burton and Gonzales 02680",Region C
CPT-02681,supplier,Cain-Hill 02681,Region C
CPT-02682,supplier,"Williams, Diaz and Johnson 02682",Region C
CPT-02683,supplier,Robinson Inc 02683,Region F
CPT-02684,supplier,Hudson and Sons 02684,Region E
CPT-02685,supplier,Brown-Bell 02685,Region E
CPT-02686,supplier,Smith-Cook 02686,Region C
CPT-02687,supplier,Delacruz-Miller 02687,Region D
CPT-02688,supplier,"Benson, Cummings and Lewis 02688",Region F
CPT-02689,supplier,Powell-Jones 02689,Region B
CPT-02690,supplier,Thompson-Norton 02690,Region F
CPT-02691,supplier,"Chavez, Vasquez and Phillips 02691",Region C
CPT-02692,supplier,Hernandez Group 02692,Region A
CPT-02693,supplier,Webb-Huff 02693,Region B
CPT-02694,supplier,Adams-Martinez 02694,Region F
CPT-02695,supplier,Sparks and Sons 02695,Region F
CPT-02696,supplier,Brown-Ramos 02696,Region A
CPT-02697,supplier,"Grant, Johnson and Day 02697",Region D
CPT-02698,supplier,Gonzales-Pierce 02698,Region B
CPT-02699,supplier,Nguyen PLC 02699,Region C
CPT-02700,supplier,Robinson Group 02700,Region F
CPT-02701,supplier,"Osborne, Castillo and Hall 02701",Region F
CPT-02702,supplier,Snyder Inc 02702,Region E
CPT-02703,supplier,Mann-Douglas 02703,Region D
CPT-02704,supplier,"Kemp, Love and Grimes 02704",Region C
CPT-02705,supplier,Colon PLC 02705,Region B
CPT-02706,supplier,Lewis-Williams 02706,Region D
CPT-02707,supplier,Palmer-Wheeler 02707,Region C
CPT-02708,supplier,Reid and Sons 02708,Region E
CPT-02709,supplier,Hudson-Perry 02709,Region E
CPT-02710,supplier,Morgan LLC 02710,Region C
CPT-02711,supplier,"Chapman, Byrd and Lewis 02711",Region E
CPT-02712,supplier,George Group 02712,Region F
CPT-02713,supplier,"Anthony, Kaiser and Lawrence 02713",Region E
CPT-02714,supplier,"Lee, Neal and Morgan 02714",Region F
CPT-02715,supplier,Robinson Inc 02715,Region D
CPT-02716,supplier,"Brooks, Gonzales and Allen 02716",Region C
CPT-02717,supplier,Braun-Duke 02717,Region B
CPT-02718,supplier,Nichols-Watkins 02718,Region E
CPT-02719,supplier,Haney and Sons 02719,Region E
CPT-02720,supplier,"Turner, Green and Hinton 02720",Region C
CPT-02721,supplier,Barnes Ltd 02721,Region E
CPT-02722,supplier,Jones PLC 02722,Region D
CPT-02723,supplier,"Hutchinson, Hodges and Olson 02723",Region D
CPT-02724,supplier,Brown LLC 02724,Region E
CPT-02725,supplier,Diaz PLC 02725,Region F
CPT-02726,supplier,"Daniels, Jones and Lewis 02726",Region B
CPT-02727,supplier,"Sandoval, Donaldson and Myers 02727",Region E
CPT-02728,supplier,Allen-Ware 02728,Region D
CPT-02729,supplier,Ortiz-Patterson 02729,Region F
CPT-02730,supplier,Boyd-Martinez 02730,Region B
CPT-02731,supplier,"Lewis, Atkinson and Knight 02731",Region E
CPT-02732,supplier,Fernandez LLC 02732,Region C
CPT-02733,supplier,"Grimes, Harper and Garcia 02733",Region E
CPT-02734,supplier,Jacobs-Spencer 02734,Region B
CPT-02735,supplier,"Christensen, Lindsey and Diaz 02735",Region F
CPT-02736,supplier,"Lewis, Ramos and Gonzalez 02736",Region B
CPT-02737,supplier,"Turner, Hickman and Cook 02737",Region B
CPT-02738,supplier,Dunlap-Long 02738,Region F
CPT-02739,supplier,Taylor and Sons 02739,Region F
CPT-02740,supplier,Gutierrez Ltd 02740,Region E
CPT-02741,supplier,Sims PLC 02741,Region E
CPT-02742,supplier,Berry Group 02742,Region B
CPT-02743,supplier,Callahan Inc 02743,Region A
CPT-02744,supplier,"Johnson, Horne and Bennett 02744",Region B
CPT-02745,supplier,"Gilmore, Tapia and Knox 02745",Region F
CPT-02746,supplier,"Lambert, Herrera and Mitchell 02746",Region A
CPT-02747,supplier,"Marshall, Barnes and Herman 02747",Region C
CPT-02748,supplier,Pena PLC 02748,Region F
CPT-02749,supplier,Gomez-Jensen 02749,Region A
CPT-02750,supplier,"Sutton, Patton and Johnston 02750",Region A
CPT-02751,supplier,Dominguez-Compton 02751,Region C
CPT-02752,supplier,Gross-Hatfield 02752,Region F
CPT-02753,supplier,Butler-Allen 02753,Region D
CPT-02754,supplier,Edwards Group 02754,Region A
CPT-02755,supplier,Adams-Hebert 02755,Region A
CPT-02756,supplier,"Duncan, Roberts and Price 02756",Region F
CPT-02757,supplier,Park PLC 02757,Region A
CPT-02758,supplier,"Flores, Smith and Sutton 02758",Region D
CPT-02759,supplier,Graves-Brown 02759,Region B
CPT-02760,supplier,"Mendez, Jones and Warren 02760",Region E
CPT-02761,supplier,Gomez Group 02761,Region B
CPT-02762,supplier,"Hansen, Berg and Cameron 02762",Region B
CPT-02763,supplier,Martinez Inc 02763,Region A
CPT-02764,supplier,"Carr, Bowman and Zimmerman 02764",Region F
CPT-02765,supplier,Owens-Parker 02765,Region F
CPT-02766,supplier,"Davidson, Brown and Arroyo 02766",Region D
CPT-02767,supplier,"Brown, Guerrero and Bender 02767",Region C
CPT-02768,supplier,"Wilson, Torres and Beard 02768",Region F
CPT-02769,supplier,"Walker, Richards and Williams 02769",Region F
CPT-02770,supplier,Allen LLC 02770,Region D
CPT-02771,supplier,Jimenez PLC 02771,Region E
CPT-02772,supplier,"Cummings, Campbell and Schneider 02772",Region B
CPT-02773,supplier,Spence and Sons 02773,Region B
CPT-02774,supplier,"Hunt, Kelly and Lawson 02774",Region C
CPT-02775,supplier,Hampton and Sons 02775,Region D
CPT-02776,supplier,Ward PLC 02776,Region D
CPT-02777,supplier,Washington-Davis 02777,Region C
CPT-02778,supplier,"Hubbard, Miller and Ross 02778",Region D
CPT-02779,supplier,Washington-Calderon 02779,Region B
CPT-02780,supplier,Rodriguez-Flores 02780,Region F
CPT-02781,supplier,Duncan Ltd 02781,Region A
CPT-02782,supplier,Cherry LLC 02782,Region D
CPT-02783,supplier,Benson-Floyd 02783,Region D
CPT-02784,supplier,Johnson Inc 02784,Region A
CPT-02785,supplier,Barrett Group 02785,Region B
CPT-02786,supplier,Spencer-Ortega 02786,Region D
CPT-02787,supplier,Hale-Reed 02787,Region E
CPT-02788,supplier,"Hardin, Ponce and Robertson 02788",Region A
CPT-02789,supplier,Salinas PLC 02789,Region F
CPT-02790,supplier,Murray Inc 02790,Region E
CPT-02791,supplier,Arnold-Bell 02791,Region C
CPT-02792,supplier,Berry Group 02792,Region E
CPT-02793,supplier,Franco PLC 02793,Region A
CPT-02794,supplier,Newton-Guerrero 02794,Region C
CPT-02795,supplier,Aguilar-Jones 02795,Region C
CPT-02796,supplier,"Molina, Sanford and Johnson 02796",Region E
CPT-02797,supplier,Smith Group 02797,Region F
CPT-02798,supplier,"Clayton, Chapman and Knapp 02798",Region A
CPT-02799,supplier,Sheppard-Willis 02799,Region F
CPT-02800,supplier,"Schwartz, Davidson and Johnson 02800",Region C
CPT-02801,supplier,Fowler-Bennett 02801,Region A
CPT-02802,supplier,Howard Inc 02802,Region B
CPT-02803,supplier,Lee-Lang 02803,Region A
CPT-02804,supplier,"Cardenas, Parker and Carter 02804",Region E
CPT-02805,supplier,Church-Martinez 02805,Region F
CPT-02806,supplier,Kennedy and Sons 02806,Region F
CPT-02807,supplier,"Gilmore, Cox and Rios 02807",Region E
CPT-02808,supplier,Clayton Ltd 02808,Region F
CPT-02809,supplier,Wheeler-Allen 02809,Region F
CPT-02810,supplier,"Taylor, Johnson and Cuevas 02810",Region A
CPT-02811,supplier,"Higgins, Hodge and Lynch 02811",Region C
CPT-02812,supplier,Jackson-Cox 02812,Region C
CPT-02813,supplier,Jenkins PLC 02813,Region E
CPT-02814,supplier,Yates-Schwartz 02814,Region D
CPT-02815,supplier,Bryant and Sons 02815,Region F
CPT-02816,supplier,"Washington, Clements and Cisneros 02816",Region A
CPT-02817,supplier,Jones-Lucas 02817,Region F
CPT-02818,supplier,Hansen-Payne 02818,Region D
CPT-02819,supplier,Mitchell-Tran 02819,Region C
CPT-02820,supplier,"Gilbert, Wallace and Weiss 02820",Region B
CPT-02821,supplier,Hernandez-Green 02821,Region E
CPT-02822,supplier,Tyler-Fuller 02822,Region F
CPT-02823,supplier,Nguyen-Carter 02823,Region A
CPT-02824,supplier,"Williams, Miller and Brown 02824",Region C
CPT-02825,supplier,Bauer Inc 02825,Region F
CPT-02826,supplier,Mendoza PLC 02826,Region D
CPT-02827,supplier,Ayala-Howell 02827,Region E
CPT-02828,supplier,Evans PLC 02828,Region C
CPT-02829,supplier,"Bryant, Jackson and Elliott 02829",Region C
CPT-02830,supplier,Weeks Ltd 02830,Region A
CPT-02831,supplier,Sanford and Sons 02831,Region C
CPT-02832,supplier,Clark and Sons 02832,Region F
CPT-02833,supplier,Morales Inc 02833,Region B
CPT-02834,supplier,Burke PLC 02834,Region C
CPT-02835,supplier,"Higgins, Hickman and Miranda 02835",Region E
CPT-02836,supplier,Perez-Moore 02836,Region E
CPT-02837,supplier,Taylor and Sons 02837,Region C
CPT-02838,supplier,Terrell and Sons 02838,Region E
CPT-02839,supplier,Pineda and Sons 02839,Region D
CPT-02840,supplier,Jones-Sanchez 02840,Region F
CPT-02841,supplier,Allen-Thornton 02841,Region E
CPT-02842,supplier,"Pittman, Owen and Holt 02842",Region A
CPT-02843,supplier,"Robertson, Ibarra and Jones 02843",Region C
CPT-02844,supplier,Marshall Group 02844,Region E
CPT-02845,supplier,Hunter-Serrano 02845,Region D
CPT-02846,supplier,Crosby-Cruz 02846,Region D
CPT-02847,supplier,Jackson-Strong 02847,Region E
CPT-02848,supplier,Russell Ltd 02848,Region A
CPT-02849,supplier,"King, White and Woods 02849",Region A
CPT-02850,supplier,"Combs, Castillo and Jones 02850",Region E
CPT-02851,supplier,Martin and Sons 02851,Region F
CPT-02852,supplier,Hess-Barnes 02852,Region E
CPT-02853,supplier,Wright-Zuniga 02853,Region C
CPT-02854,supplier,Gardner and Sons 02854,Region F
CPT-02855,supplier,Salinas PLC 02855,Region D
CPT-02856,supplier,Butler-Chapman 02856,Region E
CPT-02857,supplier,Jordan-Franco 02857,Region E
CPT-02858,supplier,Gilbert Ltd 02858,Region C
CPT-02859,supplier,Long-Thompson 02859,Region A
CPT-02860,supplier,Wilson PLC 02860,Region E
CPT-02861,supplier,Coleman-Simmons 02861,Region F
CPT-02862,supplier,Brown-Huynh 02862,Region C
CPT-02863,supplier,Sullivan-Hoffman 02863,Region B
CPT-02864,supplier,Rivas Inc 02864,Region F
CPT-02865,supplier,Campbell Group 02865,Region E
CPT-02866,supplier,"Jones, Campbell and Scott 02866",Region C
CPT-02867,supplier,"Boyd, Curtis and Sloan 02867",Region F
CPT-02868,supplier,Austin Inc 02868,Region B
CPT-02869,supplier,Farley Ltd 02869,Region E
CPT-02870,supplier,King-Henson 02870,Region D
CPT-02871,supplier,Dickson-Barry 02871,Region E
CPT-02872,supplier,Willis-Huynh 02872,Region E
CPT-02873,supplier,Johnson-Jordan 02873,Region B
CPT-02874,supplier,"Anthony, Brown and Patton 02874",Region A
CPT-02875,supplier,Weber-Hall 02875,Region F
CPT-02876,supplier,"Kelley, Olson and Salazar 02876",Region D
CPT-02877,supplier,"Phillips, Fowler and Klein 02877",Region B
CPT-02878,supplier,Weber-White 02878,Region D
CPT-02879,supplier,Burton-Johnson 02879,Region A
CPT-02880,supplier,Fisher Group 02880,Region C
CPT-02881,supplier,Wilson-Edwards 02881,Region B
CPT-02882,supplier,Ali Inc 02882,Region D
CPT-02883,supplier,"Ware, Hill and Barrera 02883",Region B
CPT-02884,supplier,"Jones, Harris and Garcia 02884",Region D
CPT-02885,supplier,Parker-Vasquez 02885,Region A
CPT-02886,supplier,Delacruz and Sons 02886,Region C
CPT-02887,supplier,"Franklin, Kelly and Wallace 02887",Region C
CPT-02888,supplier,"Randall, Gardner and Hall 02888",Region A
CPT-02889,supplier,Nelson Ltd 02889,Region D
CPT-02890,supplier,Scott-Little 02890,Region D
CPT-02891,supplier,Sutton PLC 02891,Region B
CPT-02892,supplier,Graham-Harris 02892,Region F
CPT-02893,supplier,"West, Thomas and Herman 02893",Region A
CPT-02894,supplier,"Kelley, Nguyen and Taylor 02894",Region A
CPT-02895,supplier,Smith-Mueller 02895,Region B
CPT-02896,supplier,Bryan-Grimes 02896,Region D
CPT-02897,supplier,Atkins-Lara 02897,Region F
CPT-02898,supplier,Lee and Sons 02898,Region D
CPT-02899,supplier,Murphy Group 02899,Region E
CPT-02900,supplier,"Hayes, Underwood and Barton 02900",Region C
CPT-02901,supplier,Hanson-Lowe 02901,Region F
CPT-02902,supplier,Hill-Lee 02902,Region C
CPT-02903,supplier,Adkins-Boyd 02903,Region F
CPT-02904,supplier,"Harris, Valdez and Hoover 02904",Region A
CPT-02905,supplier,Ayers-Pierce 02905,Region A
CPT-02906,supplier,Stewart-George 02906,Region B
CPT-02907,supplier,Smith PLC 02907,Region E
CPT-02908,supplier,Carroll and Sons 02908,Region F
CPT-02909,supplier,Sanchez-Cline 02909,Region A
CPT-02910,supplier,"Contreras, Brewer and Jones 02910",Region B
CPT-02911,supplier,Mathis LLC 02911,Region F
CPT-02912,supplier,"Jones, Moore and Briggs 02912",Region E
CPT-02913,supplier,"Hartman, Hutchinson and Blair 02913",Region A
CPT-02914,supplier,Williams and Sons 02914,Region D
CPT-02915,supplier,Mcdaniel Group 02915,Region B
CPT-02916,supplier,"Cruz, Garcia and Lee 02916",Region C
CPT-02917,supplier,Hall-Smith 02917,Region E
CPT-02918,supplier,Blair Ltd 02918,Region D
CPT-02919,supplier,Lopez-Dawson 02919,Region D
CPT-02920,supplier,Grant PLC 02920,Region D
CPT-02921,supplier,Mueller Group 02921,Region A
CPT-02922,supplier,Jensen-Stevens 02922,Region C
CPT-02923,supplier,"Long, Blake and Ford 02923",Region A
CPT-02924,supplier,Reyes and Sons 02924,Region C
CPT-02925,supplier,Hinton Group 02925,Region B
CPT-02926,supplier,Ray-Osborn 02926,Region C
CPT-02927,supplier,Thompson-Jones 02927,Region A
CPT-02928,supplier,"Bryan, Hodge and Crawford 02928",Region B
CPT-02929,supplier,West Group 02929,Region C
CPT-02930,supplier,Leach Ltd 02930,Region F
CPT-02931,supplier,Smith-Huff 02931,Region B
CPT-02932,supplier,Kent-Smith 02932,Region D
CPT-02933,supplier,Griffin-Jacobson 02933,Region D
CPT-02934,supplier,Aguilar PLC 02934,Region E
CPT-02935,supplier,"Landry, Carr and Morrison 02935",Region F
CPT-02936,supplier,Erickson and Sons 02936,Region D
CPT-02937,supplier,Butler PLC 02937,Region B
CPT-02938,supplier,Flores and Sons 02938,Region B
CPT-02939,supplier,Spencer Group 02939,Region F
CPT-02940,supplier,"Lewis, Campbell and Campbell 02940",Region C
CPT-02941,supplier,Smith Group 02941,Region C
CPT-02942,supplier,Hall-Palmer 02942,Region E
CPT-02943,supplier,Hull PLC 02943,Region F
CPT-02944,supplier,Jones Inc 02944,Region B
CPT-02945,supplier,Cole-Armstrong 02945,Region B
CPT-02946,supplier,Mitchell Group 02946,Region F
CPT-02947,supplier,"Collins, Farmer and Marshall 02947",Region C
CPT-02948,supplier,"Wright, Morales and Garcia 02948",Region F
CPT-02949,supplier,Barrett LLC 02949,Region C
CPT-02950,supplier,"Jones, Gonzalez and Faulkner 02950",Region E
CPT-02951,supplier,"Hernandez, Aguirre and Blackwell 02951",Region D
CPT-02952,supplier,Sullivan-Smith 02952,Region D
CPT-02953,supplier,"Lam, Hodges and Collins 02953",Region B
CPT-02954,supplier,Johnson Group 02954,Region C
CPT-02955,supplier,Reed-Fuller 02955,Region D
CPT-02956,supplier,Patel-Martinez 02956,Region F
CPT-02957,supplier,"Johnson, Nelson and Rogers 02957",Region D
CPT-02958,supplier,"Hardy, Owens and Vang 02958",Region F
CPT-02959,supplier,"Russell, Fields and Romero 02959",Region C
CPT-02960,supplier,Medina-Carr 02960,Region F
CPT-02961,supplier,Marshall-Elliott 02961,Region C
CPT-02962,supplier,Black-Ryan 02962,Region A
CPT-02963,supplier,"Richmond, Baker and Coleman 02963",Region E
CPT-02964,supplier,Smith Ltd 02964,Region F
CPT-02965,supplier,Bailey Inc 02965,Region C
CPT-02966,supplier,"Valencia, Miller and Andrade 02966",Region A
CPT-02967,supplier,"Perez, Hurst and Vargas 02967",Region C
CPT-02968,supplier,Campbell PLC 02968,Region F
CPT-02969,supplier,Norman-Horton 02969,Region A
CPT-02970,supplier,Hart and Sons 02970,Region B
CPT-02971,supplier,"Lin, Woods and Barrett 02971",Region D
CPT-02972,supplier,"Mendez, Butler and Acevedo 02972",Region E
CPT-02973,supplier,Davis and Sons 02973,Region F
CPT-02974,supplier,"Chandler, Powell and George 02974",Region C
CPT-02975,supplier,"Long, Rodriguez and Boone 02975",Region A
CPT-02976,supplier,"Miller, Miller and Blackburn 02976",Region A
CPT-02977,supplier,Wilson and Sons 02977,Region E
CPT-02978,supplier,"Flores, Phelps and Elliott 02978",Region C
CPT-02979,supplier,"Olsen, Powell and Mccormick 02979",Region D
CPT-02980,supplier,Hoffman and Sons 02980,Region B
CPT-02981,supplier,Gray-Hernandez 02981,Region A
CPT-02982,supplier,Johnson PLC 02982,Region C
CPT-02983,supplier,Mullins-Guerrero 02983,Region C
CPT-02984,supplier,Bennett and Sons 02984,Region E
CPT-02985,supplier,Perry PLC 02985,Region A
CPT-02986,supplier,"Alvarado, Ayers and Cole 02986",Region D
CPT-02987,supplier,Mcguire-Mccormick 02987,Region E
CPT-02988,supplier,Gardner Ltd 02988,Region F
CPT-02989,supplier,Stephens-Church 02989,Region B
CPT-02990,supplier,Carey-Peck 02990,Region A
CPT-02991,supplier,Cox Inc 02991,Region D
CPT-02992,supplier,"Williams, Harris and Smith 02992",Region B
CPT-02993,supplier,Perez Group 02993,Region D
CPT-02994,supplier,"Jennings, Griffin and Taylor 02994",Region C
CPT-02995,supplier,Diaz Inc 02995,Region C
CPT-02996,supplier,Santana-Carter 02996,Region D
CPT-02997,supplier,"Johnson, Gallagher and Gomez 02997",Region B
CPT-02998,supplier,Baker-Cantrell 02998,Region B
CPT-02999,supplier,Jenkins-Marshall 02999,Region F
CPT-03000,supplier,Villanueva Inc 03000,Region B
CPT-03001,supplier,"Ramirez, Spencer and Robinson 03001",Region F
CPT-03002,supplier,"Weber, Hood and Mckinney 03002",Region B
CPT-03003,supplier,Clark-Osborn 03003,Region C
CPT-03004,supplier,Wiley-Martinez 03004,Region B
CPT-03005,supplier,"Patterson, Brown and Meza 03005",Region E
CPT-03006,supplier,Walker Inc 03006,Region E
CPT-03007,supplier,"Ayers, Payne and Strickland 03007",Region A
CPT-03008,supplier,Palmer-Chapman 03008,Region F
CPT-03009,supplier,Moreno Ltd 03009,Region E
CPT-03010,supplier,Allen and Sons 03010,Region D
CPT-03011,supplier,"Allen, Barnes and Briggs 03011",Region F
CPT-03012,supplier,Gonzalez-Stark 03012,Region E
CPT-03013,supplier,Williams-Brown 03013,Region D
CPT-03014,supplier,Mathews-Howell 03014,Region F
CPT-03015,supplier,Rivera-Kirby 03015,Region E
CPT-03016,supplier,"Brewer, Rivera and Valdez 03016",Region A
CPT-03017,supplier,"White, Schroeder and Ruiz 03017",Region B
CPT-03018,supplier,Mann Inc 03018,Region D
CPT-03019,supplier,"Hill, Young and Kemp 03019",Region E
CPT-03020,supplier,Morton-Acosta 03020,Region A
CPT-03021,supplier,Avery and Sons 03021,Region A
CPT-03022,supplier,Cook-Robinson 03022,Region A
CPT-03023,supplier,"Parker, Carson and Peters 03023",Region F
CPT-03024,supplier,Roberts-Suarez 03024,Region A
CPT-03025,supplier,Burns-Rice 03025,Region A
CPT-03026,supplier,"Romero, Weber and Colon 03026",Region F
CPT-03027,supplier,Aguirre-Henry 03027,Region E
CPT-03028,supplier,Brown Inc 03028,Region E
CPT-03029,supplier,"Jacobson, Casey and Lane 03029",Region F
CPT-03030,supplier,Perez and Sons 03030,Region B
CPT-03031,supplier,Campbell Group 03031,Region A
CPT-03032,supplier,"George, Martin and Kelly 03032",Region B
CPT-03033,supplier,Stone PLC 03033,Region C
CPT-03034,supplier,Shea-Lane 03034,Region A
CPT-03035,supplier,Guzman Group 03035,Region A
CPT-03036,supplier,Joseph Ltd 03036,Region C
CPT-03037,supplier,Young-Nielsen 03037,Region D
CPT-03038,supplier,"Young, Marshall and Morris 03038",Region F
CPT-03039,supplier,Mullen-Roberts 03039,Region A
CPT-03040,supplier,Cannon-Mcintosh 03040,Region C
CPT-03041,supplier,Morris-York 03041,Region E
CPT-03042,supplier,Perez Inc 03042,Region A
CPT-03043,supplier,"Burns, Thompson and Macdonald 03043",Region E
CPT-03044,supplier,Barber-Jordan 03044,Region D
CPT-03045,supplier,Thompson Ltd 03045,Region E
CPT-03046,supplier,Rowe Ltd 03046,Region F
CPT-03047,supplier,Richardson-Robles 03047,Region A
CPT-03048,supplier,Lawrence-Weaver 03048,Region F
CPT-03049,supplier,Bryant Ltd 03049,Region A
CPT-03050,supplier,"Pierce, Frye and Dominguez 03050",Region F
CPT-03051,supplier,Moore Group 03051,Region D
CPT-03052,supplier,Parker PLC 03052,Region E
CPT-03053,supplier,Ortiz Inc 03053,Region C
CPT-03054,supplier,"Gonzalez, Beasley and Sullivan 03054",Region F
CPT-03055,supplier,"Lee, Allen and James 03055",Region F
CPT-03056,supplier,"Wilson, Bowers and Bush 03056",Region C
CPT-03057,supplier,Bailey LLC 03057,Region A
CPT-03058,supplier,Cobb-Franklin 03058,Region C
CPT-03059,supplier,"Woods, Wright and Taylor 03059",Region F
CPT-03060,supplier,"Montoya, Brown and Cordova 03060",Region D
CPT-03061,supplier,Thompson-Leonard 03061,Region B
CPT-03062,supplier,Walsh Inc 03062,Region C
CPT-03063,supplier,Guerrero-Lopez 03063,Region E
CPT-03064,supplier,"Thomas, Martinez and Harvey 03064",Region E
CPT-03065,supplier,Doyle LLC 03065,Region A
CPT-03066,supplier,Christensen-Burch 03066,Region C
CPT-03067,supplier,"Figueroa, Hernandez and Snyder 03067",Region B
CPT-03068,supplier,"Nunez, Sandoval and Griffith 03068",Region F
CPT-03069,supplier,Carter-Doyle 03069,Region C
CPT-03070,supplier,Mills and Sons 03070,Region D
CPT-03071,supplier,Jones-Jones 03071,Region E
CPT-03072,supplier,Stevenson Ltd 03072,Region D
CPT-03073,supplier,Briggs-Garner 03073,Region C
CPT-03074,supplier,Harper and Sons 03074,Region C
CPT-03075,supplier,Barry-Huerta 03075,Region C
CPT-03076,supplier,Jones-Blake 03076,Region B
CPT-03077,supplier,"Taylor, Lawrence and Mosley 03077",Region D
CPT-03078,supplier,Phillips Inc 03078,Region B
CPT-03079,supplier,"Ramirez, Sanchez and Foster 03079",Region F
CPT-03080,supplier,"Parker, Nguyen and Cobb 03080",Region C
CPT-03081,supplier,Carroll-May 03081,Region A
CPT-03082,supplier,"Hernandez, Smith and Jordan 03082",Region B
CPT-03083,supplier,Wagner PLC 03083,Region C
CPT-03084,supplier,Riley-Garcia 03084,Region D
CPT-03085,supplier,Harris-Hall 03085,Region C
CPT-03086,supplier,Sullivan Group 03086,Region E
CPT-03087,supplier,Marsh LLC 03087,Region F
CPT-03088,supplier,Jackson Ltd 03088,Region B
CPT-03089,supplier,"Foster, Macias and Williams 03089",Region F
CPT-03090,supplier,Williamson PLC 03090,Region E
CPT-03091,supplier,"Reese, Murray and Wilson 03091",Region D
CPT-03092,supplier,King-Sanchez 03092,Region D
CPT-03093,supplier,Cook LLC 03093,Region F
CPT-03094,supplier,"Waller, Smith and Collins 03094",Region C
CPT-03095,supplier,Jackson Group 03095,Region C
CPT-03096,supplier,Mitchell-Simpson 03096,Region B
CPT-03097,supplier,"Ross, Robinson and Carlson 03097",Region F
CPT-03098,supplier,"Horne, Morris and Lamb 03098",Region D
CPT-03099,supplier,Robertson-Ortiz 03099,Region B
CPT-03100,supplier,"Wyatt, Moore and Kennedy 03100",Region F
CPT-03101,supplier,Alexander LLC 03101,Region B
CPT-03102,supplier,Brown PLC 03102,Region C
CPT-03103,supplier,"Kelly, Davis and Richardson 03103",Region C
CPT-03104,supplier,"Evans, Humphrey and Jensen 03104",Region B
CPT-03105,supplier,Barrett Ltd 03105,Region F
CPT-03106,supplier,Cox-Brock 03106,Region B
CPT-03107,supplier,Anderson-Turner 03107,Region F
CPT-03108,supplier,"Harvey, Evans and Wallace 03108",Region B
CPT-03109,supplier,Butler-Williams 03109,Region E
CPT-03110,supplier,Love-Guzman 03110,Region D
CPT-03111,supplier,Griffin-Carrillo 03111,Region B
CPT-03112,supplier,Henderson PLC 03112,Region A
CPT-03113,supplier,"Gordon, Dawson and Wilson 03113",Region C
CPT-03114,supplier,Martinez-Freeman 03114,Region A
CPT-03115,supplier,Baker PLC 03115,Region C
CPT-03116,supplier,Collins-Roberts 03116,Region D
CPT-03117,supplier,"Marshall, Warren and Fernandez 03117",Region A
CPT-03118,supplier,"Pierce, Patrick and Chen 03118",Region F
CPT-03119,supplier,Williams and Sons 03119,Region D
CPT-03120,supplier,"Peters, Phillips and Goodwin 03120",Region A
CPT-03121,supplier,Clark-Jones 03121,Region E
CPT-03122,supplier,Kaiser-Zuniga 03122,Region D
CPT-03123,supplier,"Kelly, Sampson and Griffith 03123",Region C
CPT-03124,supplier,Hinton-Turner 03124,Region E
CPT-03125,supplier,"Krause, Moore and Anderson 03125",Region D
CPT-03126,supplier,"Taylor, Diaz and Chambers 03126",Region B
CPT-03127,supplier,Collier-Brown 03127,Region E
CPT-03128,supplier,"Johnson, Shaw and Smith 03128",Region F
CPT-03129,supplier,Mclaughlin Inc 03129,Region B
CPT-03130,supplier,Huff-White 03130,Region C
CPT-03131,supplier,Smith and Sons 03131,Region F
CPT-03132,supplier,"Shields, Davis and Villanueva 03132",Region F
CPT-03133,supplier,"Collier, Gross and Lyons 03133",Region D
CPT-03134,supplier,Roman PLC 03134,Region B
CPT-03135,supplier,Fox-Hill 03135,Region D
CPT-03136,supplier,"Mitchell, Cummings and Cruz 03136",Region C
CPT-03137,supplier,Morales Group 03137,Region B
CPT-03138,supplier,Knight PLC 03138,Region D
CPT-03139,supplier,Barnes LLC 03139,Region D
CPT-03140,supplier,Wright Ltd 03140,Region B
CPT-03141,supplier,Henderson Ltd 03141,Region C
CPT-03142,supplier,"Wells, Sanchez and Bender 03142",Region E
CPT-03143,supplier,Johnson-Lee 03143,Region A
CPT-03144,supplier,"Sandoval, Grant and Payne 03144",Region A
CPT-03145,supplier,"Miller, Campos and Henry 03145",Region F
CPT-03146,supplier,"Hamilton, Gray and Jackson 03146",Region B
CPT-03147,supplier,"Hernandez, Rodgers and Warren 03147",Region C
CPT-03148,supplier,Hunt-Duran 03148,Region F
CPT-03149,supplier,"Gonzalez, Roberts and Sims 03149",Region E
CPT-03150,supplier,Scott and Sons 03150,Region C
CPT-03151,supplier,Brandt-Goodwin 03151,Region B
CPT-03152,supplier,"Bailey, Hart and Sheppard 03152",Region C
CPT-03153,supplier,Rice-Sanchez 03153,Region B
CPT-03154,supplier,Jackson-King 03154,Region A
CPT-03155,supplier,"Church, Green and Smith 03155",Region B
CPT-03156,supplier,"Jenkins, Waters and Webb 03156",Region D
CPT-03157,supplier,Gonzales and Sons 03157,Region E
CPT-03158,supplier,"Gilbert, Lucero and Anderson 03158",Region E
CPT-03159,supplier,Bender-Harper 03159,Region C
CPT-03160,supplier,"Deleon, Ortega and Kennedy 03160",Region D
CPT-03161,supplier,"Cooke, Castro and Mcdonald 03161",Region B
CPT-03162,supplier,"Lee, Delacruz and Rogers 03162",Region D
CPT-03163,supplier,"Cabrera, Mccullough and Miller 03163",Region D
CPT-03164,supplier,Reed LLC 03164,Region F
CPT-03165,supplier,Love LLC 03165,Region A
CPT-03166,supplier,Mercado-Lewis 03166,Region C
CPT-03167,supplier,Guerra Ltd 03167,Region F
CPT-03168,supplier,Lambert LLC 03168,Region C
CPT-03169,supplier,Evans-Cummings 03169,Region E
CPT-03170,supplier,Moore-Dominguez 03170,Region F
CPT-03171,supplier,Day Inc 03171,Region C
CPT-03172,supplier,Roberts Group 03172,Region A
CPT-03173,supplier,Freeman and Sons 03173,Region A
CPT-03174,supplier,Cooper-Lopez 03174,Region C
CPT-03175,supplier,Cline-Cannon 03175,Region F
CPT-03176,supplier,Clark-Garrison 03176,Region E
CPT-03177,supplier,Jones PLC 03177,Region C
CPT-03178,supplier,"Thomas, Jackson and Bell 03178",Region F
CPT-03179,supplier,Cervantes and Sons 03179,Region E
CPT-03180,supplier,Jones LLC 03180,Region F
CPT-03181,supplier,"Cooper, Frost and Gomez 03181",Region A
CPT-03182,supplier,Avila Group 03182,Region E
CPT-03183,supplier,"Fields, Martinez and Woods 03183",Region E
CPT-03184,supplier,Williams-Rice 03184,Region A
CPT-03185,supplier,Jensen-Hutchinson 03185,Region A
CPT-03186,supplier,"Ayala, Coleman and Ross 03186",Region B
CPT-03187,supplier,Mason PLC 03187,Region C
CPT-03188,supplier,"Werner, Solis and Sanchez 03188",Region A
CPT-03189,supplier,Tate-Rivera 03189,Region B
CPT-03190,supplier,"Griffin, Montgomery and Taylor 03190",Region A
CPT-03191,supplier,"Crawford, Good and Johnson 03191",Region F
CPT-03192,supplier,Morris Ltd 03192,Region C
CPT-03193,supplier,Cook-Woods 03193,Region A
CPT-03194,supplier,"Salazar, Sims and Nguyen 03194",Region A
CPT-03195,supplier,Cervantes and Sons 03195,Region C
CPT-03196,supplier,Campbell-Becker 03196,Region F
CPT-03197,supplier,Price-Smith 03197,Region B
CPT-03198,supplier,"Shah, Hawkins and Hill 03198",Region C
CPT-03199,supplier,Berry-Martin 03199,Region F
CPT-03200,supplier,Wright and Sons 03200,Region D
CPT-03201,supplier,Mendoza-Austin 03201,Region A
CPT-03202,supplier,Lane and Sons 03202,Region A
CPT-03203,supplier,"Burnett, Bradley and Turner 03203",Region F
CPT-03204,supplier,"Johnson, Cox and Bradley 03204",Region A
CPT-03205,supplier,Baker LLC 03205,Region F
CPT-03206,supplier,Mcmillan-Erickson 03206,Region F
CPT-03207,supplier,Ramos Group 03207,Region F
CPT-03208,supplier,Wilcox Group 03208,Region A
CPT-03209,supplier,Estrada-Franklin 03209,Region D
CPT-03210,supplier,"Morris, Strickland and Webb 03210",Region F
CPT-03211,supplier,Arnold Inc 03211,Region D
CPT-03212,supplier,"Smith, Mcgee and Fuentes 03212",Region C
CPT-03213,supplier,Roman Inc 03213,Region F
CPT-03214,supplier,"Greer, Anderson and Shelton 03214",Region F
CPT-03215,supplier,"Owens, Burns and Gonzalez 03215",Region B
CPT-03216,supplier,Arroyo Inc 03216,Region C
CPT-03217,supplier,Lyons-Grant 03217,Region D
CPT-03218,supplier,Rodriguez Inc 03218,Region B
CPT-03219,supplier,Mcdaniel LLC 03219,Region A
CPT-03220,supplier,Hernandez-Ramsey 03220,Region D
CPT-03221,supplier,"Barrera, Williams and Bentley 03221",Region D
CPT-03222,supplier,Booth-Williams 03222,Region E
CPT-03223,supplier,Hebert-Davidson 03223,Region D
CPT-03224,supplier,"Ochoa, White and Evans 03224",Region C
CPT-03225,supplier,Griffin-Myers 03225,Region D
CPT-03226,supplier,Lynch PLC 03226,Region F
CPT-03227,supplier,"Ramos, Solis and Powers 03227",Region D
CPT-03228,supplier,"Crawford, Morales and Contreras 03228",Region D
CPT-03229,supplier,"Frank, Hughes and Shaw 03229",Region B
CPT-03230,supplier,"Martinez, Shah and Parks 03230",Region E
CPT-03231,supplier,Garcia-Williams 03231,Region C
CPT-03232,supplier,Robinson Inc 03232,Region D
CPT-03233,supplier,Williams-Clark 03233,Region D
CPT-03234,supplier,Gaines-Williams 03234,Region B
CPT-03235,supplier,Bonilla Group 03235,Region B
CPT-03236,supplier,Lopez and Sons 03236,Region B
CPT-03237,supplier,"Kidd, Hall and Frey 03237",Region D
CPT-03238,supplier,Tran-Parker 03238,Region B
CPT-03239,supplier,Joseph-Trevino 03239,Region D
CPT-03240,supplier,Thompson and Sons 03240,Region B
CPT-03241,supplier,Thompson and Sons 03241,Region D
CPT-03242,supplier,"Krause, Watkins and Sanchez 03242",Region F
CPT-03243,supplier,Kane-Smith 03243,Region D
CPT-03244,supplier,Gaines Inc 03244,Region B
CPT-03245,supplier,West and Sons 03245,Region D
CPT-03246,supplier,Williams-Crawford 03246,Region F
CPT-03247,supplier,"Bradley, Henson and Stewart 03247",Region D
CPT-03248,supplier,Mcclure PLC 03248,Region C
CPT-03249,supplier,"Fletcher, Blackburn and Miller 03249",Region D
CPT-03250,supplier,Norton Inc 03250,Region B
CPT-03251,supplier,"Fox, Anderson and Brown 03251",Region F
CPT-03252,supplier,"Bond, Berger and Bailey 03252",Region E
CPT-03253,supplier,"Price, Wong and Fowler 03253",Region A
CPT-03254,supplier,Zimmerman Inc 03254,Region B
CPT-03255,supplier,"Mercado, Elliott and Hansen 03255",Region A
CPT-03256,supplier,"Arnold, Melton and Sellers 03256",Region B
CPT-03257,supplier,Ramirez-Sexton 03257,Region D
CPT-03258,supplier,Johnson LLC 03258,Region A
CPT-03259,supplier,"Stafford, Dunn and Wood 03259",Region B
CPT-03260,supplier,Trujillo and Sons 03260,Region D
CPT-03261,supplier,Fleming-Smith 03261,Region F
CPT-03262,supplier,Williams LLC 03262,Region E
CPT-03263,supplier,Harmon and Sons 03263,Region A
CPT-03264,supplier,May and Sons 03264,Region C
CPT-03265,supplier,"Kim, Morales and Walker 03265",Region F
CPT-03266,supplier,Miller-Stevens 03266,Region A
CPT-03267,supplier,White-Rasmussen 03267,Region D
CPT-03268,supplier,"Ball, Watkins and Wallace 03268",Region B
CPT-03269,supplier,"Murray, Nelson and Cantu 03269",Region B
CPT-03270,supplier,Williams-Gray 03270,Region E
CPT-03271,supplier,"Richard, Schneider and Martin 03271",Region A
CPT-03272,supplier,Marquez Group 03272,Region F
CPT-03273,supplier,Nelson-Davis 03273,Region B
CPT-03274,supplier,"Macias, Wiley and Cooper 03274",Region E
CPT-03275,supplier,"Espinoza, Olson and Key 03275",Region D
CPT-03276,supplier,"Glenn, Gregory and Garrett 03276",Region F
CPT-03277,supplier,"Hicks, Smith and Johnson 03277",Region E
CPT-03278,supplier,Gray-Callahan 03278,Region D
CPT-03279,supplier,Newton PLC 03279,Region A
CPT-03280,supplier,"West, Hart and Blair 03280",Region F
CPT-03281,supplier,Lopez-Berry 03281,Region D
CPT-03282,supplier,"Hernandez, Wheeler and Mcneil 03282",Region E
CPT-03283,supplier,Roberts-Huber 03283,Region F
CPT-03284,supplier,Martin-Flynn 03284,Region B
CPT-03285,supplier,Dunn-Brown 03285,Region D
CPT-03286,supplier,Martin PLC 03286,Region B
CPT-03287,supplier,Cruz-Li 03287,Region E
CPT-03288,supplier,Meyer-Tyler 03288,Region C
CPT-03289,supplier,"Williams, Boyer and Atkins 03289",Region E
CPT-03290,supplier,Kelly LLC 03290,Region E
CPT-03291,supplier,Bond-Smith 03291,Region E
CPT-03292,supplier,Gonzalez-Ware 03292,Region E
CPT-03293,supplier,Morgan Ltd 03293,Region D
CPT-03294,supplier,Green-Tapia 03294,Region D
CPT-03295,supplier,"Scott, Knight and Hamilton 03295",Region D
CPT-03296,supplier,Love-Brooks 03296,Region F
CPT-03297,supplier,"Deleon, Robinson and Rangel 03297",Region C
CPT-03298,supplier,Adams-Burton 03298,Region B
CPT-03299,supplier,Hamilton Group 03299,Region C
CPT-03300,supplier,"Baker, Martinez and Robertson 03300",Region C
CPT-03301,supplier,"Reynolds, Benjamin and Thompson 03301",Region B
CPT-03302,supplier,"Paul, Guerrero and Mullen 03302",Region C
CPT-03303,supplier,Turner-Garza 03303,Region B
CPT-03304,supplier,Stewart-Friedman 03304,Region A
CPT-03305,supplier,Miller-Zhang 03305,Region F
CPT-03306,supplier,Brown LLC 03306,Region B
CPT-03307,supplier,"Terrell, Boyd and Owens 03307",Region C
CPT-03308,supplier,Carson Ltd 03308,Region F
CPT-03309,supplier,Mason and Sons 03309,Region A
CPT-03310,supplier,Crawford-Yoder 03310,Region E
CPT-03311,supplier,"Valdez, Robinson and Williams 03311",Region A
CPT-03312,supplier,Keller-White 03312,Region B
CPT-03313,supplier,Fischer LLC 03313,Region D
CPT-03314,supplier,Stone Group 03314,Region B
CPT-03315,supplier,Martinez and Sons 03315,Region F
CPT-03316,supplier,Ellis LLC 03316,Region E
CPT-03317,supplier,"Glenn, Ross and Baker 03317",Region F
CPT-03318,supplier,Mcdonald-Wells 03318,Region A
CPT-03319,supplier,"Ramirez, Berry and Knox 03319",Region C
CPT-03320,supplier,Steele-Frazier 03320,Region C
CPT-03321,supplier,Baldwin-Bradley 03321,Region F
CPT-03322,supplier,Williams-Bailey 03322,Region A
CPT-03323,supplier,Kemp Inc 03323,Region D
CPT-03324,supplier,Aguilar-Thomas 03324,Region A
CPT-03325,supplier,Smith-Murphy 03325,Region E
CPT-03326,supplier,Griffin-Martin 03326,Region F
CPT-03327,supplier,Lopez and Sons 03327,Region C
CPT-03328,supplier,Gonzales Group 03328,Region A
CPT-03329,supplier,Larson Group 03329,Region E
CPT-03330,supplier,Sullivan Group 03330,Region B
CPT-03331,supplier,Murphy-Guzman 03331,Region E
CPT-03332,supplier,"Lewis, Patterson and Neal 03332",Region A
CPT-03333,supplier,"Davis, Howard and Cameron 03333",Region E
CPT-03334,supplier,"Lawrence, Hansen and Davies 03334",Region B
CPT-03335,supplier,Jones Group 03335,Region F
CPT-03336,supplier,"Jones, Brown and Trujillo 03336",Region C
CPT-03337,supplier,Allen PLC 03337,Region C
CPT-03338,supplier,"Brown, Cox and Ramirez 03338",Region A
CPT-03339,supplier,"Roberts, Hayes and Jones 03339",Region E
CPT-03340,supplier,"Shaw, Edwards and Brown 03340",Region D
CPT-03341,supplier,Hester-Graham 03341,Region A
CPT-03342,supplier,Sanchez-Martin 03342,Region F
CPT-03343,supplier,Clarke-Griffin 03343,Region B
CPT-03344,supplier,Moreno-Matthews 03344,Region B
CPT-03345,supplier,"Ray, Collins and Beasley 03345",Region A
CPT-03346,supplier,Whitehead-Roman 03346,Region B
CPT-03347,supplier,"Watkins, Walters and Martinez 03347",Region C
CPT-03348,supplier,Brown-Frederick 03348,Region B
CPT-03349,supplier,Vasquez-Wright 03349,Region E
CPT-03350,supplier,Watson Ltd 03350,Region B
CPT-03351,supplier,Page LLC 03351,Region C
CPT-03352,supplier,"Phelps, Brown and Archer 03352",Region A
CPT-03353,supplier,Dean LLC 03353,Region D
CPT-03354,supplier,Greene-Brennan 03354,Region E
CPT-03355,supplier,Patterson Ltd 03355,Region A
CPT-03356,supplier,"Potter, Stevens and Graham 03356",Region E
CPT-03357,supplier,"Cox, Williams and Faulkner 03357",Region A
CPT-03358,supplier,"Hubbard, Miller and Rice 03358",Region D
CPT-03359,supplier,Benson-Chandler 03359,Region C
CPT-03360,supplier,Thompson-Smith 03360,Region E
CPT-03361,supplier,"Smith, Schultz and Carr 03361",Region D
CPT-03362,supplier,White-Harris 03362,Region F
CPT-03363,supplier,Lee LLC 03363,Region F
CPT-03364,supplier,Soto Group 03364,Region A
CPT-03365,supplier,Buckley Group 03365,Region C
CPT-03366,supplier,"Kelly, Sanchez and Santos 03366",Region D
CPT-03367,supplier,Howe-Harrison 03367,Region A
CPT-03368,supplier,"Richardson, Le and Austin 03368",Region B
CPT-03369,supplier,Young and Sons 03369,Region B
CPT-03370,supplier,"Taylor, Mcclain and Ford 03370",Region B
CPT-03371,supplier,Williams LLC 03371,Region E
CPT-03372,supplier,Salazar Inc 03372,Region F
CPT-03373,supplier,Turner-Atkinson 03373,Region A
CPT-03374,supplier,Vaughan Inc 03374,Region C
CPT-03375,supplier,Parker-Howard 03375,Region B
CPT-03376,supplier,Pitts Ltd 03376,Region E
CPT-03377,supplier,Johnson and Sons 03377,Region C
CPT-03378,supplier,Lopez-Watts 03378,Region F
CPT-03379,supplier,"Mckee, Smith and Roy 03379",Region B
CPT-03380,supplier,Shelton-Cooper 03380,Region C
CPT-03381,supplier,"Dixon, Meyers and Harris 03381",Region C
CPT-03382,supplier,"Boyd, Hodges and Olson 03382",Region C
CPT-03383,supplier,"Chapman, Wood and Gross 03383",Region F
CPT-03384,supplier,Williams-Kent 03384,Region B
CPT-03385,supplier,Bennett and Sons 03385,Region F
CPT-03386,supplier,Wilson Inc 03386,Region D
CPT-03387,supplier,"Howell, Davis and Williams 03387",Region F
CPT-03388,supplier,Davis-Flores 03388,Region C
CPT-03389,supplier,"Henderson, Miller and Anderson 03389",Region E
CPT-03390,supplier,"Tapia, Montes and Miranda 03390",Region F
CPT-03391,supplier,Williams-Kennedy 03391,Region D
CPT-03392,supplier,Roberts Inc 03392,Region E
CPT-03393,supplier,Hogan LLC 03393,Region D
CPT-03394,supplier,Baker and Sons 03394,Region D
CPT-03395,supplier,Higgins LLC 03395,Region B
CPT-03396,supplier,"Fuller, Mcneil and Henry 03396",Region B
CPT-03397,supplier,Parker-Cohen 03397,Region E
CPT-03398,supplier,Smith-Miller 03398,Region D
CPT-03399,supplier,Ibarra and Sons 03399,Region D
CPT-03400,supplier,White and Sons 03400,Region D
CPT-03401,supplier,"Luna, Walker and Bennett 03401",Region E
CPT-03402,supplier,"Lawson, Miller and George 03402",Region A
CPT-03403,supplier,Robinson-Matthews 03403,Region F
CPT-03404,supplier,"Houston, Maldonado and Brooks 03404",Region B
CPT-03405,supplier,Martin PLC 03405,Region C
CPT-03406,supplier,Clark-Pacheco 03406,Region C
CPT-03407,supplier,"Stewart, Thompson and Williamson 03407",Region E
CPT-03408,supplier,King LLC 03408,Region C
CPT-03409,supplier,"May, Phillips and Olson 03409",Region C
CPT-03410,supplier,Nelson PLC 03410,Region A
CPT-03411,supplier,"Martinez, Lane and Leonard 03411",Region C
CPT-03412,supplier,"Harrison, Chandler and Gonzales 03412",Region A
CPT-03413,supplier,Peterson-Baldwin 03413,Region F
CPT-03414,supplier,Cole-Harvey 03414,Region C
CPT-03415,supplier,Santana-Hill 03415,Region F
CPT-03416,supplier,Parker Inc 03416,Region E
CPT-03417,supplier,Romero LLC 03417,Region A
CPT-03418,supplier,"Avila, Bush and White 03418",Region B
CPT-03419,supplier,Gomez and Sons 03419,Region E
CPT-03420,supplier,Johnson Inc 03420,Region B
CPT-03421,supplier,Thomas Ltd 03421,Region A
CPT-03422,supplier,"Skinner, Johnson and Salinas 03422",Region E
CPT-03423,supplier,"Anderson, Parks and Clark 03423",Region C
CPT-03424,supplier,Patton-Lynn 03424,Region E
CPT-03425,supplier,Boyer-Fitzgerald 03425,Region F
CPT-03426,supplier,Walls Ltd 03426,Region D
CPT-03427,supplier,Allen-Spencer 03427,Region E
CPT-03428,supplier,Boyle-Stephens 03428,Region E
CPT-03429,supplier,Macdonald Group 03429,Region E
CPT-03430,supplier,Chen-Hoover 03430,Region F
CPT-03431,supplier,Lopez-Pruitt 03431,Region B
CPT-03432,supplier,Hernandez PLC 03432,Region E
CPT-03433,supplier,Harris-Stewart 03433,Region D
CPT-03434,supplier,"Hayes, Lucas and Mason 03434",Region A
CPT-03435,supplier,Newton and Sons 03435,Region D
CPT-03436,supplier,"Campbell, Watson and Jones 03436",Region E
CPT-03437,supplier,"Garcia, Haynes and Martinez 03437",Region E
CPT-03438,supplier,"Carroll, Torres and Jarvis 03438",Region B
CPT-03439,supplier,"Lewis, Robinson and Santos 03439",Region B
CPT-03440,supplier,"Robinson, Perez and Gray 03440",Region B
CPT-03441,supplier,Perez LLC 03441,Region B
CPT-03442,supplier,Hart Group 03442,Region C
CPT-03443,supplier,"Hill, Wright and Hernandez 03443",Region B
CPT-03444,supplier,"Bennett, Steele and Gonzales 03444",Region C
CPT-03445,supplier,Waters-Galvan 03445,Region C
CPT-03446,supplier,Mendez-Gonzalez 03446,Region A
CPT-03447,supplier,Taylor-Morrison 03447,Region D
CPT-03448,supplier,"Singh, Nielsen and Jones 03448",Region A
CPT-03449,supplier,Hardy-Burgess 03449,Region D
CPT-03450,supplier,"Cain, Fox and Wilson 03450",Region F
CPT-03451,supplier,Schwartz Inc 03451,Region B
CPT-03452,supplier,"Summers, Smith and Perez 03452",Region E
CPT-03453,supplier,"Cox, Mata and Gonzalez 03453",Region B
CPT-03454,supplier,Nixon-Myers 03454,Region D
CPT-03455,supplier,Christensen-Hall 03455,Region B
CPT-03456,supplier,Jones and Sons 03456,Region D
CPT-03457,supplier,Clark-Greene 03457,Region F
CPT-03458,supplier,"Jimenez, Aguilar and Davis 03458",Region D
CPT-03459,supplier,"Acevedo, Noble and Atkins 03459",Region E
CPT-03460,supplier,Kelly-Martinez 03460,Region E
CPT-03461,supplier,"Lozano, Wallace and Taylor 03461",Region D
CPT-03462,supplier,"Richards, Mitchell and Rodriguez 03462",Region E
CPT-03463,supplier,"Rogers, Sanchez and Gonzalez 03463",Region F
CPT-03464,supplier,Maddox LLC 03464,Region F
CPT-03465,supplier,Silva PLC 03465,Region A
CPT-03466,supplier,"Osborne, Moody and Downs 03466",Region C
CPT-03467,supplier,Smith PLC 03467,Region D
CPT-03468,supplier,Brock-Salas 03468,Region B
CPT-03469,supplier,White Group 03469,Region E
CPT-03470,supplier,Cox-Harding 03470,Region B
CPT-03471,supplier,Cunningham LLC 03471,Region C
CPT-03472,supplier,Ray-Vincent 03472,Region E
CPT-03473,supplier,Hanna-Kelly 03473,Region C
CPT-03474,supplier,Brown-Martinez 03474,Region D
CPT-03475,supplier,Beasley-Holloway 03475,Region A
CPT-03476,supplier,Parker-Bennett 03476,Region F
CPT-03477,supplier,Dillon Ltd 03477,Region D
CPT-03478,supplier,Braun-Brown 03478,Region E
CPT-03479,supplier,"Li, Lindsey and Murray 03479",Region E
CPT-03480,supplier,Buck-Harris 03480,Region A
CPT-03481,supplier,"Henry, Haas and Rodriguez 03481",Region A
CPT-03482,supplier,Woodward-Love 03482,Region D
CPT-03483,supplier,"Smith, Martinez and Powell 03483",Region A
CPT-03484,supplier,"Jones, Eaton and Black 03484",Region D
CPT-03485,supplier,Johnson Inc 03485,Region A
CPT-03486,supplier,Walton Group 03486,Region D
CPT-03487,supplier,Wood-Miller 03487,Region C
CPT-03488,supplier,"Joseph, Williams and Brown 03488",Region B
CPT-03489,supplier,"Porter, Freeman and Davis 03489",Region B
CPT-03490,supplier,Oconnor PLC 03490,Region B
CPT-03491,supplier,Howell Inc 03491,Region D
CPT-03492,supplier,"Browning, Campbell and Brown 03492",Region E
CPT-03493,supplier,Ortiz-Johnson 03493,Region D
CPT-03494,supplier,"Brown, George and Ramirez 03494",Region D
CPT-03495,supplier,Wood-Stevens 03495,Region F
CPT-03496,supplier,"Davis, Joseph and Morris 03496",Region D
CPT-03497,supplier,"Meyer, Simon and Bryant 03497",Region A
CPT-03498,supplier,Smith Ltd 03498,Region B
CPT-03499,supplier,Smith-Hogan 03499,Region D
CPT-03500,supplier,"Bates, Huff and Arnold 03500",Region D
CPT-03501,supplier,Beck-Joseph 03501,Region D
CPT-03502,supplier,Baxter Group 03502,Region D
CPT-03503,supplier,"Ellis, Mccall and Ramirez 03503",Region A
CPT-03504,supplier,"Burke, Bowman and Taylor 03504",Region F
CPT-03505,supplier,Whitaker Group 03505,Region B
CPT-03506,supplier,Brown PLC 03506,Region E
CPT-03507,supplier,Wallace Group 03507,Region E
CPT-03508,supplier,Bruce Inc 03508,Region A
CPT-03509,supplier,"Thompson, Burnett and Patel 03509",Region A
CPT-03510,supplier,Jefferson-Cunningham 03510,Region C
CPT-03511,supplier,"Thomas, Quinn and Hall 03511",Region A
CPT-03512,supplier,Smith-Davis 03512,Region A
CPT-03513,supplier,Vasquez-Turner 03513,Region D
CPT-03514,supplier,"Kane, Williams and Walter 03514",Region C
CPT-03515,supplier,Burke PLC 03515,Region D
CPT-03516,supplier,Alexander-Banks 03516,Region E
CPT-03517,supplier,Delgado-Miller 03517,Region F
CPT-03518,supplier,"Beck, Stephens and Hughes 03518",Region B
CPT-03519,supplier,"Reyes, Gill and Hernandez 03519",Region A
CPT-03520,supplier,Hernandez-Anderson 03520,Region F
CPT-03521,supplier,Rogers-Kennedy 03521,Region F
CPT-03522,supplier,Hughes Group 03522,Region B
CPT-03523,supplier,Barnes-Owen 03523,Region F
CPT-03524,supplier,Herrera-Weaver 03524,Region F
CPT-03525,supplier,Sloan Inc 03525,Region E
CPT-03526,supplier,Chavez-Knapp 03526,Region E
CPT-03527,supplier,"Johnson, Boyd and Chavez 03527",Region E
CPT-03528,supplier,Kelly Ltd 03528,Region B
CPT-03529,supplier,"Smith, Morgan and Jones 03529",Region F
CPT-03530,supplier,Parker-Fuller 03530,Region D
CPT-03531,supplier,"Davis, Sanchez and Porter 03531",Region E
CPT-03532,supplier,Perez LLC 03532,Region C
CPT-03533,supplier,"Cohen, Smith and Mccarthy 03533",Region D
CPT-03534,supplier,"Marshall, Lane and Fletcher 03534",Region C
CPT-03535,supplier,Goodman Ltd 03535,Region F
CPT-03536,supplier,Martin Inc 03536,Region D
CPT-03537,supplier,Peterson-Rivera 03537,Region F
CPT-03538,supplier,Stanton-Dalton 03538,Region D
CPT-03539,supplier,Jenkins-Nelson 03539,Region C
CPT-03540,supplier,"Johnson, Weaver and Mendez 03540",Region F
CPT-03541,supplier,Steele PLC 03541,Region A
CPT-03542,supplier,"Li, Travis and Murray 03542",Region D
CPT-03543,supplier,"Mason, Gutierrez and Francis 03543",Region D
CPT-03544,supplier,Barnett Inc 03544,Region D
CPT-03545,supplier,Gordon-Edwards 03545,Region A
CPT-03546,supplier,"Chavez, Anderson and Ramirez 03546",Region D
CPT-03547,supplier,Erickson-Morris 03547,Region F
CPT-03548,supplier,"Daniel, Martin and Solomon 03548",Region B
CPT-03549,supplier,Evans-Garcia 03549,Region F
CPT-03550,supplier,Fowler Ltd 03550,Region B
CPT-03551,supplier,White Group 03551,Region C
CPT-03552,supplier,"Gibson, Hale and Reed 03552",Region C
CPT-03553,supplier,"Moran, Wilcox and Garcia 03553",Region B
CPT-03554,supplier,Moses and Sons 03554,Region D
CPT-03555,supplier,Allen-White 03555,Region F
CPT-03556,supplier,"Frederick, Byrd and Guzman 03556",Region F
CPT-03557,supplier,Nixon-Romero 03557,Region B
CPT-03558,supplier,Mathis LLC 03558,Region C
CPT-03559,supplier,"Myers, Hardy and Mccormick 03559",Region A
CPT-03560,supplier,Nunez-Garcia 03560,Region D
CPT-03561,supplier,Gardner-Miller 03561,Region D
CPT-03562,supplier,"Watson, Hensley and Ayala 03562",Region B
CPT-03563,supplier,"Wilson, Murphy and Morrison 03563",Region D
CPT-03564,supplier,"Meyers, Taylor and Mckenzie 03564",Region E
CPT-03565,supplier,Gardner Inc 03565,Region D
CPT-03566,supplier,Hill-White 03566,Region B
CPT-03567,supplier,"Henry, Bond and Guerra 03567",Region B
CPT-03568,supplier,Wood Group 03568,Region D
CPT-03569,supplier,"Bryan, Lowe and Smith 03569",Region C
CPT-03570,supplier,"Barrera, Smith and Jones 03570",Region A
CPT-03571,supplier,Delgado-Ross 03571,Region D
CPT-03572,supplier,Becker-Cruz 03572,Region F
CPT-03573,supplier,"Martin, White and Fields 03573",Region C
CPT-03574,supplier,"Wagner, Cordova and Morrow 03574",Region B
CPT-03575,supplier,"Rivers, Lawrence and Molina 03575",Region E
CPT-03576,supplier,Wilcox-Alexander 03576,Region D
CPT-03577,supplier,"Simmons, Lucas and Collins 03577",Region F
CPT-03578,supplier,"Patterson, Brown and Welch 03578",Region E
CPT-03579,supplier,Dixon-Kaufman 03579,Region B
CPT-03580,supplier,"Gutierrez, Deleon and Rodriguez 03580",Region B
CPT-03581,supplier,Mayer PLC 03581,Region D
CPT-03582,supplier,Gregory-Nguyen 03582,Region F
CPT-03583,supplier,"Mcpherson, Mitchell and Foster 03583",Region D
CPT-03584,supplier,Martinez PLC 03584,Region D
CPT-03585,supplier,Walters Inc 03585,Region C
CPT-03586,supplier,Cruz LLC 03586,Region E
CPT-03587,supplier,Stuart-Kelly 03587,Region E
CPT-03588,supplier,Vargas-Smith 03588,Region F
CPT-03589,individual,Justin Wood,Region C
CPT-03590,individual,Daniel Lewis,Region F
CPT-03591,individual,David Hart,Region C
CPT-03592,individual,Kelly Rivera,Region D
CPT-03593,individual,Diana Johnson,Region A
CPT-03594,individual,Brooke Chang,Region C
CPT-03595,individual,Eric Newton,Region D
CPT-03596,individual,Eugene Macdonald,Region B
CPT-03597,individual,Christina Miller,Region C
CPT-03598,individual,Ryan Howard,Region D
CPT-03599,individual,Kimberly Allen,Region C
CPT-03600,individual,Ashley Burke,Region A
CPT-03601,individual,Marissa Jennings,Region B
CPT-03602,individual,James Bond,Region F
CPT-03603,individual,Joshua Ortiz,Region E
CPT-03604,individual,Elizabeth Hull,Region B
CPT-03605,individual,Katherine Maddox,Region B
CPT-03606,individual,Ryan Perez,Region F
CPT-03607,individual,Steven Moyer,Region E
CPT-03608,individual,Blake Mueller,Region D
CPT-03609,individual,Cynthia Miller,Region C
CPT-03610,individual,Charles Adams,Region F
CPT-03611,individual,Laura Crawford,Region D
CPT-03612,individual,Evelyn Lee,Region C
CPT-03613,individual,Philip Bradley,Region B
CPT-03614,individual,Barry Barrett,Region B
CPT-03615,individual,Stacy Morales,Region F
CPT-03616,individual,Johnny Olsen,Region F
CPT-03617,individual,Laura Torres,Region E
CPT-03618,individual,Richard Aguilar,Region A
CPT-03619,individual,Laura Taylor,Region E
CPT-03620,individual,Michael Delgado,Region D
CPT-03621,individual,Michelle Vazquez,Region B
CPT-03622,individual,Kathy Baker,Region A
CPT-03623,individual,Jodi Kane,Region D
CPT-03624,individual,Becky Collins,Region C
CPT-03625,individual,Andrew Conner,Region D
CPT-03626,individual,Stacey Stevens,Region D
CPT-03627,individual,Michael Clarke,Region A
CPT-03628,individual,Brian Adams,Region F
CPT-03629,individual,Nancy Wilson,Region A
CPT-03630,individual,Carolyn Garcia,Region D
CPT-03631,individual,Oscar Baker,Region B
CPT-03632,individual,Sarah Francis,Region D
CPT-03633,individual,Alexander Mullins,Region C
CPT-03634,individual,Amanda Duran,Region A
CPT-03635,individual,Jason Huff,Region F
CPT-03636,individual,Amy Stevens,Region B
CPT-03637,individual,Paul Raymond DDS,Region D
CPT-03638,individual,Brittney Shepherd,Region B
CPT-03639,individual,Margaret Jones,Region C
CPT-03640,individual,Rebecca Wagner,Region B
CPT-03641,individual,Angela Carroll,Region A
CPT-03642,individual,Lauren Lane,Region F
CPT-03643,individual,Gabriel Martin,Region B
CPT-03644,individual,Carly White,Region B
CPT-03645,individual,Tami Martinez MD,Region A
CPT-03646,individual,Jennifer Strong,Region C
CPT-03647,individual,Alyssa Brady,Region A
CPT-03648,individual,Mary Hernandez DVM,Region F
CPT-03649,individual,Stacy Olson,Region E
CPT-03650,individual,John Anderson,Region F
CPT-03651,individual,Andrew Richards,Region C
CPT-03652,individual,Margaret Jenkins,Region D
CPT-03653,individual,William Price,Region F
CPT-03654,individual,David Woods,Region A
CPT-03655,individual,Jessica Yoder,Region C
CPT-03656,individual,Scott Patel,Region D
CPT-03657,individual,Jonathan Mccormick,Region F
CPT-03658,individual,Jacqueline Chase MD,Region B
CPT-03659,individual,Justin Diaz DVM,Region E
CPT-03660,individual,Amanda Martin,Region E
CPT-03661,individual,Amanda Scott,Region E
CPT-03662,individual,Kimberly Miller,Region F
CPT-03663,individual,William Russell,Region E
CPT-03664,individual,Jose Gomez,Region B
CPT-03665,individual,Vanessa Hall,Region B
CPT-03666,individual,Jim Tran,Region D
CPT-03667,individual,Jennifer Kelly,Region C
CPT-03668,individual,Sarah Kelly,Region A
CPT-03669,individual,Cynthia Krause,Region E
CPT-03670,individual,William Gomez,Region D
CPT-03671,individual,Megan Murray,Region D
CPT-03672,individual,Charles Walter,Region D
CPT-03673,individual,Janet Camacho,Region D
CPT-03674,individual,Erik Fischer,Region E
CPT-03675,individual,Mark Robertson,Region D
CPT-03676,individual,Oscar Calhoun,Region F
CPT-03677,individual,Patrick Miller,Region A
CPT-03678,individual,Christopher Brock,Region F
CPT-03679,individual,Elizabeth Floyd,Region A
CPT-03680,individual,Daniel Sandoval,Region D
CPT-03681,individual,Jack Alexander,Region C
CPT-03682,individual,Timothy Kirk,Region F
CPT-03683,individual,Dustin Perez,Region D
CPT-03684,individual,Katherine Taylor,Region B
CPT-03685,individual,Glenn Hicks,Region B
CPT-03686,individual,Austin Butler,Region D
CPT-03687,individual,Laura Campbell,Region A
CPT-03688,individual,Marie Holloway,Region F
CPT-03689,individual,Diamond Wright,Region D
CPT-03690,individual,Justin Gonzalez,Region D
CPT-03691,individual,Peter Cruz,Region B
CPT-03692,individual,Valerie Martin,Region F
CPT-03693,individual,Kyle Jones DVM,Region E
CPT-03694,individual,Michael Barber,Region A
CPT-03695,individual,Kevin Martinez,Region F
CPT-03696,individual,James Keller,Region E
CPT-03697,individual,Marie Harrison,Region C
CPT-03698,individual,Elizabeth Tucker,Region E
CPT-03699,individual,Trevor Cohen,Region B
CPT-03700,individual,Erin Dorsey,Region B
CPT-03701,individual,David Mueller,Region F
CPT-03702,individual,Deborah Matthews,Region A
CPT-03703,individual,Kenneth Taylor,Region D
CPT-03704,individual,Rebecca Jones,Region E
CPT-03705,individual,Cassie Reynolds,Region A
CPT-03706,individual,Bradley Cox,Region B
CPT-03707,individual,John Oconnell,Region F
CPT-03708,individual,Alexander Andrade,Region C
CPT-03709,individual,Kimberly Bell,Region B
CPT-03710,individual,John White,Region F
CPT-03711,individual,Tonya Robinson,Region D
CPT-03712,individual,Anita Owens,Region F
CPT-03713,individual,Christopher Sanders,Region B
CPT-03714,individual,Nicole Wyatt,Region C
CPT-03715,individual,Richard Torres,Region B
CPT-03716,individual,Matthew Orozco,Region B
CPT-03717,individual,Patrick Simpson,Region B
CPT-03718,individual,Keith Armstrong,Region F
CPT-03719,individual,Shawn Gill,Region A
CPT-03720,individual,Jessica Stone,Region E
CPT-03721,individual,Michael Martin,Region E
CPT-03722,individual,Selena Davis,Region A
CPT-03723,individual,Jason Martinez,Region F
CPT-03724,individual,Jerry Rodriguez,Region A
CPT-03725,individual,Dean Jones,Region E
CPT-03726,individual,Jennifer Roberts,Region C
CPT-03727,individual,Gary Jones,Region E
CPT-03728,individual,Robert Soto,Region F
CPT-03729,individual,Alicia Lang,Region B
CPT-03730,individual,Roger Singh,Region E
CPT-03731,individual,Jeffrey Patton,Region E
CPT-03732,individual,Andrea George,Region C
CPT-03733,individual,Brittney Robertson,Region E
CPT-03734,individual,Randy Sawyer,Region C
CPT-03735,individual,Gabriel Barrett,Region D
CPT-03736,individual,Laurie Garcia,Region D
CPT-03737,individual,James Price,Region D
CPT-03738,individual,Kelsey Price,Region F
CPT-03739,individual,Jacob Paul,Region D
CPT-03740,individual,Christopher Hays,Region C
CPT-03741,individual,Derrick Hansen Jr.,Region B
CPT-03742,individual,Michelle Velazquez,Region B
CPT-03743,individual,Shannon Landry,Region D
CPT-03744,individual,Beth Reynolds,Region A
CPT-03745,individual,Elizabeth Trujillo,Region B
CPT-03746,individual,Mr. Jordan Wheeler,Region E
CPT-03747,individual,Kelly Morris,Region B
CPT-03748,individual,Connie Johnson,Region B
CPT-03749,individual,Brandon Cooper,Region F
CPT-03750,individual,Richard Morales,Region D
CPT-03751,individual,Brian Washington,Region B
CPT-03752,individual,Lisa Myers,Region E
CPT-03753,individual,Kimberly Clark,Region C
CPT-03754,individual,Melissa Stephenson,Region A
CPT-03755,individual,Vanessa Espinoza,Region D
CPT-03756,individual,David Martin,Region A
CPT-03757,individual,Alyssa Watson,Region A
CPT-03758,individual,Ashley Butler,Region F
CPT-03759,individual,Kayla Allen,Region A
CPT-03760,individual,Craig Roy,Region B
CPT-03761,individual,Loretta Cox,Region A
CPT-03762,individual,Shane Flores,Region E
CPT-03763,individual,Julie Hardin,Region B
CPT-03764,individual,Charles Burnett,Region F
CPT-03765,individual,Cynthia Burnett,Region F
CPT-03766,individual,David Walker,Region E
CPT-03767,individual,Amanda Dixon,Region B
CPT-03768,individual,Hannah Walker,Region D
CPT-03769,individual,Connie Pitts,Region D
CPT-03770,individual,Tony Davidson,Region B
CPT-03771,individual,Carrie Hall,Region A
CPT-03772,individual,Mary Clark,Region A
CPT-03773,individual,Donna Hughes,Region C
CPT-03774,individual,Jill Wade,Region B
CPT-03775,individual,Megan Winters,Region E
CPT-03776,individual,Sophia Ryan MD,Region D
CPT-03777,individual,Jenna Moore,Region B
CPT-03778,individual,Phillip Perry,Region D
CPT-03779,individual,Angela Lane,Region F
CPT-03780,individual,Andrew Mcfarland,Region B
CPT-03781,individual,Jessica Cook,Region B
CPT-03782,individual,David Bryant,Region A
CPT-03783,individual,David Baker,Region A
CPT-03784,individual,Elizabeth Caldwell,Region A
CPT-03785,individual,Susan Gonzalez,Region F
CPT-03786,individual,Gloria Ryan,Region A
CPT-03787,individual,Kristin Soto,Region D
CPT-03788,individual,Jennifer Anderson,Region D
CPT-03789,individual,Troy Mendoza,Region D
CPT-03790,individual,Brian Jordan,Region B
CPT-03791,individual,Shane Hogan,Region A
CPT-03792,individual,Edward Berry,Region D
CPT-03793,individual,Margaret Jones,Region C
CPT-03794,individual,Brenda Smith,Region D
CPT-03795,individual,Keith Cunningham,Region E
CPT-03796,individual,James Benson,Region F
CPT-03797,individual,Robert Hawkins,Region A
CPT-03798,individual,Maria Tran,Region E
CPT-03799,individual,Kimberly Jackson,Region F
CPT-03800,individual,Crystal Bush,Region A
CPT-03801,individual,Dustin Osborne,Region B
CPT-03802,individual,Ryan Mccoy,Region A
CPT-03803,individual,Jason Ward,Region C
CPT-03804,individual,Jessica Jones,Region F
CPT-03805,individual,Tammie Edwards,Region F
CPT-03806,individual,Alexander Butler,Region B
CPT-03807,individual,Dr. Nathan Jimenez,Region F
CPT-03808,individual,Charles Keller,Region C
CPT-03809,individual,Louis Coleman,Region D
CPT-03810,individual,Christopher Williams,Region D
CPT-03811,individual,Chloe Carson,Region C
CPT-03812,individual,Corey Martin,Region F
CPT-03813,individual,Raymond Serrano,Region F
CPT-03814,individual,Calvin Graham,Region A
CPT-03815,individual,Beth Smith,Region A
CPT-03816,individual,Danielle Cantrell,Region B
CPT-03817,individual,Donna Williams,Region F
CPT-03818,individual,Zachary Roberts,Region F
CPT-03819,individual,Joseph Pruitt,Region D
CPT-03820,individual,Michael Berg,Region B
CPT-03821,individual,Robert Ramirez,Region B
CPT-03822,individual,Mrs. Sara Hawkins,Region B
CPT-03823,individual,Gloria Mclaughlin,Region F
CPT-03824,individual,Ronald Sanders,Region F
CPT-03825,individual,David Brown,Region F
CPT-03826,individual,Tina Mitchell,Region D
CPT-03827,individual,Elizabeth Rodgers,Region F
CPT-03828,individual,Brandon Brooks,Region C
CPT-03829,individual,William Singleton,Region C
CPT-03830,individual,Mr. Brian Gonzalez,Region F
CPT-03831,individual,Jason Taylor,Region F
CPT-03832,individual,Robert Owens,Region F
CPT-03833,individual,Terrance Smith,Region C
CPT-03834,individual,Elizabeth Roberts,Region F
CPT-03835,individual,Michael Bush,Region D
CPT-03836,individual,Eric May,Region D
CPT-03837,individual,Nina Johnson,Region B
CPT-03838,individual,Garrett Hernandez,Region C
CPT-03839,individual,Stephen Schneider,Region C
CPT-03840,individual,Matthew Howard,Region A
CPT-03841,individual,Amber Johnston,Region E
CPT-03842,individual,Richard Chandler,Region A
CPT-03843,individual,Robert Snyder,Region C
CPT-03844,individual,Richard Bishop,Region E
CPT-03845,individual,John Weaver,Region F
CPT-03846,individual,Daniel Larson,Region B
CPT-03847,individual,Kimberly Mitchell,Region B
CPT-03848,individual,Francis Miller,Region A
CPT-03849,individual,Luke Brooks,Region E
CPT-03850,individual,James Carter,Region B
CPT-03851,individual,Susan Vincent,Region F
CPT-03852,individual,Brian Powell,Region B
CPT-03853,individual,Jesse Martin,Region A
CPT-03854,individual,Travis Ellis,Region E
CPT-03855,individual,Elizabeth Johnson,Region F
CPT-03856,individual,Heather Davis,Region D
CPT-03857,individual,Tracy Francis,Region D
CPT-03858,individual,Jennifer Nicholson,Region A
CPT-03859,individual,Norma Gomez,Region F
CPT-03860,individual,Ryan Jackson,Region F
CPT-03861,individual,Jeffrey Sharp,Region F
CPT-03862,individual,Rick Mcgrath,Region B
CPT-03863,individual,Courtney Rodriguez,Region C
CPT-03864,individual,Philip Maldonado,Region F
CPT-03865,individual,Anna Carter,Region C
CPT-03866,individual,Kimberly Alvarez,Region D
CPT-03867,individual,Stephen Patterson,Region A
CPT-03868,individual,Emily Richmond,Region E
CPT-03869,individual,Sharon Larson,Region A
CPT-03870,individual,Shelly Mcguire,Region D
CPT-03871,individual,Amber Fisher,Region B
CPT-03872,individual,Carlos Mclaughlin,Region B
CPT-03873,individual,Chad Rosario,Region F
CPT-03874,individual,Adam Garrett,Region A
CPT-03875,individual,Tony Mccarty,Region D
CPT-03876,individual,Stephen Molina,Region A
CPT-03877,individual,James Smith,Region B
CPT-03878,individual,Brandon Johnson,Region E
CPT-03879,individual,Anna Hunt,Region E
CPT-03880,individual,Tina Hicks,Region F
CPT-03881,individual,Donald Houston,Region C
CPT-03882,individual,Robin Sanchez,Region D
CPT-03883,individual,Judith Haynes,Region D
CPT-03884,individual,Phillip Myers,Region C
CPT-03885,individual,Christine Dougherty,Region C
CPT-03886,individual,Donald Daniels,Region D
CPT-03887,individual,Teresa Duncan,Region E
CPT-03888,individual,Sally Barnes,Region E
CPT-03889,individual,James Wright,Region E
CPT-03890,individual,Peter Garcia,Region C
CPT-03891,individual,Brandon Caldwell,Region F
CPT-03892,individual,Kristen Cortez,Region F
CPT-03893,individual,Susan Mckinney,Region A
CPT-03894,individual,Jennifer Zuniga,Region C
CPT-03895,individual,Timothy Smith,Region E
CPT-03896,individual,Kelsey Chapman,Region D
CPT-03897,individual,Allison Wang,Region F
CPT-03898,individual,Charles Lee,Region D
CPT-03899,individual,Robert Hamilton,Region D
CPT-03900,individual,Jonathan Webb,Region B
CPT-03901,individual,Cheryl Williams,Region A
CPT-03902,individual,Grace Washington,Region C
CPT-03903,individual,Lindsay Morgan,Region B
CPT-03904,individual,Elizabeth Fisher,Region F
CPT-03905,individual,Caitlin Hernandez,Region A
CPT-03906,individual,Michael Cruz,Region A
CPT-03907,individual,Kimberly Mitchell,Region C
CPT-03908,individual,Adam Chapman,Region D
CPT-03909,individual,Alexis Harris,Region D
CPT-03910,individual,Jesus Carter MD,Region C
CPT-03911,individual,Donna Stokes,Region D
CPT-03912,individual,Katie Drake,Region C
CPT-03913,individual,Mr. Mark Blankenship II,Region B
CPT-03914,individual,Christina Mcclain,Region F
CPT-03915,individual,Jennifer Brown,Region C
CPT-03916,individual,Taylor Williams,Region D
CPT-03917,individual,David Sloan,Region B
CPT-03918,individual,John Cooper DDS,Region F
CPT-03919,individual,Steven Mathis,Region F
CPT-03920,individual,Thomas French,Region E
CPT-03921,individual,Johnny Walter,Region B
CPT-03922,individual,Melissa Washington,Region B
CPT-03923,individual,Sherry Gutierrez,Region D
CPT-03924,individual,Kevin Bell,Region D
CPT-03925,individual,Dustin Wise,Region A
CPT-03926,individual,Matthew Mayer,Region D
CPT-03927,individual,Ronald Hall,Region C
CPT-03928,individual,Megan Norris,Region B
CPT-03929,individual,Kevin Delacruz,Region C
CPT-03930,individual,Jennifer Gomez,Region D
CPT-03931,individual,Cathy Norton,Region F
CPT-03932,individual,Melissa Bonilla,Region F
CPT-03933,individual,Julie Schmidt,Region F
CPT-03934,individual,Michael Hamilton,Region B
CPT-03935,individual,John Flores,Region C
CPT-03936,individual,Lauren Johnson,Region C
CPT-03937,individual,Keith Weber,Region B
CPT-03938,individual,Joseph Stephenson,Region B
CPT-03939,individual,Patty Page,Region F
CPT-03940,individual,Carly Reynolds,Region D
CPT-03941,individual,Tina Jimenez,Region E
CPT-03942,individual,Matthew Norman,Region B
CPT-03943,individual,George Edwards,Region F
CPT-03944,individual,Natalie Chapman,Region B
CPT-03945,individual,Stephanie Schultz,Region E
CPT-03946,individual,Cory Bender,Region A
CPT-03947,individual,Charles Jackson,Region A
CPT-03948,individual,Michael Foster,Region D
CPT-03949,individual,Claudia Russell,Region A
CPT-03950,individual,John Booker,Region C
CPT-03951,individual,Lisa Flynn,Region C
CPT-03952,individual,Tanya Bradshaw,Region F
CPT-03953,individual,Jesus Wilson,Region D
CPT-03954,individual,Lauren Griffin,Region E
CPT-03955,individual,Katherine Quinn,Region A
CPT-03956,individual,Pamela Martinez,Region E
CPT-03957,individual,Jamie Moran,Region F
CPT-03958,individual,Jeremy Jenkins,Region D
CPT-03959,individual,Michael King,Region F
CPT-03960,individual,Carrie James,Region F
CPT-03961,individual,James Gomez,Region B
CPT-03962,individual,Joseph James,Region F
CPT-03963,individual,Robert Griffin,Region F
CPT-03964,individual,Eileen Guzman,Region E
CPT-03965,individual,Bryan Davenport,Region D
CPT-03966,individual,Courtney Murillo,Region A
CPT-03967,individual,Jessica Davis,Region A
CPT-03968,individual,Michelle Rogers,Region E
CPT-03969,individual,Dennis Stevenson,Region C
CPT-03970,individual,Carla Rodriguez,Region C
CPT-03971,individual,Heather Avila,Region B
CPT-03972,individual,Jennifer Sullivan,Region C
CPT-03973,individual,Amber Fitzgerald,Region E
CPT-03974,individual,Isabel Thompson,Region F
CPT-03975,individual,Michelle Bradley,Region F
CPT-03976,individual,Joshua Reed,Region E
CPT-03977,individual,Justin Costa,Region C
CPT-03978,individual,Jeffrey Young,Region A
CPT-03979,individual,Arthur Richmond,Region D
CPT-03980,individual,Robert Cannon,Region E
CPT-03981,individual,Joseph Baird,Region C
CPT-03982,individual,Amanda Harris,Region F
CPT-03983,individual,Michelle Davis,Region C
CPT-03984,individual,Marie Bishop,Region C
CPT-03985,individual,Jamie Young,Region D
CPT-03986,individual,Steven Johnson,Region F
CPT-03987,individual,David Ewing,Region B
CPT-03988,individual,Robert Wheeler,Region A
CPT-03989,individual,Sean Allen,Region E
CPT-03990,individual,Susan Jones,Region F
CPT-03991,individual,Veronica Baker,Region A
CPT-03992,individual,Mary Gutierrez,Region F
CPT-03993,individual,Peter Obrien,Region F
CPT-03994,individual,Michelle Boyd,Region F
CPT-03995,individual,Philip Moreno,Region D
CPT-03996,individual,Alice Hawkins MD,Region C
CPT-03997,individual,Kenneth Smith,Region C
CPT-03998,individual,Cory Hall,Region E
CPT-03999,individual,Joel Everett,Region D
CPT-04000,individual,Grant Wu,Region B
CPT-04001,individual,Annette Escobar,Region C
CPT-04002,individual,Larry Miller,Region B
CPT-04003,individual,Heather Fernandez,Region B
CPT-04004,individual,Faith Walton,Region D
CPT-04005,individual,Donald Oliver,Region E
CPT-04006,individual,Tammy Wilson,Region F
CPT-04007,individual,Amanda Liu,Region B
CPT-04008,individual,Jamie Matthews,Region B
CPT-04009,individual,Laura Smith,Region E
CPT-04010,individual,Lauren Murphy,Region F
CPT-04011,individual,Sharon Evans,Region C
CPT-04012,individual,Julia Greene,Region B
CPT-04013,individual,Paul Fisher,Region D
CPT-04014,individual,Gina Gordon,Region D
CPT-04015,individual,Richard Arroyo,Region E
CPT-04016,individual,Nichole Rhodes,Region A
CPT-04017,individual,Shannon Chang,Region E
CPT-04018,individual,Paul Gray,Region F
CPT-04019,individual,Don Sullivan,Region D
CPT-04020,individual,Mary Smith,Region B
CPT-04021,individual,Gary Nicholson,Region B
CPT-04022,individual,Katherine Scott,Region F
CPT-04023,individual,Veronica Bauer,Region F
CPT-04024,individual,Gary Medina,Region B
CPT-04025,individual,Warren Hill,Region E
CPT-04026,individual,Michael Wagner,Region A
CPT-04027,individual,Devin Miller,Region A
CPT-04028,individual,Angela Owens,Region D
CPT-04029,individual,Samantha Price,Region E
CPT-04030,individual,Angela Hubbard,Region A
CPT-04031,individual,Thomas Curtis,Region E
CPT-04032,individual,David Maxwell,Region C
CPT-04033,individual,Lauren Walker,Region B
CPT-04034,individual,Elizabeth Duffy,Region A
CPT-04035,individual,Lori Farrell,Region A
CPT-04036,individual,Austin Coleman,Region A
CPT-04037,individual,Mackenzie Bennett,Region B
CPT-04038,individual,Randall Carter,Region B
CPT-04039,individual,Nicole Braun,Region E
CPT-04040,individual,Christopher Bullock,Region D
CPT-04041,individual,Tiffany Mccoy,Region D
CPT-04042,individual,Sandra Mcclain,Region A
CPT-04043,individual,Melissa Osborne,Region F
CPT-04044,individual,Craig Harris,Region D
CPT-04045,individual,Kimberly Tran,Region E
CPT-04046,individual,William Warner,Region F
CPT-04047,individual,Michael Stevenson,Region D
CPT-04048,individual,Victoria Shaffer,Region E
CPT-04049,individual,Lydia Anderson,Region E
CPT-04050,individual,Donna Mcdaniel,Region C
CPT-04051,individual,Krista Griffin,Region F
CPT-04052,individual,Tricia Anderson,Region D
CPT-04053,individual,Sarah Farley,Region B
CPT-04054,individual,Christina Williams,Region E
CPT-04055,individual,Gabrielle Zimmerman,Region B
CPT-04056,individual,Samantha Davis,Region D
CPT-04057,individual,Dustin Roberts,Region C
CPT-04058,individual,Samantha Cunningham,Region F
CPT-04059,individual,Michael Brown,Region E
CPT-04060,individual,Dana George,Region E
CPT-04061,individual,Alyssa Brown,Region F
CPT-04062,individual,Andrea Joseph DVM,Region C
CPT-04063,individual,Jeffery Lester,Region A
CPT-04064,individual,Elizabeth Conway,Region A
CPT-04065,individual,Sean Randolph,Region F
CPT-04066,individual,Dustin Martin,Region E
CPT-04067,individual,Anne Williams,Region A
CPT-04068,individual,William Brady,Region A
CPT-04069,individual,Michael York,Region E
CPT-04070,individual,Susan Dalton,Region D
CPT-04071,individual,Ashlee Lambert,Region E
CPT-04072,individual,Thomas Coffey,Region E
CPT-04073,individual,James Newman,Region A
CPT-04074,individual,Jennifer Hernandez,Region A
CPT-04075,individual,Kyle Brown,Region C
CPT-04076,individual,Dr. Michael Burnett,Region D
CPT-04077,individual,Christina Young,Region F
CPT-04078,individual,Mary Nguyen,Region D
CPT-04079,individual,Debbie Harris,Region B
CPT-04080,individual,Anthony Avery,Region A
CPT-04081,individual,John Cannon,Region A
CPT-04082,individual,Patricia Smith,Region B
CPT-04083,individual,April Jones,Region D
CPT-04084,individual,Timothy Kim,Region B
CPT-04085,individual,Ricardo Green,Region C
CPT-04086,individual,Calvin Larson,Region A
CPT-04087,individual,Jose Colon,Region C
CPT-04088,individual,Tina Smith,Region F
CPT-04089,individual,Andrea Greene,Region B
CPT-04090,individual,Kimberly Terry,Region E
CPT-04091,individual,Colin Ashley,Region D
CPT-04092,individual,Cindy Mitchell,Region C
CPT-04093,individual,David Cisneros,Region F
CPT-04094,individual,Paige Bennett,Region F
CPT-04095,individual,Joshua Howard,Region B
CPT-04096,individual,Christian Petersen,Region F
CPT-04097,individual,Jack Ward,Region D
CPT-04098,individual,Kayla Brown,Region E
CPT-04099,individual,Brian Levine,Region F
CPT-04100,individual,Jessica Smith,Region A
CPT-04101,individual,Stephanie Molina,Region D
CPT-04102,individual,Amanda Boyd,Region C
CPT-04103,individual,Jordan Blake,Region E
CPT-04104,individual,David Schmidt,Region C
CPT-04105,individual,Audrey Hernandez,Region D
CPT-04106,individual,Linda Nichols,Region E
CPT-04107,individual,Kevin Valenzuela,Region E
CPT-04108,individual,Dr. Bryan Jones,Region D
CPT-04109,individual,Mr. Scott Riley,Region C
CPT-04110,individual,Allen Green,Region A
CPT-04111,individual,Megan Bailey,Region B
CPT-04112,individual,Sean Robbins,Region D
CPT-04113,individual,Thomas Bird,Region E
CPT-04114,individual,Theodore Stone,Region F
CPT-04115,individual,Crystal Graham MD,Region E
CPT-04116,individual,Dr. Nicholas Bell,Region D
CPT-04117,individual,Laura Randall,Region E
CPT-04118,individual,Melanie Wilson,Region D
CPT-04119,individual,Katie Bautista,Region F
CPT-04120,individual,Eddie Gay,Region E
CPT-04121,individual,Wendy Long,Region B
CPT-04122,individual,Terry Brown,Region C
CPT-04123,individual,Walter Stephenson,Region E
CPT-04124,individual,Jennifer Wang,Region B
CPT-04125,individual,John Silva,Region F
CPT-04126,individual,Sandy Shepherd,Region C
CPT-04127,individual,David Cameron,Region C
CPT-04128,individual,Austin Barker,Region F
CPT-04129,individual,Brandon Parker,Region E
CPT-04130,individual,Leonard Black,Region F
CPT-04131,individual,Michael Willis,Region A
CPT-04132,individual,Erin Ramsey,Region D
CPT-04133,individual,Kyle Wells,Region C
CPT-04134,individual,Brian Andrade,Region E
CPT-04135,individual,Kevin Thomas,Region A
CPT-04136,individual,Sydney Torres,Region A
CPT-04137,individual,Tammy Hodges,Region B
CPT-04138,individual,Andrea Williams,Region E
CPT-04139,individual,Joshua Keller,Region A
CPT-04140,individual,Grace Thomas,Region C
CPT-04141,individual,Lisa Crawford,Region E
CPT-04142,individual,Kara Brooks DDS,Region E
CPT-04143,individual,Aaron Williams,Region E
CPT-04144,individual,Cody Martin,Region F
CPT-04145,individual,Kyle Johnson,Region F
CPT-04146,individual,Dillon Clark,Region C
CPT-04147,individual,Martin Hernandez,Region F
CPT-04148,individual,Alicia Perez,Region C
CPT-04149,individual,Jessica Webb,Region F
CPT-04150,individual,Brittney Brooks MD,Region A
CPT-04151,individual,Michael Cross,Region E
CPT-04152,individual,Micheal Alvarez,Region E
CPT-04153,individual,Tina Wilson,Region C
CPT-04154,individual,Robert Lewis,Region B
CPT-04155,individual,Samuel Harrington,Region F
CPT-04156,individual,Jason Burton,Region F
CPT-04157,individual,Heidi Garza,Region E
CPT-04158,individual,Jorge Ellis,Region A
CPT-04159,individual,Rachel Gonzalez,Region D
CPT-04160,individual,Vanessa Austin,Region D
CPT-04161,individual,Anthony Vance,Region C
CPT-04162,individual,Cynthia Parks,Region F
CPT-04163,individual,Troy Nichols,Region F
CPT-04164,individual,Daniel Oconnor,Region B
CPT-04165,individual,Jacqueline Maynard,Region F
CPT-04166,individual,Kevin Perez,Region A
CPT-04167,individual,Matthew Simmons,Region E
CPT-04168,individual,Nancy Brown,Region F
CPT-04169,individual,Nicole Hunt,Region A
CPT-04170,individual,Steven Hunt,Region F
CPT-04171,individual,Timothy Lopez,Region E
CPT-04172,individual,Charles Williamson,Region B
CPT-04173,individual,Thomas Sanders,Region B
CPT-04174,individual,Casey Cruz,Region E
CPT-04175,individual,Troy Lowery,Region B
CPT-04176,individual,Jason Santos,Region F
CPT-04177,individual,Andrea Mathews,Region F
CPT-04178,individual,Steven Baker,Region A
CPT-04179,individual,Mr. Matthew Osborne,Region A
CPT-04180,individual,Charles Gardner,Region E
CPT-04181,individual,Adrian Carter,Region D
CPT-04182,individual,Emily White,Region C
CPT-04183,individual,Catherine Soto,Region B
CPT-04184,individual,Elijah Johnson,Region C
CPT-04185,individual,Cathy Stephens DDS,Region E
CPT-04186,individual,Christian Williams,Region D
CPT-04187,individual,Shannon Beard,Region C
CPT-04188,individual,Heather Johns,Region A
CPT-04189,individual,Emily Wu,Region B
CPT-04190,individual,Patrick Dalton,Region F
CPT-04191,individual,Andrew Lee,Region E
CPT-04192,individual,Linda Davidson,Region A
CPT-04193,individual,Lynn Castillo,Region A
CPT-04194,individual,Lisa Ray,Region F
CPT-04195,individual,Robert Dennis,Region B
CPT-04196,individual,Emily Brown,Region C
CPT-04197,individual,Connor Nelson,Region C
CPT-04198,individual,David Elliott,Region D
CPT-04199,individual,Loretta Austin,Region D
CPT-04200,individual,Luis Jordan,Region C
CPT-04201,individual,David Park,Region A
CPT-04202,individual,Gerald Brown,Region A
CPT-04203,individual,Douglas Cook,Region F
CPT-04204,individual,Teresa Miller,Region D
CPT-04205,individual,Jason Webb,Region D
CPT-04206,individual,Timothy Smith,Region C
CPT-04207,individual,Kevin Sosa,Region F
CPT-04208,individual,Crystal Hunt,Region A
CPT-04209,individual,David Alvarez,Region E
CPT-04210,individual,Michael Hayes,Region B
CPT-04211,individual,Jeff Pratt,Region B
CPT-04212,individual,Richard Hahn,Region F
CPT-04213,individual,Richard Garcia,Region C
CPT-04214,individual,Amy Martinez,Region D
CPT-04215,individual,Howard Thompson,Region F
CPT-04216,individual,Timothy Curtis,Region C
CPT-04217,individual,Rachel Jarvis,Region F
CPT-04218,individual,Juan Gregory,Region F
CPT-04219,individual,Jeffrey Moyer,Region B
CPT-04220,individual,Annette Saunders,Region B
CPT-04221,individual,Michael Miller,Region C
CPT-04222,individual,Andrea Wilson,Region B
CPT-04223,individual,Whitney Mejia,Region D
CPT-04224,individual,Wendy Stuart,Region C
CPT-04225,individual,Christopher Young,Region F
CPT-04226,individual,Ashley Griffin,Region B
CPT-04227,individual,Sheri Bryant,Region A
CPT-04228,individual,Derek Castillo,Region D
CPT-04229,individual,Barbara Ross,Region B
CPT-04230,individual,Ashley Phelps,Region A
CPT-04231,individual,Aaron Davis,Region F
CPT-04232,individual,Denise Sims,Region D
CPT-04233,individual,Riley Flowers,Region A
CPT-04234,individual,Ryan Glass,Region B
CPT-04235,individual,Mark Lawson,Region A
CPT-04236,individual,Monica Haney,Region D
CPT-04237,individual,Matthew Farmer,Region E
CPT-04238,individual,Christian Torres,Region B
CPT-04239,individual,Ryan Garner,Region A
CPT-04240,individual,John Whitaker,Region E
CPT-04241,individual,Laura Arnold,Region E
CPT-04242,individual,Raymond Jones,Region E
CPT-04243,individual,Kyle Scott,Region E
CPT-04244,individual,Eileen Mitchell,Region A
CPT-04245,individual,Gerald Fowler,Region D
CPT-04246,individual,Austin Bruce,Region C
CPT-04247,individual,Donald Gray,Region A
CPT-04248,individual,Edward Rangel,Region E
CPT-04249,individual,Steven Armstrong,Region E
CPT-04250,individual,Melody Sanchez,Region C
CPT-04251,individual,Anna Hines,Region B
CPT-04252,individual,Kenneth Brown,Region D
CPT-04253,individual,Caroline Porter,Region C
CPT-04254,individual,Jacob Dyer,Region A
CPT-04255,individual,Andrew Rogers,Region A
CPT-04256,individual,Gary Guerra,Region E
CPT-04257,individual,Brianna Bullock,Region C
CPT-04258,individual,Elizabeth Russell,Region C
CPT-04259,individual,Michelle Nelson,Region E
CPT-04260,individual,Raymond Obrien,Region D
CPT-04261,individual,Kristy Contreras,Region B
CPT-04262,individual,Michael Wheeler,Region D
CPT-04263,individual,Lisa Davidson,Region F
CPT-04264,individual,Yvonne Joseph,Region A
CPT-04265,individual,Shelley Larsen,Region F
CPT-04266,individual,Phillip Bernard,Region C
CPT-04267,individual,Jennifer Clarke,Region A
CPT-04268,individual,Robert Snyder,Region B
CPT-04269,individual,Patrick Watts,Region B
CPT-04270,individual,Anne Mueller,Region B
CPT-04271,individual,Donald Barton,Region D
CPT-04272,individual,Mark Brown,Region B
CPT-04273,individual,Ariana Valencia,Region C
CPT-04274,individual,Christopher Baird,Region C
CPT-04275,individual,Raymond Ryan,Region A
CPT-04276,individual,Mrs. Brooke Moore,Region A
CPT-04277,individual,Melanie Smith,Region A
CPT-04278,individual,Jeremy Mays,Region F
CPT-04279,individual,Sarah Rodriguez,Region A
CPT-04280,individual,Jonathan Campbell,Region B
CPT-04281,individual,Jason Long,Region C
CPT-04282,individual,Karen Valdez,Region D
CPT-04283,individual,Jessica Brooks,Region C
CPT-04284,individual,Adam Lee,Region F
CPT-04285,individual,James Foster,Region B
CPT-04286,individual,Amy Collins,Region A
CPT-04287,individual,Jennifer Jones,Region F
CPT-04288,individual,Eric Wong,Region C
CPT-04289,individual,Amber Riggs,Region B
CPT-04290,individual,Elizabeth Davis,Region E
CPT-04291,individual,Daniel Warren,Region A
CPT-04292,individual,Karen Baker,Region E
CPT-04293,individual,Andrea Morris,Region F
CPT-04294,individual,Luis Leblanc,Region B
CPT-04295,individual,Anthony Pittman,Region A
CPT-04296,individual,Randall Richards,Region B
CPT-04297,individual,Dustin Ramos,Region D
CPT-04298,individual,Stacy Hill,Region D
CPT-04299,individual,Grace Lewis,Region A
CPT-04300,individual,Amanda Washington,Region F
CPT-04301,individual,Amy Boyd,Region B
CPT-04302,individual,David Francis,Region B
CPT-04303,individual,Andres Knight,Region D
CPT-04304,individual,Ana Fernandez,Region F
CPT-04305,individual,Russell Pineda,Region A
CPT-04306,individual,Jason Haley,Region F
CPT-04307,individual,Nicholas Hanson,Region E
CPT-04308,individual,Tiffany Mendoza MD,Region B
CPT-04309,individual,Lee Rojas,Region E
CPT-04310,individual,Steven Burns,Region D
CPT-04311,individual,Laurie Sanchez,Region F
CPT-04312,individual,Terry Preston,Region D
CPT-04313,individual,Nina Wolf,Region C
CPT-04314,individual,Erik Wilson,Region D
CPT-04315,individual,Sarah Oneill,Region A
CPT-04316,individual,Hannah Butler,Region A
CPT-04317,individual,Mary Gonzalez,Region B
CPT-04318,individual,Mr. Wayne Jones,Region D
CPT-04319,individual,Kelly Patterson,Region D
CPT-04320,individual,Ruben Hall,Region E
CPT-04321,individual,Jason Simpson,Region E
CPT-04322,individual,Joel King,Region B
CPT-04323,individual,Matthew Watson,Region D
CPT-04324,individual,William Robinson,Region F
CPT-04325,individual,Andrea King,Region B
CPT-04326,individual,Rebecca Torres,Region C
CPT-04327,individual,Angela Ruiz,Region C
CPT-04328,individual,Mr. Drew Boyle Jr.,Region A
CPT-04329,individual,Benjamin Tran,Region F
CPT-04330,individual,Kevin Walker,Region E
CPT-04331,individual,Thomas Johnson,Region B
CPT-04332,individual,Charles Herrera,Region C
CPT-04333,individual,Lori Davies,Region C
CPT-04334,individual,Ryan Rangel,Region B
CPT-04335,individual,Richard Mullen,Region A
CPT-04336,individual,Kathy Watkins,Region C
CPT-04337,individual,Mary Bryant,Region F
CPT-04338,individual,Cassandra Gamble,Region D
CPT-04339,individual,Linda Walker,Region B
CPT-04340,individual,Brian Cherry,Region D
CPT-04341,individual,Debbie Spears,Region E
CPT-04342,individual,Zachary Holland,Region F
CPT-04343,individual,Zachary Kelly,Region D
CPT-04344,individual,Trevor Reynolds,Region D
CPT-04345,individual,Beverly Brown,Region D
CPT-04346,individual,Susan Clark,Region B
CPT-04347,individual,Mario Gill,Region F
CPT-04348,individual,Brianna French,Region C
CPT-04349,individual,James Schaefer,Region B
CPT-04350,individual,Mary Holmes,Region C
CPT-04351,individual,Tracy Keith,Region D
CPT-04352,individual,Dustin Schneider,Region B
CPT-04353,individual,Heather Ibarra,Region E
CPT-04354,individual,Fred Campbell,Region E
CPT-04355,individual,Morgan Ochoa,Region E
CPT-04356,individual,Andrew Schultz,Region E
CPT-04357,individual,Elizabeth Brooks,Region F
CPT-04358,individual,Andrea Conner,Region F
CPT-04359,individual,Joshua Pace,Region D
CPT-04360,individual,Adam Smith,Region E
CPT-04361,individual,Jason Jackson,Region A
CPT-04362,individual,Curtis Wilson,Region B
CPT-04363,individual,Mr. Jason Hickman,Region C
CPT-04364,individual,Jennifer Meyer,Region E
CPT-04365,individual,Walter Larsen,Region F
CPT-04366,individual,Brian Page,Region B
CPT-04367,individual,Michael Fernandez,Region E
CPT-04368,individual,Zachary Singh,Region A
CPT-04369,individual,Jeremy Freeman,Region E
CPT-04370,individual,Matthew Johnson,Region D
CPT-04371,individual,Joseph Martin,Region B
CPT-04372,individual,Jeanette Steele,Region A
CPT-04373,individual,Christine Bryant,Region C
CPT-04374,individual,Mary Garcia,Region C
CPT-04375,individual,Emily Castro,Region D
CPT-04376,individual,Robert Conner,Region A
CPT-04377,individual,David Meyer,Region C
CPT-04378,individual,Audrey Rosales,Region F
CPT-04379,individual,Sherry Padilla,Region F
CPT-04380,individual,Margaret Holt,Region A
CPT-04381,individual,Nicole Munoz,Region A
CPT-04382,individual,Elizabeth Bennett,Region A
CPT-04383,individual,Matthew Fitzpatrick,Region C
CPT-04384,individual,Robert Curtis,Region E
CPT-04385,individual,Mary Adams,Region B
CPT-04386,individual,Daniel Carr,Region E
CPT-04387,individual,William Melendez,Region C
CPT-04388,individual,Austin Williams,Region C
CPT-04389,individual,Mr. Roy Parker,Region A
CPT-04390,individual,Jessica Mccormick,Region E
CPT-04391,individual,Anita Garcia,Region A
CPT-04392,individual,Kara Villa,Region B
CPT-04393,individual,Amanda Sanchez,Region A
CPT-04394,individual,Anthony Montgomery,Region A
CPT-04395,individual,Cynthia Wilkinson,Region B
CPT-04396,individual,Thomas Perez,Region C
CPT-04397,individual,Matthew Roberts,Region E
CPT-04398,individual,Susan Hernandez,Region C
CPT-04399,individual,Stacy Gomez,Region F
CPT-04400,individual,Kevin Smith,Region E
CPT-04401,individual,David Keller,Region C
CPT-04402,individual,Dr. Michael Hansen,Region D
CPT-04403,individual,Amanda Adams,Region F
CPT-04404,individual,Denise Wells,Region A
CPT-04405,individual,Shannon Perez,Region D
CPT-04406,individual,Julie Fuller,Region E
CPT-04407,individual,Todd Brown,Region C
CPT-04408,individual,Katherine Landry,Region E
CPT-04409,individual,Lucas Jones,Region C
CPT-04410,individual,Nicholas Sanchez,Region D
CPT-04411,individual,Diana Stewart,Region A
CPT-04412,individual,Mr. Sean Solis,Region C
CPT-04413,individual,Gregory Jackson,Region E
CPT-04414,individual,Donna Wong,Region B
CPT-04415,individual,John Duffy,Region A
CPT-04416,individual,Kylie Oconnell,Region C
CPT-04417,individual,Megan Ramirez,Region D
CPT-04418,individual,Jamie Cross,Region F
CPT-04419,individual,Christopher Davis,Region B
CPT-04420,individual,Michael Dennis,Region A
CPT-04421,individual,Megan Knight,Region F
CPT-04422,individual,Michael Wang,Region E
CPT-04423,individual,Kevin Franklin,Region F
CPT-04424,individual,Dylan Fisher,Region B
CPT-04425,individual,Bryan Ramos MD,Region B
CPT-04426,individual,Edward Hughes MD,Region C
CPT-04427,individual,Jose Harrison,Region D
CPT-04428,individual,Evan Bell,Region B
CPT-04429,individual,David Perez,Region C
CPT-04430,individual,Mark Ward,Region C
CPT-04431,individual,Steve Buchanan,Region C
CPT-04432,individual,Daniel Jones,Region A
CPT-04433,individual,Ashlee Russell,Region A
CPT-04434,individual,Nicholas Parker,Region C
CPT-04435,individual,Sonia Barron,Region C
CPT-04436,individual,Justin Bender,Region E
CPT-04437,individual,Jacob Gonzales,Region E
CPT-04438,individual,Yvonne York,Region B
CPT-04439,individual,Gary Brown,Region F
CPT-04440,individual,Wesley Neal,Region A
CPT-04441,individual,Andrew Cantu,Region A
CPT-04442,individual,Angela Ruiz,Region A
CPT-04443,individual,Michael Reese,Region F
CPT-04444,individual,Annette Bowman,Region F
CPT-04445,individual,Matthew Young,Region B
CPT-04446,individual,James Odom,Region D
CPT-04447,individual,Alicia Carter,Region F
CPT-04448,individual,Dakota Adams,Region B
CPT-04449,individual,Travis Hale,Region F
CPT-04450,individual,Jennifer Williams,Region A
CPT-04451,individual,Devin Garner,Region F
CPT-04452,individual,Robert Guerrero,Region D
CPT-04453,individual,Keith Garcia,Region E
CPT-04454,individual,Brittany Fuller,Region B
CPT-04455,individual,Darrell Moore,Region E
CPT-04456,individual,Claire Hicks,Region C
CPT-04457,individual,Alicia Bell,Region B
CPT-04458,individual,Jonathan Rodriguez,Region C
CPT-04459,individual,Benjamin Kennedy,Region E
CPT-04460,individual,Brandy Sutton,Region E
CPT-04461,individual,Amy Watson,Region F
CPT-04462,individual,John Scott,Region A
CPT-04463,individual,Heather Garrett,Region F
CPT-04464,individual,Catherine Clark,Region A
CPT-04465,individual,Stephanie Rose,Region C
CPT-04466,individual,Anthony Anderson,Region A
CPT-04467,individual,Bonnie Zavala,Region A
CPT-04468,individual,Robert Gibson,Region A
CPT-04469,individual,Lauren Patton MD,Region A
CPT-04470,individual,Kimberly Watkins,Region D
CPT-04471,individual,Philip Ford,Region D
CPT-04472,individual,Timothy Richardson,Region F
CPT-04473,individual,Samantha Bailey,Region B
CPT-04474,individual,Susan Smith,Region D
CPT-04475,individual,Anna Guzman,Region D
CPT-04476,individual,Paul Gonzalez,Region E
CPT-04477,individual,Joseph Williams,Region E
CPT-04478,individual,David Gomez,Region A
CPT-04479,individual,Joshua Arellano,Region F
CPT-04480,individual,Christina Pena,Region B
CPT-04481,individual,Victoria Arellano,Region D
CPT-04482,individual,David Aguilar,Region F
CPT-04483,individual,Marcus Wilson,Region F
CPT-04484,individual,Kristina Jones,Region F
CPT-04485,individual,Michael Howe,Region F
CPT-04486,individual,Richard Horne,Region B
CPT-04487,individual,David Odonnell,Region B
CPT-04488,individual,Evan Johnson,Region D
CPT-04489,individual,Justin Flores,Region A
CPT-04490,individual,Gerald Smith,Region C
CPT-04491,individual,Andrew West,Region E
CPT-04492,individual,Tara Horn,Region D
CPT-04493,individual,Angela Griffin,Region E
CPT-04494,individual,Danny Park,Region B
CPT-04495,individual,Brenda Maddox,Region D
CPT-04496,individual,Mark Mason MD,Region B
CPT-04497,individual,William Cohen,Region A
CPT-04498,individual,Melissa Mitchell,Region E
CPT-04499,individual,Todd Joseph,Region C
CPT-04500,individual,Erin Hale,Region C
CPT-04501,individual,Brian Ramsey,Region E
CPT-04502,individual,Suzanne Hodge,Region B
CPT-04503,individual,Joshua Cohen,Region C
CPT-04504,individual,Ashley Flowers,Region E
CPT-04505,individual,Stephen Bentley,Region A
CPT-04506,individual,Nancy Freeman,Region E
CPT-04507,individual,Devin Johnston,Region D
CPT-04508,individual,Jacqueline Lozano,Region F
CPT-04509,individual,Jacqueline Kelley,Region B
CPT-04510,individual,Travis Hernandez,Region C
CPT-04511,individual,Christian Gomez,Region B
CPT-04512,individual,Jason Rivera,Region D
CPT-04513,individual,Johnathan Sanders,Region D
CPT-04514,individual,Steven Mckinney,Region D
CPT-04515,individual,Heidi Jones,Region A
CPT-04516,individual,Rachel Cardenas,Region C
CPT-04517,individual,Jeremy Contreras,Region C
CPT-04518,individual,Emily Hernandez,Region C
CPT-04519,individual,Jennifer Walker,Region A
CPT-04520,individual,Troy Anderson,Region A
CPT-04521,individual,Sandra Ferrell,Region C
CPT-04522,individual,Katrina Weiss,Region C
CPT-04523,individual,Christopher Swanson,Region F
CPT-04524,individual,Michael Johnson,Region D
CPT-04525,individual,Dorothy Delacruz,Region A
CPT-04526,individual,Justin Schroeder,Region A
CPT-04527,individual,Danny Rodriguez,Region C
CPT-04528,individual,Nichole Duarte,Region F
CPT-04529,individual,David Watson,Region A
CPT-04530,individual,Michael Cooper,Region B
CPT-04531,individual,Gina Smith,Region A
CPT-04532,individual,Christina Kelley,Region E
CPT-04533,individual,Maria Gutierrez,Region D
CPT-04534,individual,Ashley Smith,Region C
CPT-04535,individual,Adam Miles,Region F
CPT-04536,individual,Samantha Cantrell,Region A
CPT-04537,individual,John Smith,Region B
CPT-04538,individual,Anthony Reyes,Region F
CPT-04539,individual,Lisa Jones,Region A
CPT-04540,individual,Brandy Garcia,Region C
CPT-04541,individual,Michelle Gibson,Region F
CPT-04542,individual,Jonathan Davis,Region A
CPT-04543,individual,Victoria Elliott,Region D
CPT-04544,individual,Marie Molina,Region B
CPT-04545,individual,Cameron Scott,Region A
CPT-04546,individual,Nathan Blevins,Region D
CPT-04547,individual,Crystal Henderson,Region B
CPT-04548,individual,Matthew Owens,Region F
CPT-04549,individual,Daniel Potter,Region A
CPT-04550,individual,Jennifer Jones,Region D
CPT-04551,individual,Joseph Conner,Region C
CPT-04552,individual,David Miller,Region F
CPT-04553,individual,Todd Fleming,Region A
CPT-04554,individual,Andrea Murray,Region B
CPT-04555,individual,Jennifer Williams,Region A
CPT-04556,individual,Austin Allen,Region C
CPT-04557,individual,Julia Berry,Region D
CPT-04558,individual,Ann Sanchez,Region D
CPT-04559,individual,Gary Alvarado,Region E
CPT-04560,individual,Alicia Glenn,Region D
CPT-04561,individual,Ashley Hughes,Region C
CPT-04562,individual,Kathleen Cowan,Region D
CPT-04563,individual,Scott Young,Region D
CPT-04564,individual,Michael Hopkins,Region F
CPT-04565,individual,David Banks,Region D
CPT-04566,individual,Thomas Davis,Region E
CPT-04567,individual,Dennis Bennett,Region B
CPT-04568,individual,Christine Chaney,Region C
CPT-04569,individual,Dawn Johnson,Region A
CPT-04570,individual,Colleen Howard,Region D
CPT-04571,individual,Melissa Bryan,Region B
CPT-04572,individual,Debra Johnson,Region D
CPT-04573,individual,Elizabeth Booth,Region C
CPT-04574,individual,Jordan Medina,Region F
CPT-04575,individual,Susan Davis,Region B
CPT-04576,individual,Karen Torres,Region A
CPT-04577,individual,James Moreno,Region B
CPT-04578,individual,Marcia Morgan,Region D
CPT-04579,individual,Patrick Mckenzie,Region A
CPT-04580,individual,Katrina Miller,Region F
CPT-04581,individual,Michael Martinez,Region A
CPT-04582,individual,Tina Robinson,Region D
CPT-04583,individual,Lori Garrison,Region B
CPT-04584,individual,Regina Garcia,Region F
CPT-04585,individual,Mark Sullivan,Region F
CPT-04586,individual,Ian Burton,Region B
CPT-04587,individual,Amanda Garcia,Region C
CPT-04588,individual,Charles White,Region E
CPT-04589,individual,Eric Blair,Region C
CPT-04590,individual,Fernando Gonzalez,Region A
CPT-04591,individual,Stephanie Elliott,Region E
CPT-04592,individual,Matthew Kelly,Region A
CPT-04593,individual,Robert Newman,Region C
CPT-04594,individual,Jessica Carr,Region E
CPT-04595,individual,Amy Green,Region D
CPT-04596,individual,Jeffery Sanchez,Region C
CPT-04597,individual,Maureen Jones,Region D
CPT-04598,individual,Richard Torres,Region B
CPT-04599,individual,Jennifer Kirk,Region A
CPT-04600,individual,Kristi Young,Region E
CPT-04601,individual,Richard Glenn,Region B
CPT-04602,individual,Jamie King,Region B
CPT-04603,individual,James Washington,Region F
CPT-04604,individual,Emily Williams,Region B
CPT-04605,individual,Jenna Brown,Region D
CPT-04606,individual,Christopher Thomas,Region A
CPT-04607,individual,Cynthia Castro,Region F
CPT-04608,individual,Charles Clark,Region A
CPT-04609,individual,Tiffany Parker,Region E
CPT-04610,individual,Joseph Giles,Region B
CPT-04611,individual,Thomas Baxter,Region F
CPT-04612,individual,Linda Marquez,Region A
CPT-04613,individual,Wanda West,Region C
CPT-04614,individual,Gabrielle Palmer,Region A
CPT-04615,individual,Tanya Tyler,Region E
CPT-04616,individual,Daniel Walker,Region F
CPT-04617,individual,Leslie Lopez,Region E
CPT-04618,individual,Samantha Gutierrez,Region C
CPT-04619,individual,Brittany Stewart,Region D
CPT-04620,individual,Daniel Brown,Region D
CPT-04621,individual,Tiffany Carroll,Region E
CPT-04622,individual,Paul Calderon,Region C
CPT-04623,individual,Jason Lopez,Region A
CPT-04624,individual,George Miller,Region B
CPT-04625,individual,David Hudson,Region A
CPT-04626,individual,Erica Moore,Region B
CPT-04627,individual,Brenda Tucker,Region E
CPT-04628,individual,John White,Region F
CPT-04629,individual,Sarah Brennan,Region B
CPT-04630,individual,Travis Newton,Region B
CPT-04631,individual,Alexander Price,Region F
CPT-04632,individual,Thomas Schwartz,Region D
CPT-04633,individual,Ryan Taylor,Region F
CPT-04634,individual,Patricia Vang,Region A
CPT-04635,individual,Joseph Solomon,Region C
CPT-04636,individual,Antonio Myers,Region E
CPT-04637,individual,Brian Cervantes,Region D
CPT-04638,individual,John Johnson,Region F
CPT-04639,individual,Nicholas Petersen,Region D
CPT-04640,individual,Jessica Snow,Region C
CPT-04641,individual,Douglas Robinson,Region B
CPT-04642,individual,Nicole Myers,Region F
CPT-04643,individual,Sally King,Region F
CPT-04644,individual,Brittany Hall,Region D
CPT-04645,individual,Dakota Andrews,Region E
CPT-04646,individual,Edwin Johns,Region A
CPT-04647,individual,Tina Espinoza,Region F
CPT-04648,individual,Amy Mosley,Region F
CPT-04649,individual,Richard Gonzales,Region E
CPT-04650,individual,Scott Jones,Region A
CPT-04651,individual,Ashley George,Region D
CPT-04652,individual,Rhonda Woodward,Region B
CPT-04653,individual,Robert Park,Region B
CPT-04654,individual,Nicole Obrien,Region C
CPT-04655,individual,Andrea Turner,Region F
CPT-04656,individual,Trevor Conley,Region D
CPT-04657,individual,Hannah Noble,Region E
CPT-04658,individual,Madison Smith,Region C
CPT-04659,individual,Paige Williams,Region C
CPT-04660,individual,Zachary Hardy,Region C
CPT-04661,individual,Michael Miller,Region C
CPT-04662,individual,Judith Soto,Region C
CPT-04663,individual,Matthew Johnson,Region A
CPT-04664,individual,Cynthia Rodriguez,Region A
CPT-04665,individual,Andrea Allen,Region A
CPT-04666,individual,Francisco Valenzuela,Region B
CPT-04667,individual,Ashley Young,Region E
CPT-04668,individual,Stephanie Smith,Region E
CPT-04669,individual,Melissa Murphy,Region C
CPT-04670,individual,Katie Mcclain,Region E
CPT-04671,individual,Kristin Davis,Region E
CPT-04672,individual,Taylor Villarreal,Region C
CPT-04673,individual,Kristine Kemp,Region E
CPT-04674,individual,Jesse Cortez,Region F
CPT-04675,individual,Danielle Ward,Region A
CPT-04676,individual,Michelle Bryant,Region D
CPT-04677,individual,Adam Pham,Region B
CPT-04678,individual,Micheal Spencer,Region B
CPT-04679,individual,Chad Moore,Region D
CPT-04680,individual,Colleen Baker,Region A
CPT-04681,individual,Robert Joseph,Region A
CPT-04682,individual,Sara Weaver,Region F
CPT-04683,individual,Andrew Gonzales,Region E
CPT-04684,individual,Mary Young,Region C
CPT-04685,individual,Christopher Alvarez,Region C
CPT-04686,individual,Gregory Garcia,Region F
CPT-04687,individual,Stephanie Cooper,Region D
CPT-04688,individual,Kyle Pham,Region D
CPT-04689,individual,Morgan Gutierrez,Region D
CPT-04690,individual,Anthony Smith,Region F
CPT-04691,individual,Bailey Walker,Region A
CPT-04692,individual,Joshua Kemp,Region E
CPT-04693,individual,Elizabeth Mueller,Region B
CPT-04694,individual,Anthony Rivera,Region F
CPT-04695,individual,Morgan Eaton,Region F
CPT-04696,individual,Melissa Chambers,Region E
CPT-04697,individual,Jennifer Jensen,Region B
CPT-04698,individual,Rebecca White,Region D
CPT-04699,individual,Charles Brown,Region B
CPT-04700,individual,Marcus Wood,Region B
CPT-04701,individual,Mr. William Burns,Region B
CPT-04702,individual,Valerie Brooks,Region A
CPT-04703,individual,Charles Lee,Region A
CPT-04704,individual,Terry Copeland,Region A
CPT-04705,individual,Raymond Huerta,Region B
CPT-04706,individual,Austin Browning,Region D
CPT-04707,individual,Ann Wilson,Region B
CPT-04708,individual,Travis Cox,Region C
CPT-04709,individual,Christina Crawford,Region E
CPT-04710,individual,Angela Stephens,Region E
CPT-04711,individual,Jason Chang,Region C
CPT-04712,individual,David Robertson,Region E
CPT-04713,individual,Nicole Jennings,Region C
CPT-04714,individual,Joshua Murray,Region E
CPT-04715,individual,Marissa Valdez,Region B
CPT-04716,individual,Jillian Higgins,Region E
CPT-04717,individual,Tommy Gonzalez,Region D
CPT-04718,individual,Randy Turner,Region B
CPT-04719,individual,Beth Miles,Region F
CPT-04720,individual,Lynn Sanders,Region E
CPT-04721,individual,Chad Dean,Region D
CPT-04722,individual,Craig Gibson,Region D
CPT-04723,individual,Kimberly Richardson,Region D
CPT-04724,individual,Holly Wright DDS,Region E
CPT-04725,individual,Rose Rojas,Region A
CPT-04726,individual,Robert Morales,Region E
CPT-04727,individual,Lawrence Bell,Region C
CPT-04728,individual,Amy Blanchard,Region B
CPT-04729,individual,Taylor Miller,Region D
CPT-04730,individual,Eric Miller,Region B
CPT-04731,individual,Michael Cohen,Region D
CPT-04732,individual,Jose Johns,Region F
CPT-04733,individual,Christina Baker,Region F
CPT-04734,individual,Walter Hines,Region B
CPT-04735,individual,Lori Nguyen,Region C
CPT-04736,individual,Kathleen Luna,Region A
CPT-04737,individual,Angela Hill,Region D
CPT-04738,individual,Juan Kelly,Region F
CPT-04739,individual,Mr. William Mccormick,Region E
CPT-04740,individual,Timothy Olson,Region B
CPT-04741,individual,Edward Odonnell,Region D
CPT-04742,individual,Joseph Medina,Region F
CPT-04743,individual,Douglas Black,Region A
CPT-04744,individual,Roy Mitchell,Region E
CPT-04745,individual,Shannon Ballard,Region B
CPT-04746,individual,Jody Campos,Region A
CPT-04747,individual,Megan Woods MD,Region B
CPT-04748,individual,Phillip Hernandez,Region A
CPT-04749,individual,Kimberly Nunez,Region D
CPT-04750,individual,Cory Miller,Region F
CPT-04751,individual,Vanessa Patel,Region B
CPT-04752,individual,Terri Smith,Region A
CPT-04753,individual,Robert Anderson,Region E
CPT-04754,individual,Anita Floyd,Region B
CPT-04755,individual,Timothy Bowen,Region B
CPT-04756,individual,Scott Mitchell,Region A
CPT-04757,individual,Todd Lawson,Region C
CPT-04758,individual,David Mccarthy,Region E
CPT-04759,individual,Sharon Garcia,Region E
CPT-04760,individual,Patty Jones,Region D
CPT-04761,individual,Jason Wood,Region F
CPT-04762,individual,Kimberly White,Region A
CPT-04763,individual,Jeffrey Winters,Region C
CPT-04764,individual,Debra Werner DDS,Region D
CPT-04765,individual,Amanda Jones,Region A
CPT-04766,individual,Andrea Haynes,Region D
CPT-04767,individual,Sandra Herrera,Region C
CPT-04768,individual,Juan Wilson,Region C
CPT-04769,individual,Mr. Gavin Reyes Jr.,Region E
CPT-04770,individual,Kelly Moore,Region B
CPT-04771,individual,Mrs. Courtney Estrada,Region B
CPT-04772,individual,Joseph Campos,Region C
CPT-04773,individual,Susan Meza,Region A
CPT-04774,individual,Eddie Lewis,Region F
CPT-04775,individual,Samantha Tate,Region F
CPT-04776,individual,Holly Myers,Region E
CPT-04777,individual,Kelly Oconnell,Region D
CPT-04778,individual,Zachary Kelly,Region A
CPT-04779,individual,Charles Reynolds,Region C
CPT-04780,individual,Scott Shannon,Region A
CPT-04781,individual,Laura Hernandez,Region F
CPT-04782,individual,Nathan Rivers,Region B
CPT-04783,individual,Alice Martin,Region B
CPT-04784,individual,Mary Davies,Region D
CPT-04785,individual,Anthony Davis PhD,Region A
CPT-04786,individual,Justin Garcia,Region C
CPT-04787,individual,Jennifer Rhodes,Region B
CPT-04788,individual,Marissa Mcclure,Region B
CPT-04789,individual,Cynthia Bailey,Region C
CPT-04790,individual,Sara Thomas,Region F
CPT-04791,individual,Justin Harmon,Region A
CPT-04792,individual,Annette Brewer,Region A
CPT-04793,individual,Joseph Johnson,Region F
CPT-04794,individual,Mark Burke,Region B
CPT-04795,individual,Sharon Hall,Region F
CPT-04796,individual,Matthew Lewis,Region C
CPT-04797,individual,Johnny Burns,Region B
CPT-04798,individual,Dominique Friedman,Region A
CPT-04799,individual,Calvin David,Region E
CPT-04800,individual,Joshua Richards,Region C
CPT-04801,individual,Kayla Gonzalez,Region E
CPT-04802,individual,Nathan Davies,Region A
CPT-04803,individual,Derek Butler,Region F
CPT-04804,individual,Jay Olson,Region F
CPT-04805,individual,Annette Houston,Region C
CPT-04806,individual,Laura Torres,Region A
CPT-04807,individual,Michael Jordan,Region F
CPT-04808,individual,Michael Carrillo,Region C
CPT-04809,individual,Brenda Mckinney,Region F
CPT-04810,individual,Mary Ball,Region C
CPT-04811,individual,Colleen Berg,Region A
CPT-04812,individual,Daniel Rodriguez,Region D
CPT-04813,individual,Carla Martin,Region E
CPT-04814,individual,Kim Smith,Region E
CPT-04815,individual,Patrick Mendez,Region B
CPT-04816,individual,Jeremy Hutchinson,Region A
CPT-04817,individual,David Lambert,Region C
CPT-04818,individual,Elizabeth Ruiz,Region D
CPT-04819,individual,Brandon Schmidt,Region D
CPT-04820,individual,Misty Mitchell,Region B
CPT-04821,individual,Derek Perkins,Region E
CPT-04822,individual,Stephanie Coleman,Region D
CPT-04823,individual,Jennifer Johnson,Region E
CPT-04824,individual,Corey Johnson,Region D
CPT-04825,individual,Anthony Huff,Region F
CPT-04826,individual,Chloe Jackson,Region A
CPT-04827,individual,Kimberly Reid,Region F
CPT-04828,individual,Melody Clark,Region A
CPT-04829,individual,Jason Hawkins,Region E
CPT-04830,individual,Elizabeth Miller,Region A
CPT-04831,individual,Brett Silva,Region F
CPT-04832,individual,Erika Smith,Region C
CPT-04833,individual,Steven Williams,Region A
CPT-04834,individual,Steven Meyers,Region C
CPT-04835,individual,Caleb Hancock,Region C
CPT-04836,individual,Joseph King,Region A
CPT-04837,individual,Jennifer Walters,Region E
CPT-04838,individual,Taylor Myers,Region B
CPT-04839,individual,Charlene Parker,Region D
CPT-04840,individual,Courtney Padilla,Region A
CPT-04841,individual,Thomas Crawford,Region E
CPT-04842,individual,Jeff Thomas,Region C
CPT-04843,individual,Chad Jones,Region B
CPT-04844,individual,Mr. Adam Cox,Region E
CPT-04845,individual,David Joseph,Region D
CPT-04846,individual,Carrie Everett,Region C
CPT-04847,individual,Megan Gomez,Region B
CPT-04848,individual,Thomas Lopez,Region D
CPT-04849,individual,Victoria Hall,Region E
CPT-04850,individual,Linda Sutton,Region C
CPT-04851,individual,Lindsay Lynn,Region F
CPT-04852,individual,Jennifer Frederick,Region B
CPT-04853,individual,Jason Gomez,Region A
CPT-04854,individual,James Stevenson,Region F
CPT-04855,individual,Elizabeth Benjamin,Region C
CPT-04856,individual,Jessica Arnold,Region D
CPT-04857,individual,Victoria King,Region A
CPT-04858,individual,Vickie Riggs,Region B
CPT-04859,individual,Joshua Lawson,Region C
CPT-04860,individual,Jennifer Fisher,Region C
CPT-04861,individual,Sharon Leon,Region D
CPT-04862,individual,Nicholas Hart,Region B
CPT-04863,individual,William Nguyen,Region D
CPT-04864,individual,Roberto Delgado,Region C
CPT-04865,individual,Ann Anderson,Region E
CPT-04866,individual,David Lewis,Region E
CPT-04867,individual,Marcus Salas,Region A
CPT-04868,individual,Charles Rowe,Region C
CPT-04869,individual,Tonya Blair,Region F
CPT-04870,individual,Elizabeth Anderson,Region E
CPT-04871,individual,Paul Kim,Region D
CPT-04872,individual,Cassandra Smith,Region C
CPT-04873,individual,Janice Hendricks,Region A
CPT-04874,individual,Taylor Barry,Region D
CPT-04875,individual,Lauren Hamilton,Region B
CPT-04876,individual,Marie Smith,Region E
CPT-04877,individual,Gina Torres,Region A
CPT-04878,individual,Alejandro Rodriguez,Region E
CPT-04879,individual,Jonathan Matthews,Region C
CPT-04880,individual,Heather Mendez,Region F
CPT-04881,individual,John Smith MD,Region D
CPT-04882,individual,Edward Hunter,Region B
CPT-04883,individual,Paula Cox,Region E
CPT-04884,individual,Ashley Martin,Region E
CPT-04885,individual,Samantha Bridges,Region E
CPT-04886,individual,Victoria Mcfarland,Region C
CPT-04887,individual,Brian Ramos,Region A
CPT-04888,individual,Diana Boyer,Region B
CPT-04889,individual,Lauren Murphy,Region C
CPT-04890,individual,Travis Franklin,Region A
CPT-04891,individual,Keith Myers,Region E
CPT-04892,individual,William Vasquez,Region C
CPT-04893,individual,Dwayne Nelson,Region F
CPT-04894,individual,Mrs. Tiffany Wallace DVM,Region B
CPT-04895,individual,Brittany Mckenzie,Region C
CPT-04896,individual,Cristian Christensen,Region F
CPT-04897,individual,Stephanie Smith,Region D
CPT-04898,individual,April Vaughn,Region B
CPT-04899,individual,Mr. Samuel Long,Region A
CPT-04900,individual,Bobby Martin,Region D
CPT-04901,individual,Kerry Hill,Region D
CPT-04902,individual,David Mcdaniel,Region B
CPT-04903,individual,Frank Singh,Region F
CPT-04904,individual,Laura Butler,Region B
CPT-04905,individual,James Santana,Region B
CPT-04906,individual,Katie Rodriguez,Region A
CPT-04907,individual,Alexander Jackson,Region C
CPT-04908,individual,James Stanley,Region A
CPT-04909,individual,John Sanders,Region B
CPT-04910,individual,Tanya Hill,Region C
CPT-04911,individual,Michaela Thomas,Region C
CPT-04912,individual,Wanda Morales,Region E
CPT-04913,individual,Elijah Hernandez,Region B
CPT-04914,individual,Kevin Kramer,Region E
CPT-04915,individual,Phillip Brown MD,Region A
CPT-04916,individual,Richard Massey,Region D
CPT-04917,individual,Desiree Barton,Region B
CPT-04918,individual,Danielle Gregory,Region F
CPT-04919,individual,Connie Murphy,Region D
CPT-04920,individual,David Page,Region B
CPT-04921,individual,Brandon Walker,Region A
CPT-04922,individual,Ellen Flores,Region B
CPT-04923,individual,Cameron Glover,Region D
CPT-04924,individual,Evan Martin,Region D
CPT-04925,individual,Eric Simpson,Region F
CPT-04926,individual,Ryan Lloyd,Region A
CPT-04927,individual,Allen Hill,Region E
CPT-04928,individual,Lorraine Cole,Region F
CPT-04929,individual,Jeffrey Wong,Region E
CPT-04930,individual,Dawn Wheeler,Region D
CPT-04931,individual,Steven Miller,Region B
CPT-04932,individual,Yvette Walker,Region D
CPT-04933,individual,Lacey Skinner,Region C
CPT-04934,individual,Brianna Tucker,Region B
CPT-04935,individual,Amy Parks,Region A
CPT-04936,individual,Valerie Joyce,Region D
CPT-04937,individual,Renee Mendez,Region C
CPT-04938,individual,Brittany Carey,Region E
CPT-04939,individual,Laura Williams,Region C
CPT-04940,individual,Tommy Harper,Region A
CPT-04941,individual,Patricia Anderson,Region D
CPT-04942,individual,Shelby Fernandez,Region A
CPT-04943,individual,Nicole Marshall,Region B
CPT-04944,individual,Judy Hoffman,Region C
CPT-04945,individual,Colleen Dennis,Region B
CPT-04946,individual,Amanda Johnson,Region C
CPT-04947,individual,Charles Flores,Region D
CPT-04948,individual,Stephanie Johnson,Region A
CPT-04949,individual,Matthew Blevins,Region D
CPT-04950,individual,Theresa Allison,Region B
CPT-04951,individual,Briana Fitzpatrick,Region E
CPT-04952,individual,Cassandra Marsh,Region F
CPT-04953,individual,Joseph Wright,Region C
CPT-04954,individual,Tanya Howard,Region D
CPT-04955,individual,Brianna Jones,Region A
CPT-04956,individual,Brian Colon,Region D
CPT-04957,individual,Madison Cox,Region F
CPT-04958,individual,Gloria Stewart,Region E
CPT-04959,individual,Melissa Thomas,Region E
CPT-04960,individual,Lindsay Melendez,Region E
CPT-04961,individual,Charles Donovan,Region D
CPT-04962,individual,Larry Jackson,Region B
CPT-04963,individual,Robert Case,Region F
CPT-04964,individual,Vanessa Rojas,Region D
CPT-04965,individual,Henry Thomas,Region C
CPT-04966,individual,Shannon Clarke,Region C
CPT-04967,individual,Dawn Stevenson,Region A
CPT-04968,individual,Greg Leblanc,Region A
CPT-04969,individual,Molly Castro,Region A
CPT-04970,individual,Aaron Lee,Region B
CPT-04971,individual,Maria Rodriguez,Region C
CPT-04972,individual,Megan Jones,Region E
CPT-04973,individual,Dr. Nicole Ramirez MD,Region B
CPT-04974,individual,Alan Blair,Region B
CPT-04975,individual,Christopher Leonard,Region E
CPT-04976,individual,Cynthia Hernandez,Region B
CPT-04977,individual,Angela Cameron,Region D
CPT-04978,individual,Jennifer White,Region C
CPT-04979,individual,Alexis Sanchez,Region D
CPT-04980,individual,Claudia Thompson,Region C
CPT-04981,individual,Jennifer Rosales,Region C
CPT-04982,individual,Elizabeth Caldwell,Region D
CPT-04983,individual,Mrs. Janet Anderson,Region A
CPT-04984,individual,Jacob Jones,Region A
CPT-04985,individual,Steven Perkins,Region B
CPT-04986,individual,Rhonda Jackson,Region E
CPT-04987,individual,Lorraine Scott,Region F
CPT-04988,individual,Sonya Klein,Region F
CPT-04989,individual,Frances Jackson,Region E
CPT-04990,individual,Tiffany Rodriguez,Region E
CPT-04991,individual,Rebecca Koch,Region D
CPT-04992,individual,Brandon Hernandez,Region A
CPT-04993,individual,Mary Martin,Region E
CPT-04994,individual,Tommy Howard,Region B
CPT-04995,individual,Laura Rodriguez,Region D
CPT-04996,individual,Dawn Rowe,Region F
CPT-04997,individual,Monica Sherman,Region A
CPT-04998,individual,Robert Romero,Region F
CPT-04999,individual,Matthew Alvarez,Region D
CPT-05000,individual,Mark Johnson,Region A
CPT-05001,individual,William Watson,Region E
CPT-05002,individual,Daniel Walter,Region A
CPT-05003,individual,William Ibarra,Region B
CPT-05004,individual,Kiara Jackson,Region C
CPT-05005,individual,Hannah Campbell,Region C
CPT-05006,individual,Kevin Gonzalez,Region C
CPT-05007,individual,Latasha Foster,Region B
CPT-05008,individual,April Hoffman,Region A
CPT-05009,individual,Steven Jackson,Region A
CPT-05010,individual,Brandon Smith,Region A
CPT-05011,individual,Emily Wood,Region E
CPT-05012,individual,Kelly Sellers,Region C
CPT-05013,individual,Caitlin Compton,Region C
CPT-05014,individual,Kristina Perry,Region F
CPT-05015,individual,Brett Garcia,Region E
CPT-05016,individual,Joseph Marshall,Region C
CPT-05017,individual,Joseph Thomas,Region A
CPT-05018,individual,Michelle Brown,Region F
CPT-05019,individual,Ian Gonzalez,Region F
CPT-05020,individual,Nathan Herrera,Region C
CPT-05021,individual,Matthew Bell,Region C
CPT-05022,individual,Stephen Mckinney,Region F
CPT-05023,individual,Robert Goodman,Region F
CPT-05024,individual,Alexis Castro,Region C
CPT-05025,individual,Hector Miller,Region F
CPT-05026,individual,Malik Rogers,Region F
CPT-05027,individual,Patrick Watson,Region E
CPT-05028,individual,April Schneider,Region D
CPT-05029,individual,Stephen Holmes,Region F
CPT-05030,individual,Michelle Patel,Region C
CPT-05031,individual,Eric Jones,Region E
CPT-05032,individual,Bryan Young,Region B
CPT-05033,individual,Melissa Hansen,Region D
CPT-05034,individual,Joseph Strong,Region C
CPT-05035,individual,Darrell George,Region E
CPT-05036,individual,Aaron Jones,Region F
CPT-05037,individual,Patricia Long,Region B
CPT-05038,individual,Jenny Nichols,Region A
CPT-05039,individual,Terry Wood,Region E
CPT-05040,individual,Bryan Anthony,Region B
CPT-05041,individual,Jessica Lynch,Region F
CPT-05042,individual,Destiny Jenkins,Region C
CPT-05043,individual,Scott Henry,Region E
CPT-05044,individual,Sharon Jones,Region B
CPT-05045,individual,Jacqueline Perez,Region E
CPT-05046,individual,Melissa Taylor,Region A
CPT-05047,individual,Angela Forbes,Region D
CPT-05048,individual,James Reese,Region E
CPT-05049,individual,Vanessa Santos,Region D
CPT-05050,individual,Katie Martinez,Region E
CPT-05051,individual,Donna White,Region C
CPT-05052,individual,Leah Crawford,Region A
CPT-05053,individual,Joan Valdez,Region F
CPT-05054,individual,Ryan Parks,Region E
CPT-05055,individual,Lisa Martin,Region A
CPT-05056,individual,Tommy Anderson,Region C
CPT-05057,individual,Dennis Schwartz,Region E
CPT-05058,individual,Beverly Osborn,Region F
CPT-05059,individual,Michael Santos,Region A
CPT-05060,individual,Leslie Holder,Region C
CPT-05061,individual,Jennifer Gonzalez,Region E
CPT-05062,individual,April Richardson,Region E
CPT-05063,individual,Thomas Jackson,Region A
CPT-05064,individual,Nicholas Gomez,Region A
CPT-05065,individual,Christine King,Region C
CPT-05066,individual,Dakota Jensen,Region B
CPT-05067,individual,Matthew Hester,Region A
CPT-05068,individual,William Woods,Region F
CPT-05069,individual,Julie Davidson,Region C
CPT-05070,individual,Anna Pearson,Region D
CPT-05071,individual,Cory Hanson,Region A
CPT-05072,individual,Jordan Cooper,Region B
CPT-05073,individual,Carla Hardy,Region E
CPT-05074,individual,Martin Harris,Region E
CPT-05075,individual,Joseph Simmons,Region E
CPT-05076,individual,Frank Wallace,Region F
CPT-05077,individual,Matthew Mejia,Region C
CPT-05078,individual,Dan Lopez,Region D
CPT-05079,individual,David Lopez,Region E
CPT-05080,individual,Javier Butler,Region E
CPT-05081,individual,Brent Reid,Region E
CPT-05082,individual,Dorothy Nelson,Region E
CPT-05083,individual,Lisa Duke,Region F
CPT-05084,individual,Julie Haynes,Region E
CPT-05085,individual,John Johnson,Region C
CPT-05086,individual,Michelle Morales,Region A
CPT-05087,individual,Megan Davis,Region D
CPT-05088,individual,Kimberly Hill DDS,Region B
CPT-05089,individual,Keith Smith,Region A
CPT-05090,individual,Dylan Williams,Region A
CPT-05091,individual,Edwin Gallegos,Region A
CPT-05092,individual,Kaitlin Miller,Region F
CPT-05093,individual,Cynthia Davidson,Region A
CPT-05094,individual,Mrs. Heather Jackson MD,Region D
CPT-05095,individual,Amy Erickson,Region B
CPT-05096,individual,Jaime Hoover,Region B
CPT-05097,individual,Randy Richard,Region F
CPT-05098,individual,Laurie Jones,Region A
CPT-05099,individual,Natalie Smith,Region A
CPT-05100,individual,Judith Sullivan,Region F
CPT-05101,individual,Victoria Green,Region D
CPT-05102,individual,Jeremy Heath,Region B
CPT-05103,individual,Eddie Mclaughlin,Region E
CPT-05104,individual,Samantha Terry,Region A
CPT-05105,individual,Lisa Santos,Region C
CPT-05106,individual,Sara Kemp,Region F
CPT-05107,individual,Courtney Perez,Region F
CPT-05108,individual,Brian Kim,Region A
CPT-05109,individual,Kim Brown,Region F
CPT-05110,individual,Heather Contreras,Region D
CPT-05111,individual,Dr. Phillip Carpenter,Region E
CPT-05112,individual,Larry Bryan,Region A
CPT-05113,individual,Kari Huynh,Region E
CPT-05114,individual,John Huffman,Region E
CPT-05115,individual,Kathryn Graham,Region B
CPT-05116,individual,Nicholas Hudson,Region B
CPT-05117,individual,Elizabeth Snow,Region D
CPT-05118,individual,Amy Singh,Region D
CPT-05119,individual,Shannon Brown,Region B
CPT-05120,individual,Edwin Richmond,Region F
CPT-05121,individual,Lee Burke,Region F
CPT-05122,individual,Jacob Gonzales,Region A
CPT-05123,individual,Kathleen Murphy,Region B
CPT-05124,individual,Jessica Glass,Region B
CPT-05125,individual,Troy Johnson,Region D
CPT-05126,individual,Amy Miller,Region A
CPT-05127,individual,Jack Foster,Region F
CPT-05128,individual,Andrew Harmon,Region A
CPT-05129,individual,Joshua Davis,Region F
CPT-05130,individual,Robert Payne,Region A
CPT-05131,individual,Michelle Davila,Region B
CPT-05132,individual,Angela Mendoza,Region A
CPT-05133,individual,Mindy Russell,Region A
CPT-05134,individual,Laura Coleman,Region B
CPT-05135,individual,Tracy Snyder,Region D
CPT-05136,individual,Brianna Edwards,Region B
CPT-05137,individual,Kimberly Palmer,Region E
CPT-05138,individual,Jesse Mccoy III,Region A
CPT-05139,individual,Angela Coffey,Region D
CPT-05140,individual,Stephanie Miles,Region B
CPT-05141,individual,Benjamin Sexton,Region F
CPT-05142,individual,Francisco Fox,Region F
CPT-05143,individual,Sabrina Andrade,Region A
CPT-05144,individual,Stanley Mejia,Region B
CPT-05145,individual,Jenna Jackson,Region D
CPT-05146,individual,Christian Daniels,Region F
CPT-05147,individual,Taylor Hunter,Region F
CPT-05148,individual,Paul Wood,Region F
CPT-05149,individual,Evan Mason,Region F
CPT-05150,individual,Kayla Dixon,Region A
CPT-05151,individual,David Kelly,Region A
CPT-05152,individual,Melissa Smith,Region B
CPT-05153,individual,Casey Herrera,Region E
CPT-05154,individual,John Herrera,Region D
CPT-05155,individual,Katherine Wilson,Region F
CPT-05156,individual,Stephanie Ruiz,Region A
CPT-05157,individual,Melissa Neal,Region C
CPT-05158,individual,Stacy Fernandez,Region F
CPT-05159,individual,Haley Palmer,Region D
CPT-05160,individual,Sarah Rivers,Region A
CPT-05161,individual,Clayton Andrews,Region D
CPT-05162,individual,Amy Pugh,Region C
CPT-05163,individual,Amanda Cross,Region B
CPT-05164,individual,Lisa Stone,Region B
CPT-05165,individual,Mrs. Dawn Butler,Region B
CPT-05166,individual,Lisa Holden,Region D
CPT-05167,individual,Colin Parker,Region C
CPT-05168,individual,Sara Chambers,Region F
CPT-05169,individual,Sara Lane,Region F
CPT-05170,individual,James Brown,Region F
CPT-05171,individual,Michael Weber,Region D
CPT-05172,individual,Erica Lee,Region B
CPT-05173,individual,Derek Mitchell,Region E
CPT-05174,individual,Lisa Myers,Region D
CPT-05175,individual,Timothy Burns,Region F
CPT-05176,individual,Noah Powell,Region A
CPT-05177,individual,Eddie Page,Region D
CPT-05178,individual,Shirley Bridges,Region C
CPT-05179,individual,Bryan Jordan,Region F
CPT-05180,individual,James Lewis,Region D
CPT-05181,individual,Kristen Wagner,Region D
CPT-05182,individual,Tyler Dickson,Region C
CPT-05183,individual,Kelly Wilson,Region D
CPT-05184,individual,Thomas Kennedy,Region A
CPT-05185,individual,Emily Alvarado,Region F
CPT-05186,individual,Kenneth Murphy,Region D
CPT-05187,individual,Robert Hanna,Region E
CPT-05188,individual,Nicholas Horton,Region C
CPT-05189,individual,Megan Stevens,Region E
CPT-05190,individual,Judith Gibson,Region B
CPT-05191,individual,Kristen Thomas,Region E
CPT-05192,individual,Theresa Carpenter,Region A
CPT-05193,individual,Donna Smith,Region F
CPT-05194,individual,William Howe,Region A
CPT-05195,individual,Gregory Ryan,Region A
CPT-05196,individual,Stacey Davidson,Region E
CPT-05197,individual,Mr. Barry Griffin PhD,Region B
CPT-05198,individual,Connie Thomas,Region D
CPT-05199,individual,Matthew Lyons,Region E
CPT-05200,individual,Juan Aguilar,Region B
CPT-05201,individual,Eugene Kirby,Region C
CPT-05202,individual,Tara Mcpherson,Region E
CPT-05203,individual,John Dunn,Region A
CPT-05204,individual,Melissa Wagner,Region B
CPT-05205,individual,Lori Smith,Region C
CPT-05206,individual,Yolanda Hernandez,Region C
CPT-05207,individual,Anthony Walker,Region C
CPT-05208,individual,Christopher James,Region D
CPT-05209,individual,Angela Jones,Region C
CPT-05210,individual,Anita Brown,Region A
CPT-05211,individual,Keith Benson,Region C
CPT-05212,individual,Thomas Williams,Region A
CPT-05213,individual,Kelly Herring,Region E
CPT-05214,individual,Nancy Smith,Region C
CPT-05215,individual,Jason Robinson,Region F
CPT-05216,individual,Aaron Campbell,Region B
CPT-05217,individual,Edward Washington,Region F
CPT-05218,individual,Henry Barrett,Region B
CPT-05219,individual,Chad Brown,Region C
CPT-05220,individual,Tiffany Miller,Region D
CPT-05221,individual,Ariel Bradford,Region B
CPT-05222,individual,Jesse Matthews,Region C
CPT-05223,individual,Matthew Vasquez,Region C
CPT-05224,individual,Linda Cruz,Region B
CPT-05225,individual,Timothy Boyle,Region B
CPT-05226,individual,Christina Brown,Region F
CPT-05227,individual,Robert Robertson,Region B
CPT-05228,individual,Christopher Morgan,Region E
CPT-05229,individual,Kevin Clark,Region A
CPT-05230,individual,Adam Rojas,Region A
CPT-05231,individual,Gabriel Romero,Region A
CPT-05232,individual,Whitney Patrick,Region B
CPT-05233,individual,Dale Brewer,Region B
CPT-05234,individual,Joseph Santos,Region E
CPT-05235,individual,Andrew Hale,Region F
CPT-05236,individual,John Wilson,Region F
CPT-05237,individual,Thomas Allen,Region C
CPT-05238,individual,Trevor Smith,Region E
CPT-05239,individual,Chris Ramsey,Region E
CPT-05240,individual,Steven Nelson,Region F
CPT-05241,individual,Kelly Hester,Region F
CPT-05242,individual,Jeffrey Shields,Region E
CPT-05243,individual,Anthony Rodriguez,Region A
CPT-05244,individual,Bobby Castillo,Region F
CPT-05245,individual,Lisa Martin,Region A
CPT-05246,individual,Travis Rush,Region D
CPT-05247,individual,Robert Lee,Region E
CPT-05248,individual,Leah White,Region B
CPT-05249,individual,Rebecca Riddle,Region A
CPT-05250,individual,Donald Clark,Region D
CPT-05251,individual,Brooke Gray,Region F
CPT-05252,individual,Raymond Parrish,Region F
CPT-05253,individual,John Paul,Region C
CPT-05254,individual,Alejandro Smith,Region D
CPT-05255,individual,Christopher Shepherd,Region A
CPT-05256,individual,Jessica Blanchard,Region B
CPT-05257,individual,Carrie Maxwell,Region C
CPT-05258,individual,Melissa Clark,Region B
CPT-05259,individual,Melissa Cortez,Region D
CPT-05260,individual,Grace Clark,Region C
CPT-05261,individual,Brittany Baker,Region D
CPT-05262,individual,Kari Mcdonald,Region A
CPT-05263,individual,David Proctor,Region B
CPT-05264,individual,Ashley Mayo MD,Region E
CPT-05265,individual,Christopher Schmidt,Region C
CPT-05266,individual,Margaret Wilson,Region B
CPT-05267,individual,Kelly Harrington,Region C
CPT-05268,individual,Barry Bond,Region B
CPT-05269,individual,Mario May,Region C
CPT-05270,individual,Robert English,Region C
CPT-05271,individual,Nancy Graham,Region C
CPT-05272,individual,Anthony Martinez,Region C
CPT-05273,individual,Tracy Delgado,Region B
CPT-05274,individual,Kara Johnson,Region A
CPT-05275,individual,Andrew Green,Region F
CPT-05276,individual,Margaret Joyce,Region F
CPT-05277,individual,Christine King,Region F
CPT-05278,individual,Marilyn Ochoa,Region A
CPT-05279,individual,Steven Arnold,Region F
CPT-05280,individual,Lori Murray,Region F
CPT-05281,individual,Mary Kim,Region D
CPT-05282,individual,Danielle Wilson,Region F
CPT-05283,individual,Andres Pearson,Region C
CPT-05284,individual,David Williams Jr.,Region D
CPT-05285,individual,Kyle Davis,Region C
CPT-05286,individual,Donald Reed,Region E
CPT-05287,individual,George Johns,Region F
CPT-05288,individual,Suzanne Phillips,Region D
CPT-05289,individual,Thomas Jackson,Region A
CPT-05290,individual,Rhonda Reese,Region B
CPT-05291,individual,Lori Johnson,Region C
CPT-05292,individual,Molly Lee,Region F
CPT-05293,individual,Jessica Owens,Region A
CPT-05294,individual,Dominic Kelley,Region A
CPT-05295,individual,Kayla Potter,Region B
CPT-05296,individual,Kim Duffy,Region C
CPT-05297,individual,Kenneth Todd,Region E
CPT-05298,individual,Brandy Hebert,Region A
CPT-05299,individual,Sandra Contreras DDS,Region E
CPT-05300,individual,Jessica Duarte,Region A
CPT-05301,individual,Brian Morse,Region E
CPT-05302,individual,Jason Foley,Region D
CPT-05303,individual,Ann Medina,Region E
CPT-05304,individual,Jason Wade,Region A
CPT-05305,individual,Timothy Smith,Region B
CPT-05306,individual,Joshua Hardin,Region E
CPT-05307,individual,Kimberly Mosley,Region C
CPT-05308,individual,Angela Carroll,Region E
CPT-05309,individual,Mr. Charles Williams,Region E
CPT-05310,individual,Robert Wilson,Region C
CPT-05311,individual,Jennifer Mendez,Region C
CPT-05312,individual,James Sparks,Region B
CPT-05313,individual,Ryan Martinez,Region A
CPT-05314,individual,Daniel Monroe,Region B
CPT-05315,individual,Susan Bryant,Region B
CPT-05316,individual,Frederick Schmitt,Region D
CPT-05317,individual,Daniel Turner,Region D
CPT-05318,individual,Mary Smith,Region D
CPT-05319,individual,Thomas Waller,Region D
CPT-05320,individual,Richard Long,Region E
CPT-05321,individual,Helen Smith,Region F
CPT-05322,individual,Bryan Mclean,Region C
CPT-05323,individual,Laura Davis,Region F
CPT-05324,individual,Mrs. Andrea Smith DDS,Region F
CPT-05325,individual,Shawn Miller,Region D
CPT-05326,individual,Peter Miller,Region A
CPT-05327,individual,Kimberly Morris,Region E
CPT-05328,individual,Erika Ingram,Region F
CPT-05329,individual,Steven Morales,Region D
CPT-05330,individual,Ashley Freeman,Region B
CPT-05331,individual,Carol Parker,Region A
CPT-05332,individual,Ashley Greene,Region E
CPT-05333,individual,John Padilla,Region E
CPT-05334,individual,Michael Moon,Region A
CPT-05335,individual,John Sutton,Region E
CPT-05336,individual,Tammy Jackson,Region A
CPT-05337,individual,Natasha Patton,Region F
CPT-05338,individual,Nancy Wyatt,Region C
CPT-05339,individual,Ebony Wade,Region E
CPT-05340,individual,Dr. Angelica Smith,Region C
CPT-05341,individual,Rebecca Glenn,Region F
CPT-05342,individual,Timothy Day,Region C
CPT-05343,individual,Timothy Martin,Region F
CPT-05344,individual,Mrs. Morgan Everett,Region D
CPT-05345,individual,Anthony Silva,Region F
CPT-05346,individual,Michelle Rubio,Region D
CPT-05347,individual,Eric Higgins,Region A
CPT-05348,individual,Jeffrey Bradford,Region E
CPT-05349,individual,Matthew Schaefer,Region C
CPT-05350,individual,Valerie Brown,Region D
CPT-05351,individual,Ryan Lane,Region D
CPT-05352,individual,Daniel Mueller,Region C
CPT-05353,individual,Angela Mcdaniel,Region F
CPT-05354,individual,Julie King,Region D
CPT-05355,individual,Dean Odonnell,Region E
CPT-05356,individual,Joseph Walsh,Region B
CPT-05357,individual,Cheryl Ballard,Region A
CPT-05358,individual,Angela Jones,Region F
CPT-05359,individual,Ashley Compton,Region A
CPT-05360,individual,Kayla Williams,Region C
CPT-05361,individual,Edward Brown,Region E
CPT-05362,individual,John Kim,Region C
CPT-05363,individual,Rachel Ayala,Region E
CPT-05364,individual,Adrienne Schultz,Region E
CPT-05365,individual,Katherine Ayala,Region E
CPT-05366,individual,Benjamin Davidson,Region D
CPT-05367,individual,Rachael Lloyd,Region B
CPT-05368,individual,Zachary Holden,Region B
CPT-05369,individual,Anna Jackson,Region C
CPT-05370,individual,David Davis,Region A
CPT-05371,individual,Jessica Johnson,Region C
CPT-05372,individual,Jonathan Tyler,Region E
CPT-05373,individual,Paula Hale,Region C
CPT-05374,individual,Cheryl Hawkins,Region F
CPT-05375,individual,David Wolfe,Region C
CPT-05376,individual,Barry Stone,Region A
CPT-05377,individual,Wendy Nelson,Region D
CPT-05378,individual,Dana Jones,Region F
CPT-05379,individual,Desiree Bishop,Region F
CPT-05380,individual,Garrett Miller,Region B
CPT-05381,individual,Julie Moss,Region E
CPT-05382,individual,Andrew Wyatt,Region D
CPT-05383,individual,Allen Miranda,Region B
CPT-05384,individual,Kara Sanders,Region B
CPT-05385,individual,Wesley Brown,Region F
CPT-05386,individual,Emily Pugh,Region E
CPT-05387,individual,Pamela Whitaker,Region A
CPT-05388,individual,Julie Green,Region D
CPT-05389,individual,Katherine Doyle,Region C
CPT-05390,individual,Cheryl Smith,Region B
CPT-05391,individual,Felicia Hatfield,Region E
CPT-05392,individual,Edward Hammond,Region B
CPT-05393,individual,Lauren Kim,Region E
CPT-05394,individual,Regina Diaz,Region F
CPT-05395,individual,Isabella Kidd,Region E
CPT-05396,individual,Mallory Lewis,Region F
CPT-05397,individual,Bryan Adams,Region A
CPT-05398,individual,Kaitlyn Lopez,Region C
CPT-05399,individual,Amy Mccoy,Region B
CPT-05400,individual,Kenneth Miller,Region B
CPT-05401,individual,Ashley Rodriguez,Region A
CPT-05402,individual,Henry Douglas,Region C
CPT-05403,individual,Wayne Hamilton,Region D
CPT-05404,individual,Mike Williams,Region A
CPT-05405,individual,Ashley Cox,Region C
CPT-05406,individual,Jessica Greer,Region E
CPT-05407,individual,Stacy Sheppard,Region D
CPT-05408,individual,Michael Bennett,Region F
CPT-05409,individual,Elizabeth Williams,Region C
CPT-05410,individual,Jacqueline White,Region C
CPT-05411,individual,Joseph Sanders,Region C
CPT-05412,individual,Jill Floyd,Region C
CPT-05413,individual,Steven Farmer,Region A
CPT-05414,individual,Suzanne Quinn,Region D
CPT-05415,individual,Robin Mcgee,Region E
CPT-05416,individual,Debra Bates,Region E
CPT-05417,individual,Jose Taylor,Region B
CPT-05418,individual,Brian Hernandez,Region B
CPT-05419,individual,Henry Castro,Region B
CPT-05420,individual,Katherine Hernandez,Region D
CPT-05421,individual,Aaron Martinez,Region C
CPT-05422,individual,Megan Williams,Region D
CPT-05423,individual,Nicole Reyes,Region F
CPT-05424,individual,Catherine Garcia,Region D
CPT-05425,individual,Mark Mcdowell,Region B
CPT-05426,individual,Johnny King,Region F
CPT-05427,individual,Brenda Rice,Region D
CPT-05428,individual,Frank Carroll,Region D
CPT-05429,individual,Justin Brown,Region D
CPT-05430,individual,Stacy Johnson,Region D
CPT-05431,individual,Bradley Henderson,Region D
CPT-05432,individual,Brian Hunt,Region B
CPT-05433,individual,Christopher Reed,Region A
CPT-05434,individual,Laura Day,Region D
CPT-05435,individual,Joseph Ford,Region B
CPT-05436,individual,Jennifer Long,Region A
CPT-05437,individual,Jill Bowen,Region E
CPT-05438,individual,Brett Schultz,Region B
CPT-05439,individual,Melinda Jackson,Region A
CPT-05440,individual,Arthur Anderson,Region F
CPT-05441,individual,Cameron Simpson,Region E
CPT-05442,individual,Cody Cook,Region C
CPT-05443,individual,Eric Estes,Region F
CPT-05444,individual,Michael Price,Region F
CPT-05445,individual,Ronald Adams,Region D
CPT-05446,individual,Brett Davies,Region F
CPT-05447,individual,Wayne Palmer,Region A
CPT-05448,individual,Robert Jones,Region A
CPT-05449,individual,Kenneth Thompson,Region D
CPT-05450,individual,Michael Mcknight,Region F
CPT-05451,individual,Joy Thompson,Region C
CPT-05452,individual,Michael Ryan,Region B
CPT-05453,individual,Robert Wood,Region D
CPT-05454,individual,Douglas Moses,Region E
CPT-05455,individual,Christopher Everett,Region E
CPT-05456,individual,Douglas Watkins,Region A
CPT-05457,individual,Jon Wilson DDS,Region F
CPT-05458,individual,Mrs. Shannon Carlson,Region B
CPT-05459,individual,Christopher Zimmerman,Region D
CPT-05460,individual,Robert Deleon,Region E
CPT-05461,individual,Michael Wilson,Region F
CPT-05462,individual,Craig Lawson,Region B
CPT-05463,individual,David Gomez,Region E
CPT-05464,individual,Daisy Jones,Region D
CPT-05465,individual,Zachary White,Region E
CPT-05466,individual,Nathan Juarez,Region D
CPT-05467,individual,Lauren Thomas,Region D
CPT-05468,individual,Vanessa Burnett,Region B
CPT-05469,individual,Kelsey Martinez,Region B
CPT-05470,individual,Daniel Franklin,Region B
CPT-05471,individual,Rachel Gomez,Region C
CPT-05472,individual,Lisa Davis,Region F
CPT-05473,individual,Bianca Austin,Region D
CPT-05474,individual,Tracey Williams,Region C
CPT-05475,individual,Lori Stuart,Region D
CPT-05476,individual,Chad Mitchell,Region A
CPT-05477,individual,Heather Harper,Region A
CPT-05478,individual,Linda Gordon,Region C
CPT-05479,individual,Gary Garcia,Region C
CPT-05480,individual,Crystal Vargas,Region C
CPT-05481,individual,Alexander Reid,Region E
CPT-05482,individual,Troy Ross,Region D
CPT-05483,individual,Tiffany Lewis,Region E
CPT-05484,individual,Erik Summers,Region C
CPT-05485,individual,Anthony Fox,Region F
CPT-05486,individual,Laura Booth,Region F
CPT-05487,individual,Jessica Miller,Region C
CPT-05488,individual,Jane Nunez,Region B
CPT-05489,individual,Theresa Baker,Region B
CPT-05490,individual,Vanessa Johnson MD,Region F
CPT-05491,individual,Bryan Hill,Region B
CPT-05492,individual,Joshua Garcia,Region F
CPT-05493,individual,Michael Walters,Region E
CPT-05494,individual,Eric Campbell,Region C
CPT-05495,individual,Tony Adkins,Region C
CPT-05496,individual,William Russell,Region A
CPT-05497,individual,James Miller,Region B
CPT-05498,individual,Luis Cherry,Region B
CPT-05499,individual,Suzanne Ward,Region F
CPT-05500,individual,Karen Reed,Region F
CPT-05501,individual,Andrew Gonzalez,Region E
CPT-05502,individual,Michael Chase,Region A
CPT-05503,individual,Robert Kim,Region E
CPT-05504,individual,Joseph Perez,Region A
CPT-05505,individual,Michael Jackson,Region C
CPT-05506,individual,Daniel Bennett,Region F
CPT-05507,individual,Jennifer Turner,Region D
CPT-05508,individual,Katrina Jones,Region A
CPT-05509,individual,Stephanie Clark,Region D
CPT-05510,individual,Susan Ortiz,Region D
CPT-05511,individual,Jason Thomas,Region B
CPT-05512,individual,Anthony Rogers,Region C
CPT-05513,individual,Lucas Watts,Region D
CPT-05514,individual,Laura Rodriguez MD,Region A
CPT-05515,individual,Craig Macias,Region D
CPT-05516,individual,Sarah Osborne,Region B
CPT-05517,individual,Sarah Ruiz,Region F
CPT-05518,individual,Victoria Marshall,Region E
CPT-05519,individual,Janet Fitzgerald,Region F
CPT-05520,individual,Nicholas Smith,Region D
CPT-05521,individual,James Duncan,Region C
CPT-05522,individual,Alejandro Atkinson,Region D
CPT-05523,individual,Gregory Garcia,Region C
CPT-05524,individual,Vanessa Smith,Region F
CPT-05525,individual,Stephanie Shaw,Region F
CPT-05526,individual,James Joseph,Region C
CPT-05527,individual,Mrs. Kristin Stanley,Region B
CPT-05528,individual,Jenny Torres,Region C
CPT-05529,individual,Megan Long,Region D
CPT-05530,individual,Ronald Stewart,Region D
CPT-05531,individual,Willie Fisher,Region D
CPT-05532,individual,Brittany Johnston,Region E
CPT-05533,individual,Scott Martin,Region A
CPT-05534,individual,Scott Robinson,Region D
CPT-05535,individual,Victoria Hood,Region C
CPT-05536,individual,Brian Proctor,Region D
CPT-05537,individual,Renee King,Region E
CPT-05538,individual,Randall Dyer,Region F
CPT-05539,individual,Karen Williams,Region F
CPT-05540,individual,Dawn Harrison,Region F
CPT-05541,individual,Barbara Moore,Region E
CPT-05542,individual,Debra Gardner,Region B
CPT-05543,individual,Robin Valencia,Region B
CPT-05544,individual,Kevin Mcmahon,Region C
CPT-05545,individual,Donald Kelley,Region D
CPT-05546,individual,Brandy White,Region D
CPT-05547,individual,Alexander Coleman DVM,Region B
CPT-05548,individual,Amy George,Region A
CPT-05549,individual,Susan Davenport,Region E
CPT-05550,individual,Megan Davis,Region F
CPT-05551,individual,Mary Miller,Region C
CPT-05552,individual,Beth Foster,Region B
CPT-05553,individual,Jose Dunn,Region A
CPT-05554,individual,Alexander Erickson,Region C
CPT-05555,individual,Miguel Hernandez,Region F
CPT-05556,individual,Claudia Mccarthy,Region A
CPT-05557,individual,Aimee Thomas,Region E
CPT-05558,individual,Nicole Carpenter,Region D
CPT-05559,individual,Jacqueline Hernandez,Region F
CPT-05560,individual,Jerry Hogan,Region D
CPT-05561,individual,Melissa Hall DDS,Region E
CPT-05562,individual,Joshua Perez,Region D
CPT-05563,individual,Sonia Cobb,Region A
CPT-05564,individual,Steve Bell,Region A
CPT-05565,individual,Tammy Peterson,Region B
CPT-05566,individual,Anthony Long,Region E
CPT-05567,individual,Kathleen Torres,Region B
CPT-05568,individual,Larry Lawson,Region E
CPT-05569,individual,Melissa Gould,Region E
CPT-05570,individual,Stephen Clarke,Region E
CPT-05571,individual,Leslie Jackson,Region E
CPT-05572,individual,Arthur White,Region C
CPT-05573,individual,Darryl Thompson,Region D
CPT-05574,individual,Jesse Sanders,Region B
CPT-05575,individual,Renee Huerta,Region E
CPT-05576,individual,Jennifer Woods,Region E
CPT-05577,individual,Steven Griffin,Region A
CPT-05578,individual,James Knight,Region B
CPT-05579,individual,Dana Contreras,Region B
CPT-05580,individual,Steven Decker,Region C
CPT-05581,individual,Autumn Cook,Region A
CPT-05582,individual,Frank Williams,Region F
CPT-05583,individual,Randy Johnson,Region C
CPT-05584,individual,Terrence Orr,Region A
CPT-05585,individual,Erica Harris,Region C
CPT-05586,individual,Tony Henry,Region D
CPT-05587,individual,Nicholas Harper,Region E
CPT-05588,individual,Eric Koch,Region D
CPT-05589,individual,Jonathan Ray,Region C
CPT-05590,individual,Keith Ayers,Region B
CPT-05591,individual,Raven Watkins,Region C
CPT-05592,individual,Jennifer Jones,Region D
CPT-05593,individual,Micheal White,Region A
CPT-05594,individual,Christina Jones,Region F
CPT-05595,individual,Natalie Mcguire,Region B
CPT-05596,individual,Kenneth Hernandez,Region D
CPT-05597,individual,Tonya Jones,Region D
CPT-05598,individual,Laura Ferguson,Region B
CPT-05599,individual,Kathy Russell,Region B
CPT-05600,individual,Caitlin Sullivan,Region C
CPT-05601,individual,Nancy Boyd,Region A
CPT-05602,individual,Jessica Smith,Region C
CPT-05603,individual,Vanessa Miller,Region B
CPT-05604,individual,Brooke Olsen,Region B
CPT-05605,individual,Justin Hawkins,Region E
CPT-05606,individual,Alexis Alvarado,Region E
CPT-05607,individual,Andrea Sanchez,Region B
CPT-05608,individual,Elaine Jordan,Region B
CPT-05609,individual,John Chavez,Region C
CPT-05610,individual,Michael Copeland,Region B
CPT-05611,individual,Jamie Campos,Region C
CPT-05612,individual,Miss Tracy Tucker,Region D
CPT-05613,individual,Brandon Ewing,Region B
CPT-05614,individual,Charles Simon,Region C
CPT-05615,individual,Pamela Conner,Region D
CPT-05616,individual,Jeffery Burch,Region A
CPT-05617,individual,Jennifer Meadows,Region F
CPT-05618,individual,Brian Miller,Region D
CPT-05619,individual,Paul Sullivan,Region E
CPT-05620,individual,Shelley Wilson,Region E
CPT-05621,individual,Ryan Ellis,Region B
CPT-05622,individual,Isaac Choi,Region D
CPT-05623,individual,Eric Davis,Region F
CPT-05624,individual,Benjamin Trujillo,Region D
CPT-05625,individual,Brandi Cunningham,Region B
CPT-05626,individual,Deborah White,Region D
CPT-05627,individual,Patricia Vincent,Region E
CPT-05628,individual,Stephen Morales,Region C
CPT-05629,individual,Laura Smith,Region A
CPT-05630,individual,Jaime Lopez,Region F
CPT-05631,individual,Ellen Stout,Region F
CPT-05632,individual,Samantha Miller,Region B
CPT-05633,individual,Julia Smith,Region B
CPT-05634,individual,Mary Ramirez,Region B
CPT-05635,individual,Anne Wilson,Region A
CPT-05636,individual,Tina Townsend,Region C
CPT-05637,individual,John Martin,Region B
CPT-05638,individual,Blake Daniels,Region B
CPT-05639,individual,Mary Munoz,Region C
CPT-05640,individual,Jessica Smith,Region F
CPT-05641,individual,Noah Wheeler,Region A
CPT-05642,individual,Samuel Brown,Region F
CPT-05643,individual,Dennis Martinez,Region E
CPT-05644,individual,Travis Peters,Region A
CPT-05645,individual,Jessica Heath,Region D
CPT-05646,individual,William Williams,Region F
CPT-05647,individual,Natalie Johnson,Region F
CPT-05648,individual,Mary Ford,Region C
CPT-05649,individual,Kevin Brooks,Region B
CPT-05650,individual,Peter Flores,Region F
CPT-05651,individual,Alicia Castillo,Region A
CPT-05652,individual,Andrew King,Region A
CPT-05653,individual,Brian Knight,Region B
CPT-05654,individual,Randall Watson,Region A
CPT-05655,individual,Robert Chen,Region D
CPT-05656,individual,David Morton,Region B
CPT-05657,individual,Susan Brown,Region F
CPT-05658,individual,Kelly Taylor,Region F
CPT-05659,individual,Levi West,Region B
CPT-05660,individual,Jennifer Lopez,Region F
CPT-05661,individual,Timothy Lopez,Region A
CPT-05662,individual,Kevin Davis,Region B
CPT-05663,individual,Kevin Jones,Region F
CPT-05664,individual,Monica Lee,Region F
CPT-05665,individual,Kathryn Padilla,Region C
CPT-05666,individual,Vincent White,Region D
CPT-05667,individual,Carol Smith,Region F
CPT-05668,individual,Tammy Cooper,Region D
CPT-05669,individual,Tamara Kelly,Region C
CPT-05670,individual,Tracey Cochran,Region B
CPT-05671,individual,Thomas Gonzalez,Region B
CPT-05672,individual,Jordan Barker,Region D
CPT-05673,individual,Leslie White,Region F
CPT-05674,individual,Catherine Ellison,Region C
CPT-05675,individual,Samantha Flowers,Region F
CPT-05676,individual,Danielle York,Region A
CPT-05677,individual,Ryan Harmon,Region B
CPT-05678,individual,Randy Ruiz,Region F
CPT-05679,individual,Lori Miller,Region D
CPT-05680,individual,Christopher Ballard,Region A
CPT-05681,individual,Dylan Mcclain,Region D
CPT-05682,individual,Jonathan Cook,Region B
CPT-05683,individual,Nicole Watson,Region F
CPT-05684,individual,Carrie Keith,Region A
CPT-05685,individual,Lisa Romero,Region A
CPT-05686,individual,Joe Dougherty,Region D
CPT-05687,individual,Kathleen Castillo,Region F
CPT-05688,individual,Stephen George MD,Region B
CPT-05689,individual,Lori Phillips,Region A
CPT-05690,individual,Christopher Perez,Region F
CPT-05691,individual,Robert Oneal,Region D
CPT-05692,individual,Melissa Nguyen,Region A
CPT-05693,individual,Joshua Mueller,Region A
CPT-05694,individual,Caroline Ferguson,Region E
CPT-05695,individual,John Grimes,Region A
CPT-05696,individual,Elizabeth Cannon,Region A
CPT-05697,individual,Jennifer Diaz,Region E
CPT-05698,individual,Regina Mills,Region C
CPT-05699,individual,Victoria Shepard,Region D
CPT-05700,individual,Mr. Paul Payne DVM,Region D
CPT-05701,individual,Christine Wilkinson,Region D
CPT-05702,individual,Jason Martinez,Region C
CPT-05703,individual,Laurie Hinton,Region C
CPT-05704,individual,Christopher Sanchez,Region F
CPT-05705,individual,Albert Jennings,Region D
CPT-05706,individual,Michael Powers,Region C
CPT-05707,individual,Timothy Wilson,Region A
CPT-05708,individual,Erin Carter,Region A
CPT-05709,individual,Bradley Wright,Region D
CPT-05710,individual,Daniel Perez,Region D
CPT-05711,individual,Rachel Smith,Region F
CPT-05712,individual,Mathew Benton,Region D
CPT-05713,individual,Andres Ramsey,Region C
CPT-05714,individual,Chris Dean,Region B
CPT-05715,individual,Cathy Lyons,Region F
CPT-05716,individual,James Freeman,Region C
CPT-05717,individual,Samantha Anderson,Region E
CPT-05718,individual,Phillip Garcia,Region C
CPT-05719,individual,Devin Brown,Region E
CPT-05720,individual,Linda Cole,Region E
CPT-05721,individual,Danielle Flores,Region A
CPT-05722,individual,Robin Mason,Region F
CPT-05723,individual,Martin Delacruz,Region F
CPT-05724,individual,Jose Johnson,Region C
CPT-05725,individual,Bruce Williamson,Region F
CPT-05726,individual,Donna Mccoy,Region A
CPT-05727,individual,Susan Compton,Region F
CPT-05728,individual,Scott Montgomery,Region D
CPT-05729,individual,Seth Baker,Region F
CPT-05730,individual,Mrs. Kristin Watts,Region F
CPT-05731,individual,William Mclean,Region C
CPT-05732,individual,Theodore Blair,Region B
CPT-05733,individual,Sherry Mitchell,Region F
CPT-05734,individual,Nicholas Porter,Region C
CPT-05735,individual,Michael Miller,Region D
CPT-05736,individual,Derrick Hess,Region F
CPT-05737,individual,Steven Larsen,Region C
CPT-05738,individual,Emily Jackson,Region F
CPT-05739,individual,Kendra Diaz,Region C
CPT-05740,individual,Jessica Mills,Region C
CPT-05741,individual,Timothy Brown,Region B
CPT-05742,individual,Alexander Stewart,Region E
CPT-05743,individual,Mary Espinoza,Region C
CPT-05744,individual,Michelle Johnson,Region A
CPT-05745,individual,Gina Douglas,Region F
CPT-05746,individual,Zachary Hunter,Region C
CPT-05747,individual,Carla Robinson,Region A
CPT-05748,individual,Erik Miller,Region B
CPT-05749,individual,Tiffany Winters,Region F
CPT-05750,individual,John Moreno,Region D
CPT-05751,individual,Brittany Hopkins,Region E
CPT-05752,individual,Anthony Rivera,Region C
CPT-05753,individual,Pamela Hensley,Region E
CPT-05754,individual,Alex Roberson,Region F
CPT-05755,individual,Dustin Ray,Region A
CPT-05756,individual,Jordan Silva,Region F
CPT-05757,individual,Mario Ellis,Region C
CPT-05758,individual,Deborah Gill,Region E
CPT-05759,individual,Robert Bates,Region F
CPT-05760,individual,Alexandra Wilson,Region B
CPT-05761,individual,Andrew Martin,Region E
CPT-05762,individual,Dr. Wayne Garcia,Region F
CPT-05763,individual,Elizabeth Chapman,Region F
CPT-05764,individual,Laura Turner,Region E
CPT-05765,individual,Sydney Sanchez,Region C
CPT-05766,individual,Shannon Colon,Region B
CPT-05767,individual,Gavin Morales,Region C
CPT-05768,individual,Stephen James,Region B
CPT-05769,individual,Lauren Medina,Region F
CPT-05770,individual,Thomas Barnes,Region E
CPT-05771,individual,Anthony Richardson,Region E
CPT-05772,individual,Rebecca Lynch,Region E
CPT-05773,individual,Aaron Edwards,Region E
CPT-05774,individual,Brian Ellison,Region E
CPT-05775,individual,Christopher Erickson,Region B
CPT-05776,individual,Troy Patton,Region C
CPT-05777,individual,Meredith Daniels,Region D
CPT-05778,individual,Jennifer Cuevas,Region D
CPT-05779,individual,Kayla Walker MD,Region B
CPT-05780,individual,Barbara Tate,Region B
CPT-05781,individual,Marissa Lawson,Region D
CPT-05782,individual,Erica Alexander,Region D
CPT-05783,individual,Jeffrey Woodard,Region B
CPT-05784,individual,Nicole Hernandez,Region C
CPT-05785,individual,Amanda Bennett,Region E
CPT-05786,individual,Carla Parker,Region F
CPT-05787,individual,Andrew Avila,Region C
CPT-05788,individual,Spencer Figueroa,Region A
CPT-05789,individual,Sherry Bailey,Region D
CPT-05790,individual,Robert Swanson,Region F
CPT-05791,individual,Jillian Lee,Region A
CPT-05792,individual,Darren Jenkins,Region E
CPT-05793,individual,Cynthia Mora,Region C
CPT-05794,individual,Michael Williams,Region B
CPT-05795,individual,Michael Zuniga,Region E
CPT-05796,individual,Courtney Stevens,Region F
CPT-05797,individual,Megan Adams,Region C
CPT-05798,individual,Brittany Hernandez,Region E
CPT-05799,individual,James Klein,Region F
CPT-05800,individual,Debra Ramos,Region D
CPT-05801,individual,Noah Johnson,Region F
CPT-05802,individual,Dr. Jennifer Brown,Region C
CPT-05803,individual,Laurie Porter,Region D
CPT-05804,individual,Annette Diaz,Region A
CPT-05805,individual,Faith Ruiz,Region C
CPT-05806,individual,Colin Nelson,Region B
CPT-05807,individual,Jennifer Scott,Region F
CPT-05808,individual,Allen Baker,Region B
CPT-05809,individual,Cynthia Hull,Region B
CPT-05810,individual,Brandon Cooper,Region A
CPT-05811,individual,Sean Kelly,Region F
CPT-05812,individual,William Parker,Region B
CPT-05813,individual,Corey Allison,Region A
CPT-05814,individual,Nicole Macias DDS,Region E
CPT-05815,individual,Marilyn Diaz,Region E
CPT-05816,individual,Jenna Smith,Region F
CPT-05817,individual,Zachary Pacheco,Region D
CPT-05818,individual,Cassandra Spencer,Region C
CPT-05819,individual,Melanie Hernandez,Region C
CPT-05820,individual,Leslie Page,Region D
CPT-05821,individual,Alexandra Mills,Region E
CPT-05822,individual,Morgan Rodriguez,Region A
CPT-05823,individual,Jason Holden,Region D
CPT-05824,individual,Robert Rogers,Region F
CPT-05825,individual,Joseph Nelson,Region D
CPT-05826,individual,Meredith Hill,Region B
CPT-05827,individual,Alexis Beard,Region A
CPT-05828,individual,Michael Davis,Region D
CPT-05829,individual,Cathy Rodriguez,Region E
CPT-05830,individual,Bethany Scott,Region B
CPT-05831,individual,Lindsey Sanchez,Region E
CPT-05832,individual,David Holden,Region E
CPT-05833,individual,Nicholas Allen,Region E
CPT-05834,individual,Tiffany Watkins,Region A
CPT-05835,individual,Vincent Smith,Region B
CPT-05836,individual,Jennifer Daniels,Region A
CPT-05837,individual,Rodney Arnold,Region D
CPT-05838,individual,Tonya Thomas,Region E
CPT-05839,individual,Jennifer West,Region D
CPT-05840,individual,Kenneth Chapman,Region A
CPT-05841,individual,Christina Hill,Region A
CPT-05842,individual,Jill Steele,Region C
CPT-05843,individual,Maria Edwards,Region A
CPT-05844,individual,Christina Nicholson,Region C
CPT-05845,individual,Darlene Smith,Region C
CPT-05846,individual,Wendy Davis,Region F
CPT-05847,individual,Natalie Scott DVM,Region E
CPT-05848,individual,Tyler Malone,Region D
CPT-05849,individual,Carmen Cabrera,Region A
CPT-05850,individual,Matthew Cruz,Region F
CPT-05851,individual,Fred Andrews,Region F
CPT-05852,individual,Daniel Cook,Region C
CPT-05853,individual,Jaime Abbott,Region F
CPT-05854,individual,Jason Mcconnell,Region F
CPT-05855,individual,Connie Dickson,Region D
CPT-05856,individual,Christine Woods,Region C
CPT-05857,individual,Ashley Gibson,Region C
CPT-05858,individual,Holly Evans,Region E
CPT-05859,individual,Alicia Burns,Region B
CPT-05860,individual,Eugene Diaz,Region A
CPT-05861,individual,Edwin Gray,Region F
CPT-05862,individual,Jeffery Taylor,Region C
CPT-05863,individual,Carol Chandler,Region E
CPT-05864,individual,Bruce Johnson,Region C
CPT-05865,individual,Karen Kennedy,Region C
CPT-05866,individual,Nicole Thomas PhD,Region C
CPT-05867,individual,Emily Steele,Region C
CPT-05868,individual,Roger Burns,Region E
CPT-05869,individual,Karen Brown,Region F
CPT-05870,individual,Dr. Michelle Myers,Region F
CPT-05871,individual,Brady Flynn,Region A
CPT-05872,individual,Brian Luna,Region E
CPT-05873,individual,Morgan Rojas,Region B
CPT-05874,individual,William Mckenzie,Region C
CPT-05875,individual,Michael Allen,Region D
CPT-05876,individual,Emily Elliott,Region F
CPT-05877,individual,Angelica Solis,Region B
CPT-05878,individual,Jennifer Moore,Region F
CPT-05879,individual,Natalie Davis,Region C
CPT-05880,individual,Jason Hudson,Region B
CPT-05881,individual,Sandra Barnes,Region F
CPT-05882,individual,Amber Morales,Region F
CPT-05883,individual,Tom Palmer,Region A
CPT-05884,individual,Jodi Santos,Region A
CPT-05885,individual,Lori Knapp,Region E
CPT-05886,individual,Mark Ellis,Region E
CPT-05887,individual,Tara Smith,Region D
CPT-05888,individual,Jason Duran,Region C
CPT-05889,individual,Jamie Wilson,Region D
CPT-05890,individual,Bobby Hernandez,Region C
CPT-05891,individual,Lee Kirk,Region A
CPT-05892,individual,Amber Perry,Region F
CPT-05893,individual,Victor Payne,Region B
CPT-05894,individual,Allison Watson,Region A
CPT-05895,individual,James Steele,Region C
CPT-05896,individual,Michele Phillips,Region A
CPT-05897,individual,Christopher Bryant,Region B
CPT-05898,individual,Jamie Rasmussen,Region F
CPT-05899,individual,Meghan Kelley,Region E
CPT-05900,individual,Wendy Barnes,Region A
CPT-05901,individual,Sharon Bell,Region E
CPT-05902,individual,Sandra Horn,Region B
CPT-05903,individual,James Roberts,Region F
CPT-05904,individual,Christopher Jarvis,Region D
CPT-05905,individual,Joel Mcdonald,Region B
CPT-05906,individual,Kayla Thomas,Region F
CPT-05907,individual,Damon Lester,Region D
CPT-05908,individual,Eugene Phillips,Region A
CPT-05909,individual,Michelle Cordova,Region A
CPT-05910,individual,Mark Klein MD,Region F
CPT-05911,individual,Christopher Gilbert,Region A
CPT-05912,individual,Justin James,Region C
CPT-05913,individual,Michelle Johnson,Region D
CPT-05914,individual,Benjamin Thomas,Region F
CPT-05915,individual,Kimberly Hicks,Region F
CPT-05916,individual,James Johnson,Region F
CPT-05917,individual,Linda Smith,Region D
CPT-05918,individual,Connie Martin,Region B
CPT-05919,individual,Deborah Figueroa,Region B
CPT-05920,individual,Robert Williams,Region F
CPT-05921,individual,Meredith Mullins,Region E
CPT-05922,individual,Patricia Johnson,Region F
CPT-05923,individual,Alexis Frazier,Region D
CPT-05924,individual,Anthony Odonnell MD,Region B
CPT-05925,individual,Christina Williams,Region D
CPT-05926,individual,Eric Miller,Region A
CPT-05927,individual,Frederick King,Region C
CPT-05928,individual,Jose Adams,Region E
CPT-05929,individual,Vincent Burns,Region D
CPT-05930,individual,Keith Knox,Region B
CPT-05931,individual,Jay Nichols,Region F
CPT-05932,individual,Mark Jackson,Region B
CPT-05933,individual,Amy Flores,Region A
CPT-05934,individual,David May,Region B
CPT-05935,individual,Patricia Ramirez,Region B
CPT-05936,individual,Charles Nelson,Region D
CPT-05937,individual,Adrian Mcguire,Region A
CPT-05938,individual,Amanda Murray,Region D
CPT-05939,individual,Daniel Barrera,Region D
CPT-05940,individual,Shannon Hernandez,Region B
CPT-05941,individual,Michael Crawford,Region F
CPT-05942,individual,Mark Miller,Region B
CPT-05943,individual,Richard Conley,Region A
CPT-05944,individual,Steven Fitzpatrick,Region D
CPT-05945,individual,Samantha Perkins,Region E
CPT-05946,individual,Joshua Carrillo III,Region B
CPT-05947,individual,Linda Brewer,Region F
CPT-05948,individual,David Davidson,Region A
CPT-05949,individual,Edward Cross,Region C
CPT-05950,individual,Wayne Bates,Region A
CPT-05951,individual,Linda Park,Region E
CPT-05952,individual,Timothy Morales,Region C
CPT-05953,individual,Shannon Williams,Region E
CPT-05954,individual,Hailey Smith,Region B
CPT-05955,individual,Amy Shaw,Region D
CPT-05956,individual,Todd Ross,Region A
CPT-05957,individual,Amy Price,Region E
CPT-05958,individual,Miss Catherine Copeland,Region A
CPT-05959,money_service,Richards-Lewis 05959,Region C
CPT-05960,money_service,"English, Mata and Holmes 05960",Region D
CPT-05961,money_service,Mejia-Smith 05961,Region B
CPT-05962,money_service,Garcia Inc 05962,Region E
CPT-05963,money_service,Sanchez-Hall 05963,Region A
CPT-05964,money_service,Black PLC 05964,Region D
CPT-05965,money_service,Lane Group 05965,Region D
CPT-05966,money_service,Herrera PLC 05966,Region C
CPT-05967,money_service,Rodriguez LLC 05967,Region A
CPT-05968,money_service,"Hill, Hunter and Bennett 05968",Region C
CPT-05969,money_service,Thomas-Collins 05969,Region B
CPT-05970,money_service,Price Group 05970,Region C
CPT-05971,money_service,"Nichols, Rodriguez and Schroeder 05971",Region D
CPT-05972,money_service,Lopez and Sons 05972,Region F
CPT-05973,money_service,Pruitt and Sons 05973,Region F
CPT-05974,money_service,Peterson and Sons 05974,Region A
CPT-05975,money_service,Brown Group 05975,Region D
CPT-05976,money_service,Schwartz-Hess 05976,Region B
CPT-05977,money_service,Gill-Dickerson 05977,Region B
CPT-05978,money_service,Harrison-Brooks 05978,Region C
CPT-05979,money_service,"Welch, Griffin and Thomas 05979",Region B
CPT-05980,money_service,"Powers, Watson and Horton 05980",Region E
CPT-05981,money_service,Brown-Fischer 05981,Region B
CPT-05982,money_service,Beard-Boyer 05982,Region B
CPT-05983,money_service,"Sparks, Howard and Robinson 05983",Region B
CPT-05984,money_service,"Schultz, Byrd and Cochran 05984",Region C
CPT-05985,money_service,"Morris, Humphrey and Flores 05985",Region B
CPT-05986,money_service,"Cruz, Pierce and Williams 05986",Region A
CPT-05987,money_service,"Conner, Thompson and Flores 05987",Region E
CPT-05988,money_service,Walker-Eaton 05988,Region E
CPT-05989,money_service,Downs-Ramos 05989,Region A
CPT-05990,money_service,Smith-Johnson 05990,Region C
CPT-05991,money_service,"Nguyen, Rogers and Clay 05991",Region D
CPT-05992,money_service,"Jones, Lee and Hicks 05992",Region F
CPT-05993,money_service,"Abbott, Williams and Clark 05993",Region E
CPT-05994,money_service,"Carter, Gallagher and Duran 05994",Region C
CPT-05995,money_service,"Clark, Harris and Little 05995",Region C
CPT-05996,money_service,Morales Inc 05996,Region F
CPT-05997,money_service,Turner-Soto 05997,Region B
CPT-05998,money_service,"Wilson, King and Keith 05998",Region F
CPT-05999,money_service,Wilson-Thompson 05999,Region F
CPT-06000,money_service,Padilla PLC 06000,Region C
