threshold,txn_true_positives,txn_false_positives,txn_false_negatives,txn_true_negatives,txn_alerts,txn_precision,txn_recall,txn_f1,txn_expected_cost_cad,entity_true_positives,entity_false_positives,entity_false_negatives,entity_true_negatives,entity_alerts,entity_precision,entity_recall,entity_f1,entity_expected_cost_cad,entity_alerts_per_week,entity_within_capacity
0.0,375,99924,0,0,100299,0.0037388209254329554,1.0,0.007449788426008701,21233850.0,60,1440,0,0,1500,0.04,1.0,0.07692307692307693,306000.0,28.846153846153847,True
0.1,375,99677,0,247,100052,0.003748051013472994,1.0,0.007468111165324066,21181362.5,60,1440,0,0,1500,0.04,1.0,0.07692307692307693,306000.0,28.846153846153847,True
0.2,375,99394,0,530,99769,0.003758682556705991,1.0,0.007489215529637322,21121225.0,60,1440,0,0,1500,0.04,1.0,0.07692307692307693,306000.0,28.846153846153847,True
0.3,375,99174,0,750,99549,0.003766989120935419,1.0,0.007505704335294825,21074475.0,60,1440,0,0,1500,0.04,1.0,0.07692307692307693,306000.0,28.846153846153847,True
0.4,375,98948,0,976,99323,0.0037755605448888977,1.0,0.007522718610202813,21026450.0,60,1440,0,0,1500,0.04,1.0,0.07692307692307693,306000.0,28.846153846153847,True
0.5,375,98655,0,1269,99030,0.0037867312935474097,1.0,0.007544892108042855,20964187.5,60,1440,0,0,1500,0.04,1.0,0.07692307692307693,306000.0,28.846153846153847,True
0.6,375,98422,0,1502,98797,0.0037956618115934696,1.0,0.007562618481022869,20914675.0,60,1440,0,0,1500,0.04,1.0,0.07692307692307693,306000.0,28.846153846153847,True
0.7,375,98184,0,1740,98559,0.0038048275652147446,1.0,0.007580811450057614,20864100.0,60,1440,0,0,1500,0.04,1.0,0.07692307692307693,306000.0,28.846153846153847,True
0.8,375,97951,0,1973,98326,0.0038138437442792345,1.0,0.007598707206613916,20814587.5,60,1440,0,0,1500,0.04,1.0,0.07692307692307693,306000.0,28.846153846153847,True
0.9,375,97704,0,2220,98079,0.003823448444621173,1.0,0.007617770735571943,20762100.0,60,1440,0,0,1500,0.04,1.0,0.07692307692307693,306000.0,28.846153846153847,True
1.0,375,97455,0,2469,97830,0.003833180006133088,1.0,0.0076370856881014205,20709187.5,60,1440,0,0,1500,0.04,1.0,0.07692307692307693,306000.0,28.846153846153847,True
1.1,375,97232,0,2692,97607,0.0038419375659532614,1.0,0.007654467147027004,20661800.0,60,1440,0,0,1500,0.04,1.0,0.07692307692307693,306000.0,28.846153846153847,True
1.2,375,97008,0,2916,97383,0.003850774775884908,1.0,0.00767200638310931,20614200.0,60,1440,0,0,1500,0.04,1.0,0.07692307692307693,306000.0,28.846153846153847,True
1.3,375,96745,0,3179,97120,0.0038612026359143327,1.0,0.00769270218985589,20558312.5,60,1440,0,0,1500,0.04,1.0,0.07692307692307693,306000.0,28.846153846153847,True
1.4,375,96507,0,3417,96882,0.0038706880535083915,1.0,0.007711527190844874,20507737.5,60,1440,0,0,1500,0.04,1.0,0.07692307692307693,306000.0,28.846153846153847,True
1.5,375,96229,0,3695,96604,0.003881826839468345,1.0,0.007733633054578828,20448662.5,60,1440,0,0,1500,0.04,1.0,0.07692307692307693,306000.0,28.846153846153847,True
1.6,375,95967,0,3957,96342,0.0038923833841938097,1.0,0.007754582958528491,20392987.5,60,1440,0,0,1500,0.04,1.0,0.07692307692307693,306000.0,28.846153846153847,True
1.7,375,95709,0,4215,96084,0.0039028350193580615,1.0,0.007775324231020434,20338162.5,60,1440,0,0,1500,0.04,1.0,0.07692307692307693,306000.0,28.846153846153847,True
1.8,375,95420,0,4504,95795,0.003914609321989665,1.0,0.00779868982011022,20276750.0,60,1440,0,0,1500,0.04,1.0,0.07692307692307693,306000.0,28.846153846153847,True
1.9,375,95171,0,4753,95546,0.003924811085759739,1.0,0.007818934331376863,20223837.5,60,1440,0,0,1500,0.04,1.0,0.07692307692307693,306000.0,28.846153846153847,True
2.0,375,94914,0,5010,95289,0.003935396530554419,1.0,0.007839939789262418,20169225.0,60,1440,0,0,1500,0.04,1.0,0.07692307692307693,306000.0,28.846153846153847,True
2.1,375,94697,0,5227,95072,0.003944378996970717,1.0,0.007857763994677676,20123112.5,60,1440,0,0,1500,0.04,1.0,0.07692307692307693,306000.0,28.846153846153847,True
2.2,375,94441,0,5483,94816,0.003955028687141411,1.0,0.007878896114128436,20068712.5,60,1440,0,0,1500,0.04,1.0,0.07692307692307693,306000.0,28.846153846153847,True
2.3,375,94179,0,5745,94554,0.003965987689574212,1.0,0.007900641532092407,20013037.5,60,1440,0,0,1500,0.04,1.0,0.07692307692307693,306000.0,28.846153846153847,True
2.4,375,93935,0,5989,94310,0.003976248542042201,1.0,0.007921001214553518,19961187.5,60,1440,0,0,1500,0.04,1.0,0.07692307692307693,306000.0,28.846153846153847,True
2.5,375,93678,0,6246,94053,0.003987113648687442,1.0,0.007942559410344389,19906575.0,60,1440,0,0,1500,0.04,1.0,0.07692307692307693,306000.0,28.846153846153847,True
2.6,375,93426,0,6498,93801,0.003997825183100393,1.0,0.007963812436289502,19853025.0,60,1440,0,0,1500,0.04,1.0,0.07692307692307693,306000.0,28.846153846153847,True
2.7,375,93201,0,6723,93576,0.004007437804565273,1.0,0.00798288469521346,19805212.5,60,1440,0,0,1500,0.04,1.0,0.07692307692307693,306000.0,28.846153846153847,True
2.8,375,92954,0,6970,93329,0.0040180436948858336,1.0,0.008003927260309058,19752725.0,60,1440,0,0,1500,0.04,1.0,0.07692307692307693,306000.0,28.846153846153847,True
2.9,375,92729,0,7195,93104,0.004027753909606462,1.0,0.008023192374757966,19704912.5,60,1440,0,0,1500,0.04,1.0,0.07692307692307693,306000.0,28.846153846153847,True
3.0,375,92480,0,7444,92855,0.00403855473587852,1.0,0.008044620830204869,19652000.0,60,1440,0,0,1500,0.04,1.0,0.07692307692307693,306000.0,28.846153846153847,True
3.1,375,92241,0,7683,92616,0.004048976418761337,1.0,0.00806529664161048,19601212.5,60,1440,0,0,1500,0.04,1.0,0.07692307692307693,306000.0,28.846153846153847,True
3.2,375,92013,0,7911,92388,0.004058968697233407,1.0,0.008085120144885353,19552762.5,60,1440,0,0,1500,0.04,1.0,0.07692307692307693,306000.0,28.846153846153847,True
3.3,375,91772,0,8152,92147,0.004069584468295224,1.0,0.008106180151747694,19501550.0,60,1440,0,0,1500,0.04,1.0,0.07692307692307693,306000.0,28.846153846153847,True
3.4,375,91484,0,8440,91859,0.004082343591809185,1.0,0.008131491640826593,19440350.0,60,1440,0,0,1500,0.04,1.0,0.07692307692307693,306000.0,28.846153846153847,True
3.5,375,91241,0,8683,91616,0.004093171498428222,1.0,0.008152971486341054,19388712.5,60,1440,0,0,1500,0.04,1.0,0.07692307692307693,306000.0,28.846153846153847,True
3.6,375,90984,0,8940,91359,0.0041046859094342105,1.0,0.008175812675779973,19334100.0,60,1440,0,0,1500,0.04,1.0,0.07692307692307693,306000.0,28.846153846153847,True
3.7,375,90727,0,9197,91102,0.004116265285065092,1.0,0.00819878220754944,19279487.5,60,1440,0,0,1500,0.04,1.0,0.07692307692307693,306000.0,28.846153846153847,True
3.8,375,90479,0,9445,90854,0.004127501265767055,1.0,0.00822107005447829,19226787.5,60,1440,0,0,1500,0.04,1.0,0.07692307692307693,306000.0,28.846153846153847,True
3.9,375,90214,0,9710,90589,0.004139575445142346,1.0,0.00824502000791522,19170475.0,60,1440,0,0,1500,0.04,1.0,0.07692307692307693,306000.0,28.846153846153847,True
4.0,375,89956,0,9968,90331,0.00415139874461702,1.0,0.008268471765925076,19115650.0,60,1440,0,0,1500,0.04,1.0,0.07692307692307693,306000.0,28.846153846153847,True
4.1,375,89676,0,10248,90051,0.0041643068927607685,1.0,0.008294074713025014,19056150.0,60,1440,0,0,1500,0.04,1.0,0.07692307692307693,306000.0,28.846153846153847,True
4.2,375,89441,0,10483,89816,0.004175202636501291,1.0,0.008315685600558812,19006212.5,60,1440,0,0,1500,0.04,1.0,0.07692307692307693,306000.0,28.846153846153847,True
4.3,375,89175,0,10749,89550,0.0041876046901172526,1.0,0.008340283569641367,18949687.5,60,1440,0,0,1500,0.04,1.0,0.07692307692307693,306000.0,28.846153846153847,True
4.4,375,88905,0,11019,89280,0.004200268817204301,1.0,0.008365400702693659,18892312.5,60,1440,0,0,1500,0.04,1.0,0.07692307692307693,306000.0,28.846153846153847,True
4.5,375,88684,0,11240,89059,0.004210691788589587,1.0,0.008386072410939912,18845350.0,60,1440,0,0,1500,0.04,1.0,0.07692307692307693,306000.0,28.846153846153847,True
4.6,375,88458,0,11466,88833,0.004221404207895714,1.0,0.008407317729351629,18797325.0,60,1440,0,0,1500,0.04,1.0,0.07692307692307693,306000.0,28.846153846153847,True
4.7,375,88191,0,11733,88566,0.00423413047896484,1.0,0.00843255641380241,18740587.5,60,1440,0,0,1500,0.04,1.0,0.07692307692307693,306000.0,28.846153846153847,True
4.8,375,87931,0,11993,88306,0.004246597060222408,1.0,0.008457279462342553,18685337.5,60,1440,0,0,1500,0.04,1.0,0.07692307692307693,306000.0,28.846153846153847,True
4.9,375,87673,0,12251,88048,0.0042590405233508995,1.0,0.008481956052158375,18630512.5,60,1440,0,0,1500,0.04,1.0,0.07692307692307693,306000.0,28.846153846153847,True
5.0,375,87437,0,12487,87812,0.004270486949391882,1.0,0.008504654881104924,18580362.5,60,1440,0,0,1500,0.04,1.0,0.07692307692307693,306000.0,28.846153846153847,True
5.1,375,87218,0,12706,87593,0.004281164019955932,1.0,0.00852582757366315,18533825.0,60,1440,0,0,1500,0.04,1.0,0.07692307692307693,306000.0,28.846153846153847,True
5.2,375,86974,0,12950,87349,0.0042931229893874,1.0,0.00854954174456249,18481975.0,60,1440,0,0,1500,0.04,1.0,0.07692307692307693,306000.0,28.846153846153847,True
5.3,375,86711,0,13213,87086,0.004306088234618653,1.0,0.008575250683161638,18426087.5,60,1440,0,0,1500,0.04,1.0,0.07692307692307693,306000.0,28.846153846153847,True
5.4,375,86462,0,13462,86837,0.004318435689855707,1.0,0.00859973398156217,18373175.0,60,1440,0,0,1500,0.04,1.0,0.07692307692307693,306000.0,28.846153846153847,True
5.5,375,86230,0,13694,86605,0.004330004041337105,1.0,0.008622671878592779,18323875.0,60,1440,0,0,1500,0.04,1.0,0.07692307692307693,306000.0,28.846153846153847,True
5.6,375,85947,0,13977,86322,0.004344199624661153,1.0,0.008650818367417558,18263737.5,60,1440,0,0,1500,0.04,1.0,0.07692307692307693,306000.0,28.846153846153847,True
5.7,375,85684,0,14240,86059,0.004357475685285676,1.0,0.008677140939907905,18207850.0,60,1440,0,0,1500,0.04,1.0,0.07692307692307693,306000.0,28.846153846153847,True
5.8,375,85424,0,14500,85799,0.004370680310959336,1.0,0.008703321187365099,18152600.0,60,1440,0,0,1500,0.04,1.0,0.07692307692307693,306000.0,28.846153846153847,True
5.9,375,85186,0,14738,85561,0.004382837975245731,1.0,0.008727425060510148,18102025.0,60,1440,0,0,1500,0.04,1.0,0.07692307692307693,306000.0,28.846153846153847,True
6.0,375,84895,0,15029,85270,0.004397795238653688,1.0,0.008757078638566175,18040187.5,60,1440,0,0,1500,0.04,1.0,0.07692307692307693,306000.0,28.846153846153847,True
6.1,375,84664,0,15260,85039,0.004409741412763555,1.0,0.00878076193598239,17991100.0,60,1440,0,0,1500,0.04,1.0,0.07692307692307693,306000.0,28.846153846153847,True
6.2,375,84427,0,15497,84802,0.004422065517322705,1.0,0.008805193890369467,17940737.5,60,1440,0,0,1500,0.04,1.0,0.07692307692307693,306000.0,28.846153846153847,True
6.3,375,84174,0,15750,84549,0.004435297874605258,1.0,0.008831425745372334,17886975.0,60,1440,0,0,1500,0.04,1.0,0.07692307692307693,306000.0,28.846153846153847,True
6.4,375,83952,0,15972,84327,0.004446974278700772,1.0,0.00885457250123964,17839800.0,60,1440,0,0,1500,0.04,1.0,0.07692307692307693,306000.0,28.846153846153847,True
6.5,375,83681,0,16243,84056,0.004461311506614638,1.0,0.008882993213393186,17782212.5,60,1440,0,0,1500,0.04,1.0,0.07692307692307693,306000.0,28.846153846153847,True
6.6,375,83414,0,16510,83789,0.004475527813913521,1.0,0.008911173423316383,17725475.0,60,1440,0,0,1500,0.04,1.0,0.07692307692307693,306000.0,28.846153846153847,True
6.7,375,83153,0,16771,83528,0.004489512498802797,1.0,0.008938893722512904,17670012.5,60,1440,0,0,1500,0.04,1.0,0.07692307692307693,306000.0,28.846153846153847,True
6.8,375,82897,0,17027,83272,0.0045033144394274185,1.0,0.00896625103111887,17615612.5,60,1440,0,0,1500,0.04,1.0,0.07692307692307693,306000.0,28.846153846153847,True
6.9,375,82652,0,17272,83027,0.004516603032748383,1.0,0.00899259010575286,17563550.0,60,1440,0,0,1500,0.04,1.0,0.07692307692307693,306000.0,28.846153846153847,True
7.0,375,82422,0,17502,82797,0.0045291496068698145,1.0,0.009017457798297506,17514675.0,60,1440,0,0,1500,0.04,1.0,0.07692307692307693,306000.0,28.846153846153847,True
7.1,375,82185,0,17739,82560,0.004542151162790698,1.0,0.009043226623259178,17464312.5,60,1440,0,0,1500,0.04,1.0,0.07692307692307693,306000.0,28.846153846153847,True
7.2,375,81915,0,18009,82290,0.004557054320087495,1.0,0.009072763563781528,17406937.5,60,1440,0,0,1500,0.04,1.0,0.07692307692307693,306000.0,28.846153846153847,True
7.3,375,81690,0,18234,82065,0.0045695485286053735,1.0,0.009097525473071324,17359125.0,60,1440,0,0,1500,0.04,1.0,0.07692307692307693,306000.0,28.846153846153847,True
7.4,375,81402,0,18522,81777,0.0045856414395245605,1.0,0.009129418638621092,17297925.0,60,1440,0,0,1500,0.04,1.0,0.07692307692307693,306000.0,28.846153846153847,True
7.5,375,81130,0,18794,81505,0.004600944727317343,1.0,0.009159745969711773,17240125.0,60,1440,0,0,1500,0.04,1.0,0.07692307692307693,306000.0,28.846153846153847,True
7.6,375,80881,0,19043,81256,0.004615043812149257,1.0,0.009187686050642525,17187212.5,60,1440,0,0,1500,0.04,1.0,0.07692307692307693,306000.0,28.846153846153847,True
7.7,375,80644,0,19280,81019,0.004628543921796122,1.0,0.009214438410693663,17136850.0,60,1440,0,0,1500,0.04,1.0,0.07692307692307693,306000.0,28.846153846153847,True
7.8,375,80414,0,19510,80789,0.004641721026377353,1.0,0.009240549997535853,17087975.0,60,1440,0,0,1500,0.04,1.0,0.07692307692307693,306000.0,28.846153846153847,True
7.9,375,80141,0,19783,80516,0.004657459386954146,1.0,0.009271736039856102,17029962.5,60,1440,0,0,1500,0.04,1.0,0.07692307692307693,306000.0,28.846153846153847,True
8.0,375,79865,0,20059,80240,0.004673479561316052,1.0,0.009303479501333499,16971312.5,60,1440,0,0,1500,0.04,1.0,0.07692307692307693,306000.0,28.846153846153847,True
8.1,375,79605,0,20319,79980,0.0046886721680420105,1.0,0.009333582228859437,16916062.5,60,1440,0,0,1500,0.04,1.0,0.07692307692307693,306000.0,28.846153846153847,True
8.2,375,79356,0,20568,79731,0.00470331489633894,1.0,0.00936259456220508,16863150.0,60,1440,0,0,1500,0.04,1.0,0.07692307692307693,306000.0,28.846153846153847,True
8.3,375,79092,0,20832,79467,0.004718939937332477,1.0,0.009393552265724806,16807050.0,60,1440,0,0,1500,0.04,1.0,0.07692307692307693,306000.0,28.846153846153847,True
8.4,375,78813,0,21111,79188,0.004735565994847704,1.0,0.00942649221371743,16747762.5,60,1440,0,0,1500,0.04,1.0,0.07692307692307693,306000.0,28.846153846153847,True
8.5,375,78546,0,21378,78921,0.0047515870300680425,1.0,0.009458232445520581,16691025.0,60,1440,0,0,1500,0.04,1.0,0.07692307692307693,306000.0,28.846153846153847,True
8.6,375,78296,0,21628,78671,0.004766686580823938,1.0,0.00948814614275232,16637900.0,60,1440,0,0,1500,0.04,1.0,0.07692307692307693,306000.0,28.846153846153847,True
8.7,375,78053,0,21871,78428,0.004781455602590912,1.0,0.009517404159740112,16586262.5,60,1440,0,0,1500,0.04,1.0,0.07692307692307693,306000.0,28.846153846153847,True
8.8,375,77795,0,22129,78170,0.004797236791608034,1.0,0.009548666369597046,16531437.5,60,1440,0,0,1500,0.04,1.0,0.07692307692307693,306000.0,28.846153846153847,True
8.9,375,77580,0,22344,77955,0.004810467577448528,1.0,0.009574875526618154,16485750.0,60,1440,0,0,1500,0.04,1.0,0.07692307692307693,306000.0,28.846153846153847,True
9.0,375,77319,0,22605,77694,0.004826627538806086,1.0,0.009606886216039659,16430287.5,60,1440,0,0,1500,0.04,1.0,0.07692307692307693,306000.0,28.846153846153847,True
9.1,375,77069,0,22855,77444,0.004842208563607252,1.0,0.00963774913581516,16377162.5,60,1440,0,0,1500,0.04,1.0,0.07692307692307693,306000.0,28.846153846153847,True
9.2,375,76781,0,23143,77156,0.004860283062885582,1.0,0.009673549934864762,16315962.5,60,1440,0,0,1500,0.04,1.0,0.07692307692307693,306000.0,28.846153846153847,True
9.3,375,76533,0,23391,76908,0.004875955687314713,1.0,0.009704592213035207,16263262.5,60,1440,0,0,1500,0.04,1.0,0.07692307692307693,306000.0,28.846153846153847,True
9.4,375,76292,0,23632,76667,0.004891283081377907,1.0,0.009734949767659198,16212050.0,60,1440,0,0,1500,0.04,1.0,0.07692307692307693,306000.0,28.846153846153847,True
9.5,375,76030,0,23894,76405,0.0049080557555133825,1.0,0.009768168793956759,16156375.0,60,1440,0,0,1500,0.04,1.0,0.07692307692307693,306000.0,28.846153846153847,True
9.6,375,75777,0,24147,76152,0.004924361802710369,1.0,0.009800462581833863,16102612.5,60,1440,0,0,1500,0.04,1.0,0.07692307692307693,306000.0,28.846153846153847,True
9.7,375,75528,0,24396,75903,0.004940516185131022,1.0,0.00983245496735625,16049700.0,60,1440,0,0,1500,0.04,1.0,0.07692307692307693,306000.0,28.846153846153847,True
9.8,375,75262,0,24662,75637,0.004957890979282626,1.0,0.009866863126874703,15993175.0,60,1440,0,0,1500,0.04,1.0,0.07692307692307693,306000.0,28.846153846153847,True
9.9,375,75039,0,24885,75414,0.004972551515633702,1.0,0.009895895182678223,15945787.5,60,1440,0,0,1500,0.04,1.0,0.07692307692307693,306000.0,28.846153846153847,True
10.0,375,74788,0,25136,75163,0.00498915689900616,1.0,0.009928777568905717,15892450.0,60,1440,0,0,1500,0.04,1.0,0.07692307692307693,306000.0,28.846153846153847,True
10.1,375,74541,0,25383,74916,0.005005606279032517,1.0,0.009961349962146872,15839962.5,60,1440,0,0,1500,0.04,1.0,0.07692307692307693,306000.0,28.846153846153847,True
10.2,375,74330,0,25594,74705,0.0050197443276889095,1.0,0.009989344698987745,15795125.0,60,1440,0,0,1500,0.04,1.0,0.07692307692307693,306000.0,28.846153846153847,True
10.3,375,74071,0,25853,74446,0.005037208177739569,1.0,0.01002392376471846,15740087.5,60,1440,0,0,1500,0.04,1.0,0.07692307692307693,306000.0,28.846153846153847,True
10.4,375,73814,0,26110,74189,0.005054657698580652,1.0,0.010058473257872432,15685475.0,60,1440,0,0,1500,0.04,1.0,0.07692307692307693,306000.0,28.846153846153847,True
10.5,375,73558,0,26366,73933,0.005072159928583988,1.0,0.010093125908381332,15631075.0,60,1440,0,0,1500,0.04,1.0,0.07692307692307693,306000.0,28.846153846153847,True
10.6,375,73322,0,26602,73697,0.005088402512992388,1.0,0.010125283507938222,15580925.0,60,1440,0,0,1500,0.04,1.0,0.07692307692307693,306000.0,28.846153846153847,True
10.7,375,73091,0,26833,73466,0.0051044020363161195,1.0,0.01015695887108788,15531837.5,60,1440,0,0,1500,0.04,1.0,0.07692307692307693,306000.0,28.846153846153847,True
10.8,375,72840,0,27084,73215,0.005121901249743905,1.0,0.010191602119853241,15478500.0,60,1440,0,0,1500,0.04,1.0,0.07692307692307693,306000.0,28.846153846153847,True
10.9,375,72576,0,27348,72951,0.005140436731504708,1.0,0.01022829555682841,15422400.0,60,1440,0,0,1500,0.04,1.0,0.07692307692307693,306000.0,28.846153846153847,True
11.0,375,72315,0,27609,72690,0.005158893933140734,1.0,0.010264832683227261,15366937.5,60,1440,0,0,1500,0.04,1.0,0.07692307692307693,306000.0,28.846153846153847,True
11.1,375,72050,0,27874,72425,0.0051777701070072485,1.0,0.010302197802197802,15310625.0,60,1440,0,0,1500,0.04,1.0,0.07692307692307693,306000.0,28.846153846153847,True
11.2,375,71808,0,28116,72183,0.005195129047005528,1.0,0.010336558339535267,15259200.0,60,1440,0,0,1500,0.04,1.0,0.07692307692307693,306000.0,28.846153846153847,True
11.3,375,71543,0,28381,71918,0.005214271809560889,1.0,0.010374448425158729,15202887.5,60,1440,0,0,1500,0.04,1.0,0.07692307692307693,306000.0,28.846153846153847,True
11.4,375,71342,0,28582,71717,0.0052288857593039305,1.0,0.01040337346723631,15160175.0,60,1440,0,0,1500,0.04,1.0,0.07692307692307693,306000.0,28.846153846153847,True
11.5,375,71090,0,28834,71465,0.0052473238648289375,1.0,0.010439866369710468,15106625.0,60,1440,0,0,1500,0.04,1.0,0.07692307692307693,306000.0,28.846153846153847,True
11.6,375,70847,0,29077,71222,0.005265227036589818,1.0,0.010475299244381748,15054987.5,60,1440,0,0,1500,0.04,1.0,0.07692307692307693,306000.0,28.846153846153847,True
11.7,375,70567,0,29357,70942,0.0052860082884609964,1.0,0.010516426658440485,14995487.5,60,1440,0,0,1500,0.04,1.0,0.07692307692307693,306000.0,28.846153846153847,True
11.8,375,70301,0,29623,70676,0.005305902993944196,1.0,0.01055579794795288,14938962.5,60,1440,0,0,1500,0.04,1.0,0.07692307692307693,306000.0,28.846153846153847,True
11.9,375,70049,0,29875,70424,0.00532488924230376,1.0,0.010593369962852582,14885412.5,60,1440,0,0,1500,0.04,1.0,0.07692307692307693,306000.0,28.846153846153847,True
12.0,375,69790,0,30134,70165,0.005344545001068909,1.0,0.010632265381343918,14830375.0,60,1440,0,0,1500,0.04,1.0,0.07692307692307693,306000.0,28.846153846153847,True
12.1,375,69529,0,30395,69904,0.005364499885557336,1.0,0.010671751163220876,14774912.5,60,1440,0,0,1500,0.04,1.0,0.07692307692307693,306000.0,28.846153846153847,True
12.2,375,69307,0,30617,69682,0.005381590654688442,1.0,0.010705568322937039,14727737.5,60,1440,0,0,1500,0.04,1.0,0.07692307692307693,306000.0,28.846153846153847,True
12.3,375,69045,0,30879,69420,0.0054019014693171994,1.0,0.01074575542660649,14672062.5,60,1440,0,0,1500,0.04,1.0,0.07692307692307693,306000.0,28.846153846153847,True
12.4,375,68800,0,31124,69175,0.005421033610408385,1.0,0.010783608914450037,14620000.0,60,1440,0,0,1500,0.04,1.0,0.07692307692307693,306000.0,28.846153846153847,True
12.5,375,68584,0,31340,68959,0.005438013892312824,1.0,0.010817203680733838,14574100.0,60,1440,0,0,1500,0.04,1.0,0.07692307692307693,306000.0,28.846153846153847,True
12.6,375,68327,0,31597,68702,0.005458356379726937,1.0,0.010857448933798515,14519487.5,60,1440,0,0,1500,0.04,1.0,0.07692307692307693,306000.0,28.846153846153847,True
12.7,375,68085,0,31839,68460,0.005477651183172656,1.0,0.010895619960775768,14468062.5,60,1440,0,0,1500,0.04,1.0,0.07692307692307693,306000.0,28.846153846153847,True
12.8,375,67837,0,32087,68212,0.00549756641060224,1.0,0.010935016839925933,14415362.5,60,1440,0,0,1500,0.04,1.0,0.07692307692307693,306000.0,28.846153846153847,True
12.9,375,67577,0,32347,67952,0.005518601365669885,1.0,0.010976627102024092,14360112.5,60,1440,0,0,1500,0.04,1.0,0.07692307692307693,306000.0,28.846153846153847,True
13.0,375,67328,0,32596,67703,0.0055388978331831675,1.0,0.011016774875877669,14307200.0,60,1440,0,0,1500,0.04,1.0,0.07692307692307693,306000.0,28.846153846153847,True
13.1,375,67091,0,32833,67466,0.005558355319716598,1.0,0.011055261567488688,14256837.5,60,1440,0,0,1500,0.04,1.0,0.07692307692307693,306000.0,28.846153846153847,True
13.2,375,66833,0,33091,67208,0.00557969289370313,1.0,0.011097465338916592,14202012.5,60,1440,0,0,1500,0.04,1.0,0.07692307692307693,306000.0,28.846153846153847,True
13.3,375,66592,0,33332,66967,0.005599773022533487,1.0,0.011137180362923585,14150800.0,60,1440,0,0,1500,0.04,1.0,0.07692307692307693,306000.0,28.846153846153847,True
13.4,375,66321,0,33603,66696,0.005622526088521051,1.0,0.011182180077827975,14093212.5,60,1440,0,0,1500,0.04,1.0,0.07692307692307693,306000.0,28.846153846153847,True
13.5,375,66044,0,33880,66419,0.005645974796368509,1.0,0.01122855346288589,14034350.0,60,1440,0,0,1500,0.04,1.0,0.07692307692307693,306000.0,28.846153846153847,True
13.6,375,65801,0,34123,66176,0.005666706963249516,1.0,0.011269552673889198,13982712.5,60,1440,0,0,1500,0.04,1.0,0.07692307692307693,306000.0,28.846153846153847,True
13.7,375,65553,0,34371,65928,0.00568802329814343,1.0,0.011311705352698974,13930012.5,60,1440,0,0,1500,0.04,1.0,0.07692307692307693,306000.0,28.846153846153847,True
13.8,375,65273,0,34651,65648,0.005712283694857421,1.0,0.011359677688078397,13870512.5,60,1440,0,0,1500,0.04,1.0,0.07692307692307693,306000.0,28.846153846153847,True
13.9,375,65022,0,34902,65397,0.005734207991192257,1.0,0.011403028644407957,13817175.0,60,1440,0,0,1500,0.04,1.0,0.07692307692307693,306000.0,28.846153846153847,True
14.0,375,64769,0,35155,65144,0.005756477956527078,1.0,0.011447061157832079,13763412.5,60,1440,0,0,1500,0.04,1.0,0.07692307692307693,306000.0,28.846153846153847,True
14.1,375,64523,0,35401,64898,0.0057782982526426085,1.0,0.011490202687175401,13711137.5,60,1440,0,0,1500,0.04,1.0,0.07692307692307693,306000.0,28.846153846153847,True
14.2,375,64288,0,35636,64663,0.005799297898334442,1.0,0.011531719917586643,13661200.0,60,1440,0,0,1500,0.04,1.0,0.07692307692307693,306000.0,28.846153846153847,True
14.3,375,64033,0,35891,64408,0.0058222581045832816,1.0,0.011577111279193615,13607012.5,60,1440,0,0,1500,0.04,1.0,0.07692307692307693,306000.0,28.846153846153847,True
14.4,375,63762,0,36162,64137,0.005846859067309041,1.0,0.011625744047619046,13549425.0,60,1440,0,0,1500,0.04,1.0,0.07692307692307693,306000.0,28.846153846153847,True
14.5,375,63520,0,36404,63895,0.005869003834415839,1.0,0.01166951921580831,13498000.0,60,1440,0,0,1500,0.04,1.0,0.07692307692307693,306000.0,28.846153846153847,True
14.6,375,63271,0,36653,63646,0.005891964931024731,1.0,0.011714906046453508,13445087.5,60,1440,0,0,1500,0.04,1.0,0.07692307692307693,306000.0,28.846153846153847,True
14.7,375,63032,0,36892,63407,0.005914173513965335,1.0,0.011758803424163555,13394300.0,60,1440,0,0,1500,0.04,1.0,0.07692307692307693,306000.0,28.846153846153847,True
14.8,375,62822,0,37102,63197,0.0059338259727518715,1.0,0.011797646762725728,13349675.0,60,1440,0,0,1500,0.04,1.0,0.07692307692307693,306000.0,28.846153846153847,True
14.9,375,62578,0,37346,62953,0.005956824932886439,1.0,0.01184310257705912,13297825.0,60,1440,0,0,1500,0.04,1.0,0.07692307692307693,306000.0,28.846153846153847,True
15.0,375,62358,0,37566,62733,0.005977715078188514,1.0,0.011884388667046967,13251075.0,60,1440,0,0,1500,0.04,1.0,0.07692307692307693,306000.0,28.846153846153847,True
15.1,375,62111,0,37813,62486,0.006001344301123451,1.0,0.01193108604699257,13198587.5,60,1440,0,0,1500,0.04,1.0,0.07692307692307693,306000.0,28.846153846153847,True
15.2,375,61858,0,38066,62233,0.006025741969694535,1.0,0.011979299769997445,13144825.0,60,1440,0,0,1500,0.04,1.0,0.07692307692307693,306000.0,28.846153846153847,True
15.3,375,61616,0,38308,61991,0.00604926521591844,1.0,0.012025783279350928,13093400.0,60,1440,0,0,1500,0.04,1.0,0.07692307692307693,306000.0,28.846153846153847,True
15.4,375,61386,0,38538,61761,0.006071792879001311,1.0,0.012070297412128235,13044525.0,60,1440,0,0,1500,0.04,1.0,0.07692307692307693,306000.0,28.846153846153847,True
15.5,375,61131,0,38793,61506,0.0060969661496439375,1.0,0.012120036844912009,12990337.5,60,1440,0,0,1500,0.04,1.0,0.07692307692307693,306000.0,28.846153846153847,True
15.6,375,60879,0,39045,61254,0.006122049172298952,1.0,0.012169595482646157,12936787.5,60,1440,0,0,1500,0.04,1.0,0.07692307692307693,306000.0,28.846153846153847,True
15.7,375,60617,0,39307,60992,0.006148347324239244,1.0,0.012221552300096142,12881112.5,60,1440,0,0,1500,0.04,1.0,0.07692307692307693,306000.0,28.846153846153847,True
15.8,375,60387,0,39537,60762,0.006171620420657648,1.0,0.012267530300799842,12832237.5,60,1440,0,0,1500,0.04,1.0,0.07692307692307693,306000.0,28.846153846153847,True
15.9,375,60145,0,39779,60520,0.006196298744216787,1.0,0.012316282124969208,12780812.5,60,1440,0,0,1500,0.04,1.0,0.07692307692307693,306000.0,28.846153846153847,True
16.0,375,59900,0,40024,60275,0.006221484861053505,1.0,0.012366034624896948,12728750.0,60,1440,0,0,1500,0.04,1.0,0.07692307692307693,306000.0,28.846153846153847,True
16.1,375,59643,0,40281,60018,0.006248125562331301,1.0,0.0124186577914659,12674137.5,60,1440,0,0,1500,0.04,1.0,0.07692307692307693,306000.0,28.846153846153847,True
16.2,375,59425,0,40499,59800,0.006270903010033445,1.0,0.012463647694225177,12627812.5,60,1440,0,0,1500,0.04,1.0,0.07692307692307693,306000.0,28.846153846153847,True
16.3,375,59176,0,40748,59551,0.0062971234739970785,1.0,0.012515435704034978,12574900.0,60,1440,0,0,1500,0.04,1.0,0.07692307692307693,306000.0,28.846153846153847,True
16.4,375,58894,0,41030,59269,0.006327084985405524,1.0,0.012574609348802897,12514975.0,60,1440,0,0,1500,0.04,1.0,0.07692307692307693,306000.0,28.846153846153847,True
16.5,375,58658,0,41266,59033,0.006352379177748039,1.0,0.012624562348505253,12464825.0,60,1440,0,0,1500,0.04,1.0,0.07692307692307693,306000.0,28.846153846153847,True
16.6,375,58420,0,41504,58795,0.006378093375287015,1.0,0.012675342234240324,12414250.0,60,1440,0,0,1500,0.04,1.0,0.07692307692307693,306000.0,28.846153846153847,True
16.7,375,58181,0,41743,58556,0.006404125964888312,1.0,0.012726748230981995,12363462.5,60,1440,0,0,1500,0.04,1.0,0.07692307692307693,306000.0,28.846153846153847,True
16.8,375,57936,0,41988,58311,0.006431033595719504,1.0,0.01277987935793886,12311400.0,60,1440,0,0,1500,0.04,1.0,0.07692307692307693,306000.0,28.846153846153847,True
16.9,375,57695,0,42229,58070,0.006457723437230928,1.0,0.012832577637094703,12260187.5,60,1440,0,0,1500,0.04,1.0,0.07692307692307693,306000.0,28.846153846153847,True
17.0,375,57448,0,42476,57823,0.006485308614219256,1.0,0.012887040791779786,12207700.0,60,1440,0,0,1500,0.04,1.0,0.07692307692307693,306000.0,28.846153846153847,True
17.1,375,57190,0,42734,57565,0.006514375054286459,1.0,0.012944425267518123,12152875.0,60,1440,0,0,1500,0.04,1.0,0.07692307692307693,306000.0,28.846153846153847,True
17.2,375,56916,0,43008,57291,0.006545530711630099,1.0,0.01300593070440121,12094650.0,60,1440,0,0,1500,0.04,1.0,0.07692307692307693,306000.0,28.846153846153847,True
17.3,375,56653,0,43271,57028,0.006575717191555025,1.0,0.013065519223733951,12038762.5,60,1440,0,0,1500,0.04,1.0,0.07692307692307693,306000.0,28.846153846153847,True
17.4,375,56396,0,43528,56771,0.00660548519490585,1.0,0.013124278164700942,11984150.0,60,1440,0,0,1500,0.04,1.0,0.07692307692307693,306000.0,28.846153846153847,True
17.5,375,56134,0,43790,56509,0.006636111061954733,1.0,0.013184726812460445,11928475.0,60,1440,0,0,1500,0.04,1.0,0.07692307692307693,306000.0,28.846153846153847,True
17.6,375,55876,0,44048,56251,0.0066665481502551065,1.0,0.013244799208843996,11873650.0,60,1440,0,0,1500,0.04,1.0,0.07692307692307693,306000.0,28.846153846153847,True
17.7,375,55637,0,44287,56012,0.00669499392987217,1.0,0.01330093815950485,11822862.5,60,1440,0,0,1500,0.04,1.0,0.07692307692307693,306000.0,28.846153846153847,True
17.8,375,55394,0,44530,55769,0.006724165755168642,1.0,0.01335850669706469,11771225.0,60,1440,0,0,1500,0.04,1.0,0.07692307692307693,306000.0,28.846153846153847,True
17.9,375,55128,0,44796,55503,0.006756391546402897,1.0,0.013422098142381619,11714700.0,60,1440,0,0,1500,0.04,1.0,0.07692307692307693,306000.0,28.846153846153847,True
18.0,375,54857,0,45067,55232,0.006789542294322132,1.0,0.013487510565216609,11657112.5,60,1440,0,0,1500,0.04,1.0,0.07692307692307693,306000.0,28.846153846153847,True
18.1,375,54616,0,45308,54991,0.006819297703260533,1.0,0.013546219701621932,11605900.0,60,1440,0,0,1500,0.04,1.0,0.07692307692307693,306000.0,28.846153846153847,True
18.2,375,54400,0,45524,54775,0.006846188954815153,1.0,0.013599274705349046,11560000.0,60,1440,0,0,1500,0.04,1.0,0.07692307692307693,306000.0,28.846153846153847,True
18.3,375,54133,0,45791,54508,0.0068797240771996775,1.0,0.013665433740866937,11503262.5,60,1440,0,0,1500,0.04,1.0,0.07692307692307693,306000.0,28.846153846153847,True
18.4,374,53875,1,46049,54249,0.006894136297443271,0.9973333333333333,0.013693614528412421,11473437.5,60,1440,0,0,1500,0.04,1.0,0.07692307692307693,306000.0,28.846153846153847,True
18.5,374,53598,1,46326,53972,0.006929519009856963,0.9973333333333333,0.0137634092038199,11414575.0,60,1440,0,0,1500,0.04,1.0,0.07692307692307693,306000.0,28.846153846153847,True
18.6,374,53364,1,46560,53738,0.006959693326882281,0.9973333333333333,0.013822926099088946,11364850.0,60,1440,0,0,1500,0.04,1.0,0.07692307692307693,306000.0,28.846153846153847,True
18.7,374,53072,1,46852,53446,0.006997717322156943,0.9973333333333333,0.013897920885899554,11302800.0,60,1440,0,0,1500,0.04,1.0,0.07692307692307693,306000.0,28.846153846153847,True
18.8,374,52812,1,47112,53186,0.007031925694731696,0.9973333333333333,0.01396538526166427,11247550.0,60,1440,0,0,1500,0.04,1.0,0.07692307692307693,306000.0,28.846153846153847,True
18.9,374,52569,1,47355,52943,0.007064201121961355,0.9973333333333333,0.014029033347087288,11195912.5,60,1440,0,0,1500,0.04,1.0,0.07692307692307693,306000.0,28.846153846153847,True
19.0,374,52303,1,47621,52677,0.007099872809765173,0.9973333333333333,0.014099374198899194,11139387.5,60,1440,0,0,1500,0.04,1.0,0.07692307692307693,306000.0,28.846153846153847,True
19.1,374,52048,1,47876,52422,0.007134409217504101,0.9973333333333333,0.01416747163664602,11085200.0,60,1440,0,0,1500,0.04,1.0,0.07692307692307693,306000.0,28.846153846153847,True
19.2,374,51825,1,48099,52199,0.007164888216249354,0.9973333333333333,0.014227564956061933,11037812.5,60,1440,0,0,1500,0.04,1.0,0.07692307692307693,306000.0,28.846153846153847,True
19.3,374,51541,1,48383,51915,0.007204083598189348,0.9973333333333333,0.014304838401223941,10977462.5,60,1440,0,0,1500,0.04,1.0,0.07692307692307693,306000.0,28.846153846153847,True
19.4,374,51285,1,48639,51659,0.00723978396794363,0.9973333333333333,0.014375216204789177,10923062.5,60,1440,0,0,1500,0.04,1.0,0.07692307692307693,306000.0,28.846153846153847,True
19.5,374,51034,1,48890,51408,0.007275132275132275,0.9973333333333333,0.014444895042774656,10869725.0,60,1440,0,0,1500,0.04,1.0,0.07692307692307693,306000.0,28.846153846153847,True
19.6,374,50771,1,49153,51145,0.007312542770554306,0.9973333333333333,0.014518633540372668,10813837.5,60,1440,0,0,1500,0.04,1.0,0.07692307692307693,306000.0,28.846153846153847,True
19.7,374,50497,1,49427,50871,0.007351929390025751,0.9973333333333333,0.014596261171603635,10755612.5,60,1440,0,0,1500,0.04,1.0,0.07692307692307693,306000.0,28.846153846153847,True
19.8,374,50278,1,49646,50652,0.00738371633894022,0.9973333333333333,0.014658906069335842,10709075.0,60,1440,0,0,1500,0.04,1.0,0.07692307692307693,306000.0,28.846153846153847,True
19.9,374,50021,1,49903,50395,0.007421371167774581,0.9973333333333333,0.01473311010439236,10654462.5,60,1440,0,0,1500,0.04,1.0,0.07692307692307693,306000.0,28.846153846153847,True
20.0,374,49779,1,50145,50153,0.007457181026060256,0.9973333333333333,0.014803673210892971,10603037.5,60,1440,0,0,1500,0.04,1.0,0.07692307692307693,306000.0,28.846153846153847,True
20.1,374,49529,1,50395,49903,0.00749453940644851,0.9973333333333333,0.014877282310354428,10549912.5,60,1440,0,0,1500,0.04,1.0,0.07692307692307693,306000.0,28.846153846153847,True
20.2,374,49275,1,50649,49649,0.0075328808233801284,0.9973333333333333,0.014952822645130337,10495937.5,60,1440,0,0,1500,0.04,1.0,0.07692307692307693,306000.0,28.846153846153847,True
20.3,374,49042,1,50882,49416,0.007568398899141978,0.9973333333333333,0.015022795284288322,10446425.0,60,1440,0,0,1500,0.04,1.0,0.07692307692307693,306000.0,28.846153846153847,True
20.4,374,48774,1,51150,49148,0.007609668755595345,0.9973333333333333,0.015104093047674818,10389475.0,60,1440,0,0,1500,0.04,1.0,0.07692307692307693,306000.0,28.846153846153847,True
20.5,374,48568,1,51356,48942,0.007641698336806832,0.9973333333333333,0.015167183729748363,10345700.0,60,1440,0,0,1500,0.04,1.0,0.07692307692307693,306000.0,28.846153846153847,True
20.6,374,48321,1,51603,48695,0.007680460006160797,0.9973333333333333,0.015243529651518239,10293212.5,60,1440,0,0,1500,0.04,1.0,0.07692307692307693,306000.0,28.846153846153847,True
20.7,374,48082,1,51842,48456,0.007718342413736173,0.9973333333333333,0.015318138068030555,10242425.0,60,1440,0,0,1500,0.04,1.0,0.07692307692307693,306000.0,28.846153846153847,True
20.8,374,47809,1,52115,48183,0.007762073760454932,0.9973333333333333,0.015404258824498536,10184412.5,60,1440,0,0,1500,0.04,1.0,0.07692307692307693,306000.0,28.846153846153847,True
20.9,374,47567,1,52357,47941,0.007801255710143718,0.9973333333333333,0.015481414024339762,10132987.5,60,1440,0,0,1500,0.04,1.0,0.07692307692307693,306000.0,28.846153846153847,True
21.0,374,47316,1,52608,47690,0.007842314950723421,0.9973333333333333,0.015562259440341201,10079650.0,60,1440,0,0,1500,0.04,1.0,0.07692307692307693,306000.0,28.846153846153847,True
21.1,374,47069,1,52855,47443,0.007883143983306284,0.9973333333333333,0.015642645029068553,10027162.5,60,1440,0,0,1500,0.04,1.0,0.07692307692307693,306000.0,28.846153846153847,True
21.2,374,46829,1,53095,47203,0.007923225218736098,0.9973333333333333,0.01572155197780487,9976162.5,60,1440,0,0,1500,0.04,1.0,0.07692307692307693,306000.0,28.846153846153847,True
21.3,374,46606,1,53318,46980,0.007960834397616006,0.9973333333333333,0.01579558652729384,9928775.0,60,1440,0,0,1500,0.04,1.0,0.07692307692307693,306000.0,28.846153846153847,True
21.4,374,46357,1,53567,46731,0.008003252658834607,0.9973333333333333,0.015879081221075873,9875862.5,60,1440,0,0,1500,0.04,1.0,0.07692307692307693,306000.0,28.846153846153847,True
21.5,374,46095,1,53829,46469,0.00804837633691278,0.9973333333333333,0.015967893433524036,9820187.5,60,1440,0,0,1500,0.04,1.0,0.07692307692307693,306000.0,28.846153846153847,True
21.6,374,45864,1,54060,46238,0.008088585146416367,0.9973333333333333,0.01604702550790552,9771100.0,60,1440,0,0,1500,0.04,1.0,0.07692307692307693,306000.0,28.846153846153847,True
21.7,374,45605,1,54319,45979,0.008134148198090432,0.9973333333333333,0.016136687233032746,9716062.5,60,1440,0,0,1500,0.04,1.0,0.07692307692307693,306000.0,28.846153846153847,True
21.8,374,45333,1,54591,45707,0.00818255409455882,0.9973333333333333,0.016231934377848183,9658262.5,60,1440,0,0,1500,0.04,1.0,0.07692307692307693,306000.0,28.846153846153847,True
21.9,374,45088,1,54836,45462,0.008226650829264001,0.9973333333333333,0.016318694504439644,9606200.0,60,1440,0,0,1500,0.04,1.0,0.07692307692307693,306000.0,28.846153846153847,True
22.0,374,44837,1,55087,45211,0.008272323107208423,0.9973333333333333,0.016408546483569517,9552862.5,60,1440,0,0,1500,0.04,1.0,0.07692307692307693,306000.0,28.846153846153847,True
22.1,374,44618,1,55306,44992,0.008312588904694168,0.9973333333333333,0.016487755416933016,9506325.0,60,1440,0,0,1500,0.04,1.0,0.07692307692307693,306000.0,28.846153846153847,True
22.2,374,44365,1,55559,44739,0.008359596772390978,0.9973333333333333,0.016580219000753647,9452562.5,60,1440,0,0,1500,0.04,1.0,0.07692307692307693,306000.0,28.846153846153847,True
22.3,373,44137,2,55787,44510,0.008380139294540553,0.9946666666666667,0.016620251754483683,9429112.5,60,1440,0,0,1500,0.04,1.0,0.07692307692307693,306000.0,28.846153846153847,True
22.4,373,43872,2,56052,44245,0.008430331110859984,0.9946666666666667,0.01671896010757508,9372800.0,60,1440,0,0,1500,0.04,1.0,0.07692307692307693,306000.0,28.846153846153847,True
22.5,373,43601,2,56323,43974,0.008482284986582982,0.9946666666666667,0.016821123362420802,9315212.5,60,1440,0,0,1500,0.04,1.0,0.07692307692307693,306000.0,28.846153846153847,True
22.6,373,43341,2,56583,43714,0.008532735508075217,0.9946666666666667,0.016920320261289666,9259962.5,60,1440,0,0,1500,0.04,1.0,0.07692307692307693,306000.0,28.846153846153847,True
22.7,373,43077,2,56847,43450,0.00858457997698504,0.9946666666666667,0.01702224757558471,9203862.5,60,1440,0,0,1500,0.04,1.0,0.07692307692307693,306000.0,28.846153846153847,True
22.8,372,42818,3,57106,43190,0.008613104885390136,0.992,0.01707792953058648,9173825.0,60,1440,0,0,1500,0.04,1.0,0.07692307692307693,306000.0,28.846153846153847,True
22.9,372,42568,3,57356,42940,0.008663251047973917,0.992,0.017176497749047673,9120700.0,60,1440,0,0,1500,0.04,1.0,0.07692307692307693,306000.0,28.846153846153847,True
23.0,372,42329,3,57595,42701,0.008711739771902297,0.992,0.017271798681400313,9069912.5,60,1440,0,0,1500,0.04,1.0,0.07692307692307693,306000.0,28.846153846153847,True
23.1,372,42081,3,57843,42453,0.008762631616140201,0.992,0.01737181283272625,9017212.5,60,1440,0,0,1500,0.04,1.0,0.07692307692307693,306000.0,28.846153846153847,True
23.2,372,41859,3,58065,42231,0.008808695034453364,0.992,0.01746232924940149,8970037.5,60,1440,0,0,1500,0.04,1.0,0.07692307692307693,306000.0,28.846153846153847,True
23.3,372,41625,3,58299,41997,0.008857775555396814,0.992,0.017558765222316624,8920312.5,60,1440,0,0,1500,0.04,1.0,0.07692307692307693,306000.0,28.846153846153847,True
23.4,372,41390,3,58534,41762,0.00890761936688856,0.992,0.017656691268956023,8870375.0,60,1440,0,0,1500,0.04,1.0,0.07692307692307693,306000.0,28.846153846153847,True
23.5,372,41130,3,58794,41502,0.008963423449472315,0.992,0.017766315638656067,8815125.0,60,1440,0,0,1500,0.04,1.0,0.07692307692307693,306000.0,28.846153846153847,True
23.6,372,40875,3,59049,41247,0.009018837733653357,0.992,0.017875162173850368,8760937.5,60,1440,0,0,1500,0.04,1.0,0.07692307692307693,306000.0,28.846153846153847,True
23.7,372,40626,3,59298,40998,0.009073613346992537,0.992,0.01798274236821115,8708025.0,60,1440,0,0,1500,0.04,1.0,0.07692307692307693,306000.0,28.846153846153847,True
23.8,372,40383,3,59541,40755,0.009127714390872286,0.992,0.018088986141502554,8656387.5,60,1440,0,0,1500,0.04,1.0,0.07692307692307693,306000.0,28.846153846153847,True
23.9,372,40135,3,59789,40507,0.009183597896659837,0.992,0.018198718262315935,8603687.5,60,1440,0,0,1500,0.04,1.0,0.07692307692307693,306000.0,28.846153846153847,True
24.0,372,39861,3,60063,40233,0.009246141227350683,0.992,0.018321513002364065,8545462.5,60,1440,0,0,1500,0.04,1.0,0.07692307692307693,306000.0,28.846153846153847,True
24.1,372,39625,3,60299,39997,0.009300697552316424,0.992,0.018428613890815414,8495312.5,60,1440,0,0,1500,0.04,1.0,0.07692307692307693,306000.0,28.846153846153847,True
24.2,372,39381,3,60543,39753,0.009357784318164667,0.992,0.01854066985645933,8443462.5,60,1440,0,0,1500,0.04,1.0,0.07692307692307693,306000.0,28.846153846153847,True
24.3,372,39128,3,60796,39500,0.009417721518987341,0.992,0.01865830721003135,8389700.0,60,1440,0,0,1500,0.04,1.0,0.07692307692307693,306000.0,28.846153846153847,True
24.4,372,38861,3,61063,39233,0.009481813779216476,0.992,0.01878408402342961,8332962.5,60,1440,0,0,1500,0.04,1.0,0.07692307692307693,306000.0,28.846153846153847,True
24.5,372,38604,3,61320,38976,0.009544334975369459,0.992,0.018906762216970345,8278350.0,60,1440,0,0,1500,0.04,1.0,0.07692307692307693,306000.0,28.846153846153847,True
24.6,372,38349,3,61575,38721,0.00960718989695514,0.992,0.019030079803560467,8224162.5,60,1440,0,0,1500,0.04,1.0,0.07692307692307693,306000.0,28.846153846153847,True
24.7,372,38101,3,61823,38473,0.009669118602656408,0.992,0.019151565074135086,8171462.5,60,1440,0,0,1500,0.04,1.0,0.07692307692307693,306000.0,28.846153846153847,True
24.8,372,37843,3,62081,38215,0.009734397487897423,0.992,0.019279606115573986,8116637.5,60,1440,0,0,1500,0.04,1.0,0.07692307692307693,306000.0,28.846153846153847,True
24.9,372,37603,3,62321,37975,0.009795918367346938,0.992,0.01940026075619296,8065637.5,60,1440,0,0,1500,0.04,1.0,0.07692307692307693,306000.0,28.846153846153847,True
25.0,372,37345,3,62579,37717,0.009862926531802636,0.992,0.019531660191116244,8010812.5,60,1440,0,0,1500,0.04,1.0,0.07692307692307693,306000.0,28.846153846153847,True
25.1,372,37074,3,62850,37446,0.009934305399775677,0.992,0.019671611009756486,7953225.0,60,1440,0,0,1500,0.04,1.0,0.07692307692307693,306000.0,28.846153846153847,True
25.2,372,36826,3,63098,37198,0.010000537663315231,0.992,0.01980145317116014,7900525.0,60,1440,0,0,1500,0.04,1.0,0.07692307692307693,306000.0,28.846153846153847,True
25.3,372,36583,3,63341,36955,0.010066296847517251,0.992,0.019930350924189665,7848887.5,60,1440,0,0,1500,0.04,1.0,0.07692307692307693,306000.0,28.846153846153847,True
25.4,372,36339,3,63585,36711,0.010133202582332272,0.992,0.020061478725125387,7797037.5,60,1440,0,0,1500,0.04,1.0,0.07692307692307693,306000.0,28.846153846153847,True
25.5,372,36093,3,63831,36465,0.010201563142739614,0.992,0.020195439739413682,7744762.5,60,1440,0,0,1500,0.04,1.0,0.07692307692307693,306000.0,28.846153846153847,True
25.6,372,35829,3,64095,36201,0.010275959227645645,0.992,0.020341207349081368,7688662.5,60,1440,0,0,1500,0.04,1.0,0.07692307692307693,306000.0,28.846153846153847,True
25.7,372,35578,3,64346,35950,0.010347705146036161,0.992,0.02048176187198899,7635325.0,60,1440,0,0,1500,0.04,1.0,0.07692307692307693,306000.0,28.846153846153847,True
25.8,372,35301,3,64623,35673,0.010428054831385081,0.992,0.020639147802929428,7576462.5,60,1440,0,0,1500,0.04,1.0,0.07692307692307693,306000.0,28.846153846153847,True
25.9,372,35061,3,64863,35433,0.010498687664041995,0.992,0.02077747989276139,7525462.5,60,1440,0,0,1500,0.04,1.0,0.07692307692307693,306000.0,28.846153846153847,True
26.0,372,34829,3,65095,35201,0.01056788159427289,0.992,0.020912975039352376,7476162.5,60,1440,0,0,1500,0.04,1.0,0.07692307692307693,306000.0,28.846153846153847,True
26.1,372,34571,3,65353,34943,0.010645909051884497,0.992,0.02106574551220341,7421337.5,60,1440,0,0,1500,0.04,1.0,0.07692307692307693,306000.0,28.846153846153847,True
26.2,372,34337,3,65587,34709,0.010717681293036388,0.992,0.021206247862273403,7371612.5,60,1440,0,0,1500,0.04,1.0,0.07692307692307693,306000.0,28.846153846153847,True
26.3,372,34098,3,65826,34470,0.010791993037423847,0.992,0.021351700387430048,7320825.0,60,1440,0,0,1500,0.04,1.0,0.07692307692307693,306000.0,28.846153846153847,True
26.4,372,33838,3,66086,34210,0.010874013446360714,0.992,0.021512216278733558,7265575.0,60,1440,0,0,1500,0.04,1.0,0.07692307692307693,306000.0,28.846153846153847,True
26.5,372,33582,3,66342,33954,0.010955999293161336,0.992,0.02167263829415363,7211175.0,60,1440,0,0,1500,0.04,1.0,0.07692307692307693,306000.0,28.846153846153847,True
26.6,372,33354,3,66570,33726,0.011030065824586372,0.992,0.02181754200756576,7162725.0,60,1440,0,0,1500,0.04,1.0,0.07692307692307693,306000.0,28.846153846153847,True
26.7,371,33095,4,66829,33466,0.011085878204745114,0.9893333333333333,0.021926066014597678,7132687.5,60,1440,0,0,1500,0.04,1.0,0.07692307692307693,306000.0,28.846153846153847,True
26.8,371,32844,4,67080,33215,0.011169652265542677,0.9893333333333333,0.02208990771062816,7079350.0,60,1440,0,0,1500,0.04,1.0,0.07692307692307693,306000.0,28.846153846153847,True
26.9,371,32586,4,67338,32957,0.01125709257517371,0.9893333333333333,0.022260890435617426,7024525.0,60,1440,0,0,1500,0.04,1.0,0.07692307692307693,306000.0,28.846153846153847,True
27.0,371,32331,4,67593,32702,0.011344871873279922,0.9893333333333333,0.022432505970916346,6970337.5,60,1440,0,0,1500,0.04,1.0,0.07692307692307693,306000.0,28.846153846153847,True
27.1,371,32078,4,67846,32449,0.011433326142562174,0.9893333333333333,0.022605410675115768,6916575.0,60,1440,0,0,1500,0.04,1.0,0.07692307692307693,306000.0,28.846153846153847,True
27.2,371,31821,4,68103,32192,0.011524602385685884,0.9893333333333333,0.022783799551693427,6861962.5,60,1440,0,0,1500,0.04,1.0,0.07692307692307693,306000.0,28.846153846153847,True
27.3,371,31551,4,68373,31922,0.011622078817116722,0.9893333333333333,0.022974270056042356,6804587.5,60,1440,0,0,1500,0.04,1.0,0.07692307692307693,306000.0,28.846153846153847,True
27.4,371,31281,4,68643,31652,0.011721218248451914,0.9893333333333333,0.023167952040465855,6747212.5,60,1440,0,0,1500,0.04,1.0,0.07692307692307693,306000.0,28.846153846153847,True
27.5,371,31068,4,68856,31439,0.011800629791023887,0.9893333333333333,0.02332306531715597,6701950.0,60,1440,0,0,1500,0.04,1.0,0.07692307692307693,306000.0,28.846153846153847,True
27.6,371,30797,4,69127,31168,0.0119032340862423,0.9893333333333333,0.023523444187299878,6644362.5,60,1440,0,0,1500,0.04,1.0,0.07692307692307693,306000.0,28.846153846153847,True
27.7,371,30534,4,69390,30905,0.012004530011325029,0.9893333333333333,0.023721227621483376,6588475.0,60,1440,0,0,1500,0.04,1.0,0.07692307692307693,306000.0,28.846153846153847,True
27.8,371,30318,4,69606,30689,0.012089022125191437,0.9893333333333333,0.023886170486737062,6542575.0,60,1440,0,0,1500,0.04,1.0,0.07692307692307693,306000.0,28.846153846153847,True
27.9,371,30079,4,69845,30450,0.01218390804597701,0.9893333333333333,0.024071370640713706,6491787.5,60,1440,0,0,1500,0.04,1.0,0.07692307692307693,306000.0,28.846153846153847,True
28.0,371,29820,4,70104,30191,0.012288430326918618,0.9893333333333333,0.02427533861152915,6436750.0,60,1440,0,0,1500,0.04,1.0,0.07692307692307693,306000.0,28.846153846153847,True
28.1,371,29579,4,70345,29950,0.012387312186978297,0.9893333333333333,0.024468260511129433,6385537.5,60,1440,0,0,1500,0.04,1.0,0.07692307692307693,306000.0,28.846153846153847,True
28.2,371,29332,4,70592,29703,0.01249032084301249,0.9893333333333333,0.02466919343041426,6333050.0,60,1440,0,0,1500,0.04,1.0,0.07692307692307693,306000.0,28.846153846153847,True
28.3,371,29091,4,70833,29462,0.01259249202362365,0.9893333333333333,0.02486845192211013,6281837.5,60,1440,0,0,1500,0.04,1.0,0.07692307692307693,306000.0,28.846153846153847,True
28.4,371,28833,4,71091,29204,0.012703739213806327,0.9893333333333333,0.02508536461678893,6227012.5,60,1440,0,0,1500,0.04,1.0,0.07692307692307693,306000.0,28.846153846153847,True
28.5,371,28584,4,71340,28955,0.012812985667414954,0.9893333333333333,0.025298329355608593,6174100.0,60,1440,0,0,1500,0.04,1.0,0.07692307692307693,306000.0,28.846153846153847,True
28.6,371,28345,4,71579,28716,0.012919626688953894,0.9893333333333333,0.025506170293217837,6123312.5,60,1440,0,0,1500,0.04,1.0,0.07692307692307693,306000.0,28.846153846153847,True
28.7,371,28090,4,71834,28461,0.01303538175046555,0.9893333333333333,0.025731724233596896,6069125.0,60,1440,0,0,1500,0.04,1.0,0.07692307692307693,306000.0,28.846153846153847,True
28.8,371,27831,4,72093,28202,0.01315509538330615,0.9893333333333333,0.025964936837316727,6014087.5,60,1440,0,0,1500,0.04,1.0,0.07692307692307693,306000.0,28.846153846153847,True
28.9,371,27575,4,72349,27946,0.01327560294854362,0.9893333333333333,0.026199639843225875,5959687.5,60,1440,0,0,1500,0.04,1.0,0.07692307692307693,306000.0,28.846153846153847,True
29.0,371,27323,4,72601,27694,0.013396403553116198,0.9893333333333333,0.026434856959635183,5906137.5,60,1440,0,0,1500,0.04,1.0,0.07692307692307693,306000.0,28.846153846153847,True
29.1,371,27062,4,72862,27433,0.013523858127073234,0.9893333333333333,0.026682968929804374,5850675.0,60,1440,0,0,1500,0.04,1.0,0.07692307692307693,306000.0,28.846153846153847,True
29.2,371,26805,4,73119,27176,0.013651751545481308,0.9893333333333333,0.02693187180138652,5796062.5,60,1440,0,0,1500,0.04,1.0,0.07692307692307693,306000.0,28.846153846153847,True
29.3,371,26554,4,73370,26925,0.013779015784586816,0.9893333333333333,0.02717948717948718,5742725.0,60,1440,0,0,1500,0.04,1.0,0.07692307692307693,306000.0,28.846153846153847,True
29.4,371,26336,4,73588,26707,0.013891489122701913,0.9893333333333333,0.027398271914925044,5696400.0,60,1440,0,0,1500,0.04,1.0,0.07692307692307693,306000.0,28.846153846153847,True
29.5,371,26078,4,73846,26449,0.014026995349540626,0.9893333333333333,0.027661795407098125,5641575.0,60,1440,0,0,1500,0.04,1.0,0.07692307692307693,306000.0,28.846153846153847,True
29.6,371,25839,4,74085,26210,0.014154902708889737,0.9893333333333333,0.027910475832236225,5590787.5,60,1440,0,0,1500,0.04,1.0,0.07692307692307693,306000.0,28.846153846153847,True
29.7,371,25599,4,74325,25970,0.014285714285714285,0.9893333333333333,0.02816473714177263,5539787.5,60,1440,0,0,1500,0.04,1.0,0.07692307692307693,306000.0,28.846153846153847,True
29.8,371,25333,4,74591,25704,0.01443355119825708,0.9893333333333333,0.02845201119674834,5483262.5,60,1439,0,1,1499,0.0400266844563042,1.0,0.07697241821680564,305787.5,28.826923076923077,True
29.9,371,25085,4,74839,25456,0.01457416719044626,0.9893333333333333,0.028725175177112768,5430562.5,60,1439,0,1,1499,0.0400266844563042,1.0,0.07697241821680564,305787.5,28.826923076923077,True
30.0,371,24823,4,75101,25194,0.014725728348019369,0.9893333333333333,0.029019515819938203,5374887.5,60,1439,0,1,1499,0.0400266844563042,1.0,0.07697241821680564,305787.5,28.826923076923077,True
30.1,371,24580,4,75344,24951,0.014869143521301751,0.9893333333333333,0.029297954671089,5323250.0,60,1439,0,1,1499,0.0400266844563042,1.0,0.07697241821680564,305787.5,28.826923076923077,True
30.2,371,24346,4,75578,24717,0.015009912206173889,0.9893333333333333,0.029571178064721825,5273525.0,60,1439,0,1,1499,0.0400266844563042,1.0,0.07697241821680564,305787.5,28.826923076923077,True
30.3,371,24114,4,75810,24485,0.015152133959567082,0.9893333333333333,0.029847144006436042,5224225.0,60,1439,0,1,1499,0.0400266844563042,1.0,0.07697241821680564,305787.5,28.826923076923077,True
30.4,371,23854,4,76070,24225,0.015314757481940144,0.9893333333333333,0.030162601626016257,5168975.0,60,1437,0,3,1497,0.04008016032064128,1.0,0.07707129094412331,305362.5,28.78846153846154,True
30.5,371,23628,4,76296,23999,0.015458977457394059,0.9893333333333333,0.030442274554853536,5120950.0,60,1437,0,3,1497,0.04008016032064128,1.0,0.07707129094412331,305362.5,28.78846153846154,True
30.6,371,23361,4,76563,23732,0.015632900724759816,0.9893333333333333,0.03077944165595055,5064212.5,60,1437,0,3,1497,0.04008016032064128,1.0,0.07707129094412331,305362.5,28.78846153846154,True
30.7,371,23121,4,76803,23492,0.015792610250297975,0.9893333333333333,0.031088951271630288,5013212.5,60,1434,0,6,1494,0.040160642570281124,1.0,0.07722007722007722,304725.0,28.73076923076923,True
30.8,371,22885,4,77039,23256,0.015952872377020984,0.9893333333333333,0.03139943294824595,4963062.5,60,1431,0,9,1491,0.04024144869215292,1.0,0.07736943907156672,304087.5,28.673076923076923,True
30.9,371,22627,4,77297,22998,0.016131837551091398,0.9893333333333333,0.031746031746031744,4908237.5,60,1431,0,9,1491,0.04024144869215292,1.0,0.07736943907156672,304087.5,28.673076923076923,True
31.0,371,22377,4,77547,22748,0.01630912607701776,0.9893333333333333,0.03208926177399127,4855112.5,60,1429,0,11,1489,0.040295500335795834,1.0,0.0774693350548741,303662.5,28.634615384615383,True
31.1,371,22098,4,77826,22469,0.0165116382571543,0.9893333333333333,0.032481176676589035,4795825.0,60,1427,0,13,1487,0.04034969737726967,1.0,0.07756948933419522,303237.5,28.596153846153847,True
31.2,370,21827,5,78097,22197,0.016668919223318465,0.9866666666666667,0.03278398015240121,4763237.5,60,1427,0,13,1487,0.04034969737726967,1.0,0.07756948933419522,303237.5,28.596153846153847,True
31.3,370,21566,5,78358,21936,0.01686725018234865,0.9866666666666667,0.03316749585406302,4707775.0,60,1424,0,16,1484,0.04043126684636118,1.0,0.07772020725388601,302600.0,28.53846153846154,True
31.4,369,21341,6,78583,21710,0.01699677567941041,0.984,0.03341634593615576,4684962.5,60,1422,0,18,1482,0.04048582995951417,1.0,0.07782101167315175,302175.0,28.5,True
31.5,369,21086,6,78838,21455,0.01719878816126777,0.984,0.03380668804397618,4630775.0,60,1421,0,19,1481,0.04051316677920324,1.0,0.07787151200519143,301962.5,28.48076923076923,True
31.6,369,20858,6,79066,21227,0.01738352098742168,0.984,0.03416350337931673,4582325.0,60,1420,0,20,1480,0.04054054054054054,1.0,0.07792207792207792,301750.0,28.46153846153846,True
31.7,369,20619,6,79305,20988,0.01758147512864494,0.984,0.03454570987220896,4531537.5,60,1419,0,21,1479,0.04056795131845842,1.0,0.07797270955165692,301537.5,28.442307692307693,True
31.8,369,20371,6,79553,20740,0.017791706846673097,0.984,0.03495145631067962,4478837.5,60,1418,0,22,1478,0.04059539918809202,1.0,0.07802340702210663,301325.0,28.423076923076923,True
31.9,369,20094,6,79830,20463,0.018032546547427062,0.984,0.03541606680103656,4419975.0,60,1416,0,24,1476,0.04065040650406504,1.0,0.078125,300900.0,28.384615384615383,True
32.0,369,19850,6,80074,20219,0.018250160739898116,0.984,0.03583568029523162,4368125.0,60,1413,0,27,1473,0.04073319755600815,1.0,0.07827788649706459,300262.5,28.326923076923077,True
32.1,369,19608,6,80316,19977,0.01847124192821745,0.984,0.03626179245283019,4316700.0,60,1411,0,29,1471,0.04078857919782461,1.0,0.07838014369693011,299837.5,28.28846153846154,True
32.2,369,19322,6,80602,19691,0.018739525671626633,0.984,0.03677863051928635,4255925.0,60,1409,0,31,1469,0.04084411164057182,1.0,0.07848266841072597,299412.5,28.25,True
32.3,369,19091,6,80833,19460,0.01896197327852004,0.984,0.03720695739853794,4206837.5,60,1408,0,32,1468,0.04087193460490463,1.0,0.07853403141361257,299200.0,28.23076923076923,True
32.4,369,18855,6,81069,19224,0.019194756554307114,0.984,0.03765498239706107,4156687.5,60,1406,0,34,1466,0.040927694406548434,1.0,0.07863695937090433,298775.0,28.192307692307693,True
32.5,369,18611,6,81313,18980,0.019441517386722867,0.984,0.0381296822526479,4104837.5,60,1405,0,35,1465,0.040955631399317405,1.0,0.07868852459016394,298562.5,28.173076923076923,True
32.6,369,18355,6,81569,18724,0.019707327494125185,0.984,0.03864076653227917,4050437.5,60,1400,0,40,1460,0.0410958904109589,1.0,0.07894736842105263,297500.0,28.076923076923077,True
32.7,369,18150,6,81774,18519,0.019925481937469625,0.984,0.03906001905366783,4006875.0,60,1398,0,42,1458,0.0411522633744856,1.0,0.07905138339920949,297075.0,28.03846153846154,True
32.8,369,17896,6,82028,18265,0.02020257322748426,0.984,0.039592274678111584,3952900.0,60,1395,0,45,1455,0.041237113402061855,1.0,0.0792079207920792,296437.5,27.98076923076923,True
32.9,369,17654,6,82270,18023,0.020473838983521057,0.984,0.04011305576693119,3901475.0,60,1391,0,49,1451,0.04135079255685734,1.0,0.07941760423560557,295587.5,27.903846153846153,True
33.0,369,17399,6,82525,17768,0.020767672219720847,0.984,0.0406768450642121,3847287.5,60,1386,0,54,1446,0.04149377593360996,1.0,0.07968127490039839,294525.0,27.807692307692307,True
33.1,369,17144,6,82780,17513,0.021070062239479243,0.984,0.0412567084078712,3793100.0,60,1381,0,59,1441,0.041637751561415685,1.0,0.07994670219853431,293462.5,27.71153846153846,True
33.2,369,16884,6,83040,17253,0.02138758476786646,0.984,0.04186521443158612,3737850.0,60,1379,0,61,1439,0.04169562195969423,1.0,0.0800533689126084,293037.5,27.673076923076923,True
33.3,369,16637,6,83287,17006,0.02169822415618017,0.984,0.04246015764340371,3685362.5,60,1373,0,67,1433,0.0418702023726448,1.0,0.08037508372404555,291762.5,27.557692307692307,True
33.4,369,16399,6,83525,16768,0.022006202290076337,0.984,0.04304964125298955,3634787.5,60,1372,0,68,1432,0.04189944134078212,1.0,0.08042895442359249,291550.0,27.53846153846154,True
33.5,369,16151,6,83773,16520,0.022336561743341404,0.984,0.043681562592482986,3582087.5,60,1368,0,72,1428,0.04201680672268908,1.0,0.08064516129032258,290700.0,27.46153846153846,True
33.6,369,15933,6,83991,16302,0.02263525947736474,0.984,0.044252563410685376,3535762.5,60,1366,0,74,1426,0.04207573632538569,1.0,0.08075370121130553,290275.0,27.423076923076923,True
33.7,369,15678,6,84246,16047,0.022994952327537857,0.984,0.04493971501644135,3481575.0,60,1362,0,78,1422,0.04219409282700422,1.0,0.08097165991902834,289425.0,27.346153846153847,True
33.8,368,15425,7,84499,15793,0.023301462673336288,0.9813333333333333,0.045522018802572985,3452812.5,60,1360,0,80,1420,0.04225352112676056,1.0,0.08108108108108109,289000.0,27.307692307692307,True
33.9,368,15178,7,84746,15546,0.02367168403447832,0.9813333333333333,0.04622825199422147,3400325.0,60,1349,0,91,1409,0.042583392476934,1.0,0.08168822328114363,286662.5,27.096153846153847,True
34.0,368,14933,7,84991,15301,0.024050715639500685,0.9813333333333333,0.04695075274304669,3348262.5,60,1344,0,96,1404,0.042735042735042736,1.0,0.08196721311475409,285600.0,27.0,True
34.1,368,14683,7,85241,15051,0.02445020264434257,0.9813333333333333,0.04771165564631142,3295137.5,60,1339,0,101,1399,0.04288777698355969,1.0,0.08224811514736122,284537.5,26.903846153846153,True
34.2,368,14410,7,85514,14778,0.024901881174719177,0.9813333333333333,0.04857124001847819,3237125.0,60,1337,0,103,1397,0.04294917680744453,1.0,0.08236101578586136,284112.5,26.865384615384617,True
34.3,368,14168,7,85756,14536,0.02531645569620253,0.9813333333333333,0.04935953323050097,3185700.0,60,1332,0,108,1392,0.04310344827586207,1.0,0.08264462809917356,283050.0,26.76923076923077,True
34.4,368,13930,7,85994,14298,0.025737865435725277,0.9813333333333333,0.05016015811354188,3135125.0,60,1326,0,114,1386,0.04329004329004329,1.0,0.0829875518672199,281775.0,26.653846153846153,True
34.5,368,13683,7,86241,14051,0.026190306739733826,0.9813333333333333,0.051018993483987245,3082637.5,60,1322,0,118,1382,0.04341534008683068,1.0,0.08321775312066573,280925.0,26.576923076923077,True
34.6,368,13464,7,86460,13832,0.026604973973395025,0.9813333333333333,0.05180544801858238,3036100.0,60,1318,0,122,1378,0.04354136429608128,1.0,0.08344923504867871,280075.0,26.5,True
34.7,368,13203,7,86721,13571,0.027116645788814384,0.9813333333333333,0.05277498924422773,2980637.5,60,1307,0,133,1367,0.043891733723482075,1.0,0.08409250175192712,277737.5,26.28846153846154,True
34.8,368,12907,7,87017,13275,0.027721280602636535,0.9813333333333333,0.053919413919413926,2917737.5,60,1301,0,139,1361,0.0440852314474651,1.0,0.0844475721323012,276462.5,26.173076923076923,True
34.9,367,12668,8,87256,13035,0.028154967395473726,0.9786666666666667,0.05473527218493662,2891950.0,60,1299,0,141,1359,0.04415011037527594,1.0,0.08456659619450317,276037.5,26.134615384615383,True
35.0,367,12408,8,87516,12775,0.0287279843444227,0.9786666666666667,0.05581749049429658,2836700.0,60,1293,0,147,1353,0.04434589800443459,1.0,0.08492569002123142,274762.5,26.01923076923077,True
35.1,367,12170,8,87754,12537,0.02927335088139108,0.9786666666666667,0.05684634448574969,2786125.0,60,1291,0,149,1351,0.04441154700222058,1.0,0.08504606661941885,274337.5,25.98076923076923,True
35.2,367,11916,8,88008,12283,0.02987869413009851,0.9786666666666667,0.0579870437667878,2732150.0,60,1287,0,153,1347,0.044543429844097995,1.0,0.08528784648187633,273487.5,25.903846153846153,True
35.3,367,11667,8,88257,12034,0.030496925378095396,0.9786666666666667,0.05915061648803288,2679237.5,60,1283,0,157,1343,0.044676098287416234,1.0,0.08553100498930863,272637.5,25.826923076923077,True
35.4,367,11379,8,88545,11746,0.03124467903967308,0.9786666666666667,0.060556059731045296,2618037.5,60,1276,0,164,1336,0.04491017964071856,1.0,0.08595988538681949,271150.0,25.692307692307693,True
35.5,366,11146,9,88778,11512,0.03179291174426685,0.976,0.061579877176747705,2593525.0,60,1272,0,168,1332,0.04504504504504504,1.0,0.08620689655172413,270300.0,25.615384615384617,True
35.6,366,10874,9,89050,11240,0.03256227758007117,0.976,0.06302195436934999,2535725.0,60,1261,0,179,1321,0.045420136260408785,1.0,0.08689355539464157,267962.5,25.403846153846153,True
35.7,366,10641,9,89283,11007,0.033251567184518944,0.976,0.06431207169214549,2486212.5,60,1259,0,181,1319,0.045489006823351025,1.0,0.0870195794053662,267537.5,25.365384615384617,True
35.8,366,10411,9,89513,10777,0.03396121369583372,0.976,0.06563845050215207,2437337.5,60,1257,0,183,1317,0.04555808656036447,1.0,0.08714596949891068,267112.5,25.326923076923077,True
35.9,366,10148,9,89776,10514,0.034810728552406314,0.976,0.06722380383873633,2381450.0,60,1256,0,184,1316,0.04559270516717325,1.0,0.0872093023255814,266900.0,25.307692307692307,True
36.0,366,9914,9,90010,10280,0.035603112840466924,0.976,0.06870014077897699,2331725.0,60,1250,0,190,1310,0.04580152671755725,1.0,0.0875912408759124,265625.0,25.192307692307693,True
36.1,366,9687,9,90237,10053,0.03640704267382871,0.976,0.07019562715765247,2283487.5,60,1245,0,195,1305,0.04597701149425287,1.0,0.08791208791208792,264562.5,25.096153846153847,True
36.2,366,9412,9,90512,9778,0.03743096747801186,0.976,0.07209691716733971,2225050.0,60,1237,0,203,1297,0.04626060138781804,1.0,0.08843036109064112,262862.5,24.942307692307693,True
36.3,366,9165,9,90759,9531,0.03840100723953415,0.976,0.07389460932768017,2172562.5,60,1232,0,208,1292,0.04643962848297214,1.0,0.08875739644970414,261800.0,24.846153846153847,True
36.4,366,8928,9,90996,9294,0.039380245319561004,0.976,0.07570586410176854,2122200.0,60,1227,0,213,1287,0.046620046620046623,1.0,0.089086859688196,260737.5,24.75,True
36.5,365,8644,10,91280,9009,0.04051504051504051,0.9733333333333334,0.0777919863597613,2086850.0,60,1219,0,221,1279,0.04691164972634871,1.0,0.08961911874533235,259037.5,24.596153846153847,True
36.6,365,8390,10,91534,8755,0.04169046259280411,0.9733333333333334,0.07995618838992333,2032875.0,60,1206,0,234,1266,0.04739336492890995,1.0,0.09049773755656107,256275.0,24.346153846153847,True
36.7,364,8148,11,91776,8512,0.04276315789473684,0.9706666666666667,0.08191740744908294,2006450.0,60,1199,0,241,1259,0.04765687053216839,1.0,0.09097801364670204,254787.5,24.21153846153846,True
36.8,364,7911,11,92013,8275,0.04398791540785499,0.9706666666666667,0.08416184971098267,1956087.5,60,1190,0,250,1250,0.048,1.0,0.0916030534351145,252875.0,24.03846153846154,True
36.9,363,7659,12,92265,8022,0.04525056095736724,0.968,0.08645944980350126,1927537.5,60,1181,0,259,1241,0.048348106365834004,1.0,0.09223674096848578,250962.5,23.865384615384617,True
37.0,363,7406,12,92518,7769,0.046724160123568025,0.968,0.08914538310412574,1873775.0,60,1174,0,266,1234,0.04862236628849271,1.0,0.0927357032457496,249475.0,23.73076923076923,True
37.1,362,7175,13,92749,7537,0.04802972004776436,0.9653333333333334,0.09150657229524771,1849687.5,60,1161,0,279,1221,0.04914004914004914,1.0,0.09367681498829039,246712.5,23.48076923076923,True
37.2,362,6921,13,93003,7283,0.04970479198132638,0.9653333333333334,0.09454165578480023,1795712.5,60,1150,0,290,1210,0.049586776859504134,1.0,0.09448818897637795,244375.0,23.26923076923077,True
37.3,361,6647,14,93277,7008,0.05151255707762557,0.9626666666666667,0.0977922253826358,1762487.5,60,1138,0,302,1198,0.05008347245409015,1.0,0.09538950715421304,241825.0,23.03846153846154,True
37.4,361,6384,14,93540,6745,0.05352112676056338,0.9626666666666667,0.10140449438202247,1706600.0,60,1112,0,328,1172,0.051194539249146756,1.0,0.0974025974025974,236300.0,22.53846153846154,True
37.5,361,6142,14,93782,6503,0.05551284022758727,0.9626666666666667,0.10497237569060774,1655175.0,60,1088,0,352,1148,0.05226480836236934,1.0,0.09933774834437085,231200.0,22.076923076923077,True
37.6,361,5902,14,94022,6263,0.05764010857416574,0.9626666666666667,0.10876770111479363,1604175.0,60,1053,0,387,1113,0.05390835579514825,1.0,0.10230179028132992,223762.5,21.403846153846153,True
37.7,361,5660,14,94264,6021,0.059956817804351435,0.9626666666666667,0.11288305190744215,1552750.0,60,1035,0,405,1095,0.0547945205479452,1.0,0.10389610389610389,219937.5,21.057692307692307,True
37.8,361,5426,14,94498,5787,0.06238119923967513,0.9626666666666667,0.11716975008114248,1503025.0,60,1009,0,431,1069,0.05612722170252572,1.0,0.10628875110717449,214412.5,20.557692307692307,True
37.9,361,5168,14,94756,5529,0.06529209621993128,0.9626666666666667,0.122289972899729,1448200.0,60,974,0,466,1034,0.058027079303675046,1.0,0.10968921389396709,206975.0,19.884615384615383,True
38.0,361,4898,14,95026,5259,0.06864422894086328,0.9626666666666667,0.12815051473198438,1390825.0,60,947,0,493,1007,0.05958291956305859,1.0,0.11246485473289597,201237.5,19.365384615384617,True
38.1,361,4653,14,95271,5014,0.07199840446749102,0.9626666666666667,0.13397661903878272,1338762.5,60,914,0,526,974,0.061601642710472276,1.0,0.1160541586073501,194225.0,18.73076923076923,True
38.2,361,4424,14,95500,4785,0.0754440961337513,0.9626666666666667,0.13992248062015503,1290100.0,60,884,0,556,944,0.0635593220338983,1.0,0.1195219123505976,187850.0,18.153846153846153,True
38.3,361,4186,14,95738,4547,0.07939300637783153,0.9626666666666667,0.14668833807395368,1239525.0,60,847,0,593,907,0.06615214994487321,1.0,0.12409513960703207,179987.5,17.442307692307693,True
38.4,360,3954,15,95970,4314,0.08344923504867872,0.96,0.15355086372360846,1215225.0,60,827,0,613,887,0.06764374295377677,1.0,0.12671594508975711,175737.5,17.057692307692307,True
38.5,360,3704,15,96220,4064,0.08858267716535433,0.96,0.16219869339941428,1162100.0,60,778,0,662,838,0.07159904534606205,1.0,0.133630289532294,165325.0,16.115384615384617,True
38.6,360,3476,15,96448,3836,0.09384775808133472,0.96,0.17098076466397527,1113650.0,60,750,0,690,810,0.07407407407407407,1.0,0.13793103448275862,159375.0,15.576923076923077,True
38.7,360,3202,15,96722,3562,0.10106681639528355,0.96,0.18288036576073152,1055425.0,60,717,0,723,777,0.07722007722007722,1.0,0.14336917562724014,152362.5,14.942307692307692,True
38.8,359,2955,16,96969,3314,0.10832830416415208,0.9573333333333334,0.19463269178639198,1027937.5,60,684,0,756,744,0.08064516129032258,1.0,0.1492537313432836,145350.0,14.307692307692308,True
38.9,358,2702,17,97222,3060,0.11699346405228758,0.9546666666666667,0.2084425036390102,999175.0,60,648,0,792,708,0.0847457627118644,1.0,0.15625,137700.0,13.615384615384615,True
39.0,355,2489,20,97435,2844,0.12482419127988749,0.9466666666666667,0.2205653929791861,1028912.5,60,610,0,830,670,0.08955223880597014,1.0,0.1643835616438356,129625.0,12.884615384615385,True
39.1,354,2217,21,97707,2571,0.13768961493582263,0.944,0.24032586558044802,996112.5,60,565,0,875,625,0.096,1.0,0.1751824817518248,120062.5,12.01923076923077,True
39.2,350,1986,25,97938,2336,0.14982876712328766,0.9333333333333333,0.25820730357801547,1047025.0,60,526,0,914,586,0.10238907849829351,1.0,0.18575851393188855,111775.0,11.26923076923077,True
39.3,349,1739,26,98185,2088,0.1671455938697318,0.9306666666666666,0.2833942346731628,1019537.5,60,474,0,966,534,0.11235955056179775,1.0,0.20202020202020202,100725.0,10.26923076923077,True
39.4,346,1496,29,98428,1842,0.18783930510314875,0.9226666666666666,0.31213351375732973,1042900.0,60,408,0,1032,468,0.1282051282051282,1.0,0.22727272727272727,86700.0,9.0,True
39.5,346,1262,29,98662,1608,0.21517412935323382,0.9226666666666666,0.3489662128088754,993175.0,60,365,0,1075,425,0.1411764705882353,1.0,0.24742268041237114,77562.5,8.173076923076923,True
39.6,345,1026,30,98898,1371,0.25164113785557984,0.92,0.39518900343642605,968025.0,60,306,0,1134,366,0.16393442622950818,1.0,0.28169014084507044,65025.0,7.038461538461538,True
39.7,341,824,34,99100,1165,0.2927038626609442,0.9093333333333333,0.44285714285714295,1025100.0,59,257,1,1183,316,0.18670886075949367,0.9833333333333333,0.3138297872340426,79612.5,6.076923076923077,True
39.8,339,591,36,99333,930,0.36451612903225805,0.904,0.5195402298850574,1025587.5,58,189,2,1251,247,0.23481781376518218,0.9666666666666667,0.3778501628664495,90162.5,4.75,True
39.9,336,394,39,99530,730,0.4602739726027397,0.896,0.6081447963800904,1058725.0,58,102,2,1338,160,0.3625,0.9666666666666667,0.5272727272727272,71675.0,3.076923076923077,True
40.0,332,236,43,99688,568,0.5845070422535211,0.8853333333333333,0.7041357370095439,1125150.0,57,33,3,1407,90,0.6333333333333333,0.95,0.7599999999999999,82012.5,1.7307692307692308,True
40.1,332,235,43,99689,567,0.5855379188712522,0.8853333333333333,0.7048832271762208,1124937.5,57,32,3,1408,89,0.6404494382022472,0.95,0.7651006711409395,81800.0,1.7115384615384615,True
40.2,332,235,43,99689,567,0.5855379188712522,0.8853333333333333,0.7048832271762208,1124937.5,57,32,3,1408,89,0.6404494382022472,0.95,0.7651006711409395,81800.0,1.7115384615384615,True
40.3,332,235,43,99689,567,0.5855379188712522,0.8853333333333333,0.7048832271762208,1124937.5,57,32,3,1408,89,0.6404494382022472,0.95,0.7651006711409395,81800.0,1.7115384615384615,True
40.4,332,235,43,99689,567,0.5855379188712522,0.8853333333333333,0.7048832271762208,1124937.5,57,32,3,1408,89,0.6404494382022472,0.95,0.7651006711409395,81800.0,1.7115384615384615,True
40.5,332,235,43,99689,567,0.5855379188712522,0.8853333333333333,0.7048832271762208,1124937.5,57,32,3,1408,89,0.6404494382022472,0.95,0.7651006711409395,81800.0,1.7115384615384615,True
40.6,332,235,43,99689,567,0.5855379188712522,0.8853333333333333,0.7048832271762208,1124937.5,57,32,3,1408,89,0.6404494382022472,0.95,0.7651006711409395,81800.0,1.7115384615384615,True
40.7,332,235,43,99689,567,0.5855379188712522,0.8853333333333333,0.7048832271762208,1124937.5,57,32,3,1408,89,0.6404494382022472,0.95,0.7651006711409395,81800.0,1.7115384615384615,True
40.8,332,235,43,99689,567,0.5855379188712522,0.8853333333333333,0.7048832271762208,1124937.5,57,32,3,1408,89,0.6404494382022472,0.95,0.7651006711409395,81800.0,1.7115384615384615,True
40.9,332,235,43,99689,567,0.5855379188712522,0.8853333333333333,0.7048832271762208,1124937.5,57,32,3,1408,89,0.6404494382022472,0.95,0.7651006711409395,81800.0,1.7115384615384615,True
41.0,332,235,43,99689,567,0.5855379188712522,0.8853333333333333,0.7048832271762208,1124937.5,57,32,3,1408,89,0.6404494382022472,0.95,0.7651006711409395,81800.0,1.7115384615384615,True
41.1,332,235,43,99689,567,0.5855379188712522,0.8853333333333333,0.7048832271762208,1124937.5,57,32,3,1408,89,0.6404494382022472,0.95,0.7651006711409395,81800.0,1.7115384615384615,True
41.2,332,235,43,99689,567,0.5855379188712522,0.8853333333333333,0.7048832271762208,1124937.5,57,32,3,1408,89,0.6404494382022472,0.95,0.7651006711409395,81800.0,1.7115384615384615,True
41.3,332,235,43,99689,567,0.5855379188712522,0.8853333333333333,0.7048832271762208,1124937.5,57,32,3,1408,89,0.6404494382022472,0.95,0.7651006711409395,81800.0,1.7115384615384615,True
41.4,332,235,43,99689,567,0.5855379188712522,0.8853333333333333,0.7048832271762208,1124937.5,57,32,3,1408,89,0.6404494382022472,0.95,0.7651006711409395,81800.0,1.7115384615384615,True
41.5,332,235,43,99689,567,0.5855379188712522,0.8853333333333333,0.7048832271762208,1124937.5,57,32,3,1408,89,0.6404494382022472,0.95,0.7651006711409395,81800.0,1.7115384615384615,True
41.6,332,235,43,99689,567,0.5855379188712522,0.8853333333333333,0.7048832271762208,1124937.5,57,32,3,1408,89,0.6404494382022472,0.95,0.7651006711409395,81800.0,1.7115384615384615,True
41.7,332,235,43,99689,567,0.5855379188712522,0.8853333333333333,0.7048832271762208,1124937.5,57,32,3,1408,89,0.6404494382022472,0.95,0.7651006711409395,81800.0,1.7115384615384615,True
41.8,332,235,43,99689,567,0.5855379188712522,0.8853333333333333,0.7048832271762208,1124937.5,57,32,3,1408,89,0.6404494382022472,0.95,0.7651006711409395,81800.0,1.7115384615384615,True
41.9,332,235,43,99689,567,0.5855379188712522,0.8853333333333333,0.7048832271762208,1124937.5,57,32,3,1408,89,0.6404494382022472,0.95,0.7651006711409395,81800.0,1.7115384615384615,True
42.0,332,235,43,99689,567,0.5855379188712522,0.8853333333333333,0.7048832271762208,1124937.5,57,32,3,1408,89,0.6404494382022472,0.95,0.7651006711409395,81800.0,1.7115384615384615,True
42.1,332,235,43,99689,567,0.5855379188712522,0.8853333333333333,0.7048832271762208,1124937.5,57,32,3,1408,89,0.6404494382022472,0.95,0.7651006711409395,81800.0,1.7115384615384615,True
42.2,332,235,43,99689,567,0.5855379188712522,0.8853333333333333,0.7048832271762208,1124937.5,57,32,3,1408,89,0.6404494382022472,0.95,0.7651006711409395,81800.0,1.7115384615384615,True
42.3,332,235,43,99689,567,0.5855379188712522,0.8853333333333333,0.7048832271762208,1124937.5,57,32,3,1408,89,0.6404494382022472,0.95,0.7651006711409395,81800.0,1.7115384615384615,True
42.4,332,235,43,99689,567,0.5855379188712522,0.8853333333333333,0.7048832271762208,1124937.5,57,32,3,1408,89,0.6404494382022472,0.95,0.7651006711409395,81800.0,1.7115384615384615,True
42.5,332,235,43,99689,567,0.5855379188712522,0.8853333333333333,0.7048832271762208,1124937.5,57,32,3,1408,89,0.6404494382022472,0.95,0.7651006711409395,81800.0,1.7115384615384615,True
42.6,332,235,43,99689,567,0.5855379188712522,0.8853333333333333,0.7048832271762208,1124937.5,57,32,3,1408,89,0.6404494382022472,0.95,0.7651006711409395,81800.0,1.7115384615384615,True
42.7,332,234,43,99690,566,0.5865724381625441,0.8853333333333333,0.7056323060573857,1124725.0,57,32,3,1408,89,0.6404494382022472,0.95,0.7651006711409395,81800.0,1.7115384615384615,True
42.8,332,234,43,99690,566,0.5865724381625441,0.8853333333333333,0.7056323060573857,1124725.0,57,32,3,1408,89,0.6404494382022472,0.95,0.7651006711409395,81800.0,1.7115384615384615,True
42.9,332,234,43,99690,566,0.5865724381625441,0.8853333333333333,0.7056323060573857,1124725.0,57,32,3,1408,89,0.6404494382022472,0.95,0.7651006711409395,81800.0,1.7115384615384615,True
43.0,332,234,43,99690,566,0.5865724381625441,0.8853333333333333,0.7056323060573857,1124725.0,57,32,3,1408,89,0.6404494382022472,0.95,0.7651006711409395,81800.0,1.7115384615384615,True
43.1,332,234,43,99690,566,0.5865724381625441,0.8853333333333333,0.7056323060573857,1124725.0,57,32,3,1408,89,0.6404494382022472,0.95,0.7651006711409395,81800.0,1.7115384615384615,True
43.2,332,234,43,99690,566,0.5865724381625441,0.8853333333333333,0.7056323060573857,1124725.0,57,32,3,1408,89,0.6404494382022472,0.95,0.7651006711409395,81800.0,1.7115384615384615,True
43.3,332,234,43,99690,566,0.5865724381625441,0.8853333333333333,0.7056323060573857,1124725.0,57,32,3,1408,89,0.6404494382022472,0.95,0.7651006711409395,81800.0,1.7115384615384615,True
43.4,332,234,43,99690,566,0.5865724381625441,0.8853333333333333,0.7056323060573857,1124725.0,57,32,3,1408,89,0.6404494382022472,0.95,0.7651006711409395,81800.0,1.7115384615384615,True
43.5,332,234,43,99690,566,0.5865724381625441,0.8853333333333333,0.7056323060573857,1124725.0,57,32,3,1408,89,0.6404494382022472,0.95,0.7651006711409395,81800.0,1.7115384615384615,True
43.6,332,234,43,99690,566,0.5865724381625441,0.8853333333333333,0.7056323060573857,1124725.0,57,32,3,1408,89,0.6404494382022472,0.95,0.7651006711409395,81800.0,1.7115384615384615,True
43.7,332,234,43,99690,566,0.5865724381625441,0.8853333333333333,0.7056323060573857,1124725.0,57,32,3,1408,89,0.6404494382022472,0.95,0.7651006711409395,81800.0,1.7115384615384615,True
43.8,332,234,43,99690,566,0.5865724381625441,0.8853333333333333,0.7056323060573857,1124725.0,57,32,3,1408,89,0.6404494382022472,0.95,0.7651006711409395,81800.0,1.7115384615384615,True
43.9,332,233,43,99691,565,0.5876106194690266,0.8853333333333333,0.7063829787234042,1124512.5,57,32,3,1408,89,0.6404494382022472,0.95,0.7651006711409395,81800.0,1.7115384615384615,True
44.0,332,233,43,99691,565,0.5876106194690266,0.8853333333333333,0.7063829787234042,1124512.5,57,32,3,1408,89,0.6404494382022472,0.95,0.7651006711409395,81800.0,1.7115384615384615,True
44.1,332,233,43,99691,565,0.5876106194690266,0.8853333333333333,0.7063829787234042,1124512.5,57,32,3,1408,89,0.6404494382022472,0.95,0.7651006711409395,81800.0,1.7115384615384615,True
44.2,332,233,43,99691,565,0.5876106194690266,0.8853333333333333,0.7063829787234042,1124512.5,57,32,3,1408,89,0.6404494382022472,0.95,0.7651006711409395,81800.0,1.7115384615384615,True
44.3,332,233,43,99691,565,0.5876106194690266,0.8853333333333333,0.7063829787234042,1124512.5,57,32,3,1408,89,0.6404494382022472,0.95,0.7651006711409395,81800.0,1.7115384615384615,True
44.4,332,233,43,99691,565,0.5876106194690266,0.8853333333333333,0.7063829787234042,1124512.5,57,32,3,1408,89,0.6404494382022472,0.95,0.7651006711409395,81800.0,1.7115384615384615,True
44.5,332,233,43,99691,565,0.5876106194690266,0.8853333333333333,0.7063829787234042,1124512.5,57,32,3,1408,89,0.6404494382022472,0.95,0.7651006711409395,81800.0,1.7115384615384615,True
44.6,332,233,43,99691,565,0.5876106194690266,0.8853333333333333,0.7063829787234042,1124512.5,57,32,3,1408,89,0.6404494382022472,0.95,0.7651006711409395,81800.0,1.7115384615384615,True
44.7,332,233,43,99691,565,0.5876106194690266,0.8853333333333333,0.7063829787234042,1124512.5,57,32,3,1408,89,0.6404494382022472,0.95,0.7651006711409395,81800.0,1.7115384615384615,True
44.8,332,233,43,99691,565,0.5876106194690266,0.8853333333333333,0.7063829787234042,1124512.5,57,32,3,1408,89,0.6404494382022472,0.95,0.7651006711409395,81800.0,1.7115384615384615,True
44.9,332,232,43,99692,564,0.5886524822695035,0.8853333333333333,0.7071352502662408,1124300.0,57,32,3,1408,89,0.6404494382022472,0.95,0.7651006711409395,81800.0,1.7115384615384615,True
45.0,332,231,43,99693,563,0.5896980461811723,0.8853333333333333,0.7078891257995735,1124087.5,57,32,3,1408,89,0.6404494382022472,0.95,0.7651006711409395,81800.0,1.7115384615384615,True
45.1,332,231,43,99693,563,0.5896980461811723,0.8853333333333333,0.7078891257995735,1124087.5,57,32,3,1408,89,0.6404494382022472,0.95,0.7651006711409395,81800.0,1.7115384615384615,True
45.2,332,231,43,99693,563,0.5896980461811723,0.8853333333333333,0.7078891257995735,1124087.5,57,32,3,1408,89,0.6404494382022472,0.95,0.7651006711409395,81800.0,1.7115384615384615,True
45.3,332,231,43,99693,563,0.5896980461811723,0.8853333333333333,0.7078891257995735,1124087.5,57,32,3,1408,89,0.6404494382022472,0.95,0.7651006711409395,81800.0,1.7115384615384615,True
45.4,332,231,43,99693,563,0.5896980461811723,0.8853333333333333,0.7078891257995735,1124087.5,57,32,3,1408,89,0.6404494382022472,0.95,0.7651006711409395,81800.0,1.7115384615384615,True
45.5,332,231,43,99693,563,0.5896980461811723,0.8853333333333333,0.7078891257995735,1124087.5,57,32,3,1408,89,0.6404494382022472,0.95,0.7651006711409395,81800.0,1.7115384615384615,True
45.6,332,231,43,99693,563,0.5896980461811723,0.8853333333333333,0.7078891257995735,1124087.5,57,32,3,1408,89,0.6404494382022472,0.95,0.7651006711409395,81800.0,1.7115384615384615,True
45.7,332,231,43,99693,563,0.5896980461811723,0.8853333333333333,0.7078891257995735,1124087.5,57,32,3,1408,89,0.6404494382022472,0.95,0.7651006711409395,81800.0,1.7115384615384615,True
45.8,332,230,43,99694,562,0.5907473309608541,0.8853333333333333,0.7086446104589114,1123875.0,57,32,3,1408,89,0.6404494382022472,0.95,0.7651006711409395,81800.0,1.7115384615384615,True
45.9,332,229,43,99695,561,0.5918003565062389,0.8853333333333333,0.7094017094017094,1123662.5,57,32,3,1408,89,0.6404494382022472,0.95,0.7651006711409395,81800.0,1.7115384615384615,True
46.0,332,228,43,99696,560,0.5928571428571429,0.8853333333333333,0.7101604278074867,1123450.0,57,32,3,1408,89,0.6404494382022472,0.95,0.7651006711409395,81800.0,1.7115384615384615,True
46.1,332,228,43,99696,560,0.5928571428571429,0.8853333333333333,0.7101604278074867,1123450.0,57,32,3,1408,89,0.6404494382022472,0.95,0.7651006711409395,81800.0,1.7115384615384615,True
46.2,332,228,43,99696,560,0.5928571428571429,0.8853333333333333,0.7101604278074867,1123450.0,57,32,3,1408,89,0.6404494382022472,0.95,0.7651006711409395,81800.0,1.7115384615384615,True
46.3,332,228,43,99696,560,0.5928571428571429,0.8853333333333333,0.7101604278074867,1123450.0,57,32,3,1408,89,0.6404494382022472,0.95,0.7651006711409395,81800.0,1.7115384615384615,True
46.4,332,228,43,99696,560,0.5928571428571429,0.8853333333333333,0.7101604278074867,1123450.0,57,32,3,1408,89,0.6404494382022472,0.95,0.7651006711409395,81800.0,1.7115384615384615,True
46.5,332,228,43,99696,560,0.5928571428571429,0.8853333333333333,0.7101604278074867,1123450.0,57,32,3,1408,89,0.6404494382022472,0.95,0.7651006711409395,81800.0,1.7115384615384615,True
46.6,332,228,43,99696,560,0.5928571428571429,0.8853333333333333,0.7101604278074867,1123450.0,57,32,3,1408,89,0.6404494382022472,0.95,0.7651006711409395,81800.0,1.7115384615384615,True
46.7,332,228,43,99696,560,0.5928571428571429,0.8853333333333333,0.7101604278074867,1123450.0,57,32,3,1408,89,0.6404494382022472,0.95,0.7651006711409395,81800.0,1.7115384615384615,True
46.8,332,228,43,99696,560,0.5928571428571429,0.8853333333333333,0.7101604278074867,1123450.0,57,32,3,1408,89,0.6404494382022472,0.95,0.7651006711409395,81800.0,1.7115384615384615,True
46.9,332,228,43,99696,560,0.5928571428571429,0.8853333333333333,0.7101604278074867,1123450.0,57,32,3,1408,89,0.6404494382022472,0.95,0.7651006711409395,81800.0,1.7115384615384615,True
47.0,332,228,43,99696,560,0.5928571428571429,0.8853333333333333,0.7101604278074867,1123450.0,57,32,3,1408,89,0.6404494382022472,0.95,0.7651006711409395,81800.0,1.7115384615384615,True
47.1,332,228,43,99696,560,0.5928571428571429,0.8853333333333333,0.7101604278074867,1123450.0,57,32,3,1408,89,0.6404494382022472,0.95,0.7651006711409395,81800.0,1.7115384615384615,True
47.2,332,228,43,99696,560,0.5928571428571429,0.8853333333333333,0.7101604278074867,1123450.0,57,32,3,1408,89,0.6404494382022472,0.95,0.7651006711409395,81800.0,1.7115384615384615,True
47.3,332,228,43,99696,560,0.5928571428571429,0.8853333333333333,0.7101604278074867,1123450.0,57,32,3,1408,89,0.6404494382022472,0.95,0.7651006711409395,81800.0,1.7115384615384615,True
47.4,332,228,43,99696,560,0.5928571428571429,0.8853333333333333,0.7101604278074867,1123450.0,57,32,3,1408,89,0.6404494382022472,0.95,0.7651006711409395,81800.0,1.7115384615384615,True
47.5,332,228,43,99696,560,0.5928571428571429,0.8853333333333333,0.7101604278074867,1123450.0,57,32,3,1408,89,0.6404494382022472,0.95,0.7651006711409395,81800.0,1.7115384615384615,True
47.6,332,228,43,99696,560,0.5928571428571429,0.8853333333333333,0.7101604278074867,1123450.0,57,32,3,1408,89,0.6404494382022472,0.95,0.7651006711409395,81800.0,1.7115384615384615,True
47.7,332,226,43,99698,558,0.5949820788530465,0.8853333333333333,0.7116827438370846,1123025.0,57,32,3,1408,89,0.6404494382022472,0.95,0.7651006711409395,81800.0,1.7115384615384615,True
47.8,332,226,43,99698,558,0.5949820788530465,0.8853333333333333,0.7116827438370846,1123025.0,57,32,3,1408,89,0.6404494382022472,0.95,0.7651006711409395,81800.0,1.7115384615384615,True
47.9,332,226,43,99698,558,0.5949820788530465,0.8853333333333333,0.7116827438370846,1123025.0,57,32,3,1408,89,0.6404494382022472,0.95,0.7651006711409395,81800.0,1.7115384615384615,True
48.0,332,226,43,99698,558,0.5949820788530465,0.8853333333333333,0.7116827438370846,1123025.0,57,32,3,1408,89,0.6404494382022472,0.95,0.7651006711409395,81800.0,1.7115384615384615,True
48.1,332,224,43,99700,556,0.5971223021582733,0.8853333333333333,0.7132116004296455,1122600.0,57,32,3,1408,89,0.6404494382022472,0.95,0.7651006711409395,81800.0,1.7115384615384615,True
48.2,332,223,43,99701,555,0.5981981981981982,0.8853333333333333,0.7139784946236559,1122387.5,57,32,3,1408,89,0.6404494382022472,0.95,0.7651006711409395,81800.0,1.7115384615384615,True
48.3,332,222,43,99702,554,0.5992779783393501,0.8853333333333333,0.7147470398277719,1122175.0,57,32,3,1408,89,0.6404494382022472,0.95,0.7651006711409395,81800.0,1.7115384615384615,True
48.4,332,222,43,99702,554,0.5992779783393501,0.8853333333333333,0.7147470398277719,1122175.0,57,32,3,1408,89,0.6404494382022472,0.95,0.7651006711409395,81800.0,1.7115384615384615,True
48.5,332,222,43,99702,554,0.5992779783393501,0.8853333333333333,0.7147470398277719,1122175.0,57,32,3,1408,89,0.6404494382022472,0.95,0.7651006711409395,81800.0,1.7115384615384615,True
48.6,332,221,43,99703,553,0.6003616636528029,0.8853333333333333,0.7155172413793104,1121962.5,57,32,3,1408,89,0.6404494382022472,0.95,0.7651006711409395,81800.0,1.7115384615384615,True
48.7,332,221,43,99703,553,0.6003616636528029,0.8853333333333333,0.7155172413793104,1121962.5,57,32,3,1408,89,0.6404494382022472,0.95,0.7651006711409395,81800.0,1.7115384615384615,True
48.8,332,221,43,99703,553,0.6003616636528029,0.8853333333333333,0.7155172413793104,1121962.5,57,32,3,1408,89,0.6404494382022472,0.95,0.7651006711409395,81800.0,1.7115384615384615,True
48.9,331,220,44,99704,551,0.6007259528130672,0.8826666666666667,0.714902807775378,1146750.0,57,32,3,1408,89,0.6404494382022472,0.95,0.7651006711409395,81800.0,1.7115384615384615,True
49.0,331,220,44,99704,551,0.6007259528130672,0.8826666666666667,0.714902807775378,1146750.0,57,32,3,1408,89,0.6404494382022472,0.95,0.7651006711409395,81800.0,1.7115384615384615,True
49.1,331,219,44,99705,550,0.6018181818181818,0.8826666666666667,0.7156756756756757,1146537.5,57,32,3,1408,89,0.6404494382022472,0.95,0.7651006711409395,81800.0,1.7115384615384615,True
49.2,331,219,44,99705,550,0.6018181818181818,0.8826666666666667,0.7156756756756757,1146537.5,57,32,3,1408,89,0.6404494382022472,0.95,0.7651006711409395,81800.0,1.7115384615384615,True
49.3,331,219,44,99705,550,0.6018181818181818,0.8826666666666667,0.7156756756756757,1146537.5,57,32,3,1408,89,0.6404494382022472,0.95,0.7651006711409395,81800.0,1.7115384615384615,True
49.4,331,219,44,99705,550,0.6018181818181818,0.8826666666666667,0.7156756756756757,1146537.5,57,32,3,1408,89,0.6404494382022472,0.95,0.7651006711409395,81800.0,1.7115384615384615,True
49.5,331,219,44,99705,550,0.6018181818181818,0.8826666666666667,0.7156756756756757,1146537.5,57,32,3,1408,89,0.6404494382022472,0.95,0.7651006711409395,81800.0,1.7115384615384615,True
49.6,331,219,44,99705,550,0.6018181818181818,0.8826666666666667,0.7156756756756757,1146537.5,57,32,3,1408,89,0.6404494382022472,0.95,0.7651006711409395,81800.0,1.7115384615384615,True
49.7,331,217,44,99707,548,0.6040145985401459,0.8826666666666667,0.7172264355362947,1146112.5,57,32,3,1408,89,0.6404494382022472,0.95,0.7651006711409395,81800.0,1.7115384615384615,True
49.8,331,216,44,99708,547,0.6051188299817185,0.8826666666666667,0.718004338394794,1145900.0,57,32,3,1408,89,0.6404494382022472,0.95,0.7651006711409395,81800.0,1.7115384615384615,True
49.9,331,215,44,99709,546,0.6062271062271062,0.8826666666666667,0.7187839305103149,1145687.5,57,32,3,1408,89,0.6404494382022472,0.95,0.7651006711409395,81800.0,1.7115384615384615,True
50.0,331,214,44,99710,545,0.6073394495412844,0.8826666666666667,0.7195652173913043,1145475.0,57,32,3,1408,89,0.6404494382022472,0.95,0.7651006711409395,81800.0,1.7115384615384615,True
50.1,331,214,44,99710,545,0.6073394495412844,0.8826666666666667,0.7195652173913043,1145475.0,57,32,3,1408,89,0.6404494382022472,0.95,0.7651006711409395,81800.0,1.7115384615384615,True
50.2,331,214,44,99710,545,0.6073394495412844,0.8826666666666667,0.7195652173913043,1145475.0,57,32,3,1408,89,0.6404494382022472,0.95,0.7651006711409395,81800.0,1.7115384615384615,True
50.3,330,214,45,99710,544,0.6066176470588235,0.88,0.7181719260065288,1170475.0,57,32,3,1408,89,0.6404494382022472,0.95,0.7651006711409395,81800.0,1.7115384615384615,True
50.4,330,214,45,99710,544,0.6066176470588235,0.88,0.7181719260065288,1170475.0,57,32,3,1408,89,0.6404494382022472,0.95,0.7651006711409395,81800.0,1.7115384615384615,True
50.5,330,212,45,99712,542,0.6088560885608856,0.88,0.7197382769901854,1170050.0,57,32,3,1408,89,0.6404494382022472,0.95,0.7651006711409395,81800.0,1.7115384615384615,True
50.6,330,211,45,99713,541,0.609981515711645,0.88,0.7205240174672488,1169837.5,57,32,3,1408,89,0.6404494382022472,0.95,0.7651006711409395,81800.0,1.7115384615384615,True
50.7,330,209,45,99715,539,0.6122448979591837,0.88,0.7221006564551422,1169412.5,57,32,3,1408,89,0.6404494382022472,0.95,0.7651006711409395,81800.0,1.7115384615384615,True
50.8,330,208,45,99716,538,0.6133828996282528,0.88,0.7228915662650602,1169200.0,57,32,3,1408,89,0.6404494382022472,0.95,0.7651006711409395,81800.0,1.7115384615384615,True
50.9,330,208,45,99716,538,0.6133828996282528,0.88,0.7228915662650602,1169200.0,57,32,3,1408,89,0.6404494382022472,0.95,0.7651006711409395,81800.0,1.7115384615384615,True
51.0,330,206,45,99718,536,0.6156716417910447,0.88,0.7244785949506037,1168775.0,57,32,3,1408,89,0.6404494382022472,0.95,0.7651006711409395,81800.0,1.7115384615384615,True
51.1,330,206,45,99718,536,0.6156716417910447,0.88,0.7244785949506037,1168775.0,57,32,3,1408,89,0.6404494382022472,0.95,0.7651006711409395,81800.0,1.7115384615384615,True
51.2,330,203,45,99721,533,0.6191369606003753,0.88,0.7268722466960353,1168137.5,57,32,3,1408,89,0.6404494382022472,0.95,0.7651006711409395,81800.0,1.7115384615384615,True
51.3,330,203,45,99721,533,0.6191369606003753,0.88,0.7268722466960353,1168137.5,57,32,3,1408,89,0.6404494382022472,0.95,0.7651006711409395,81800.0,1.7115384615384615,True
51.4,330,203,45,99721,533,0.6191369606003753,0.88,0.7268722466960353,1168137.5,57,32,3,1408,89,0.6404494382022472,0.95,0.7651006711409395,81800.0,1.7115384615384615,True
51.5,330,203,45,99721,533,0.6191369606003753,0.88,0.7268722466960353,1168137.5,57,32,3,1408,89,0.6404494382022472,0.95,0.7651006711409395,81800.0,1.7115384615384615,True
51.6,328,203,47,99721,531,0.6177024482109228,0.8746666666666667,0.7240618101545253,1218137.5,57,32,3,1408,89,0.6404494382022472,0.95,0.7651006711409395,81800.0,1.7115384615384615,True
51.7,328,202,47,99722,530,0.6188679245283019,0.8746666666666667,0.7248618784530387,1217925.0,57,32,3,1408,89,0.6404494382022472,0.95,0.7651006711409395,81800.0,1.7115384615384615,True
51.8,328,201,47,99723,529,0.6200378071833649,0.8746666666666667,0.7256637168141593,1217712.5,57,32,3,1408,89,0.6404494382022472,0.95,0.7651006711409395,81800.0,1.7115384615384615,True
51.9,328,201,47,99723,529,0.6200378071833649,0.8746666666666667,0.7256637168141593,1217712.5,57,32,3,1408,89,0.6404494382022472,0.95,0.7651006711409395,81800.0,1.7115384615384615,True
52.0,328,201,47,99723,529,0.6200378071833649,0.8746666666666667,0.7256637168141593,1217712.5,57,32,3,1408,89,0.6404494382022472,0.95,0.7651006711409395,81800.0,1.7115384615384615,True
52.1,328,201,47,99723,529,0.6200378071833649,0.8746666666666667,0.7256637168141593,1217712.5,57,32,3,1408,89,0.6404494382022472,0.95,0.7651006711409395,81800.0,1.7115384615384615,True
52.2,328,201,47,99723,529,0.6200378071833649,0.8746666666666667,0.7256637168141593,1217712.5,57,32,3,1408,89,0.6404494382022472,0.95,0.7651006711409395,81800.0,1.7115384615384615,True
52.3,328,201,47,99723,529,0.6200378071833649,0.8746666666666667,0.7256637168141593,1217712.5,57,32,3,1408,89,0.6404494382022472,0.95,0.7651006711409395,81800.0,1.7115384615384615,True
52.4,328,201,47,99723,529,0.6200378071833649,0.8746666666666667,0.7256637168141593,1217712.5,57,32,3,1408,89,0.6404494382022472,0.95,0.7651006711409395,81800.0,1.7115384615384615,True
52.5,328,201,47,99723,529,0.6200378071833649,0.8746666666666667,0.7256637168141593,1217712.5,57,32,3,1408,89,0.6404494382022472,0.95,0.7651006711409395,81800.0,1.7115384615384615,True
52.6,328,200,47,99724,528,0.6212121212121212,0.8746666666666667,0.7264673311184939,1217500.0,57,32,3,1408,89,0.6404494382022472,0.95,0.7651006711409395,81800.0,1.7115384615384615,True
52.7,328,198,47,99726,526,0.623574144486692,0.8746666666666667,0.7280799112097669,1217075.0,57,32,3,1408,89,0.6404494382022472,0.95,0.7651006711409395,81800.0,1.7115384615384615,True
52.8,328,197,47,99727,525,0.6247619047619047,0.8746666666666667,0.7288888888888888,1216862.5,57,32,3,1408,89,0.6404494382022472,0.95,0.7651006711409395,81800.0,1.7115384615384615,True
52.9,327,197,48,99727,524,0.6240458015267175,0.872,0.7274749721913236,1241862.5,57,32,3,1408,89,0.6404494382022472,0.95,0.7651006711409395,81800.0,1.7115384615384615,True
53.0,327,196,48,99728,523,0.6252390057361377,0.872,0.7282850779510022,1241650.0,57,32,3,1408,89,0.6404494382022472,0.95,0.7651006711409395,81800.0,1.7115384615384615,True
53.1,327,196,48,99728,523,0.6252390057361377,0.872,0.7282850779510022,1241650.0,57,32,3,1408,89,0.6404494382022472,0.95,0.7651006711409395,81800.0,1.7115384615384615,True
53.2,327,196,48,99728,523,0.6252390057361377,0.872,0.7282850779510022,1241650.0,57,32,3,1408,89,0.6404494382022472,0.95,0.7651006711409395,81800.0,1.7115384615384615,True
53.3,326,196,49,99728,522,0.6245210727969349,0.8693333333333333,0.7268673355629878,1266650.0,57,32,3,1408,89,0.6404494382022472,0.95,0.7651006711409395,81800.0,1.7115384615384615,True
53.4,325,196,50,99728,521,0.6238003838771593,0.8666666666666667,0.7254464285714286,1291650.0,57,32,3,1408,89,0.6404494382022472,0.95,0.7651006711409395,81800.0,1.7115384615384615,True
53.5,325,196,50,99728,521,0.6238003838771593,0.8666666666666667,0.7254464285714286,1291650.0,57,32,3,1408,89,0.6404494382022472,0.95,0.7651006711409395,81800.0,1.7115384615384615,True
53.6,325,196,50,99728,521,0.6238003838771593,0.8666666666666667,0.7254464285714286,1291650.0,57,32,3,1408,89,0.6404494382022472,0.95,0.7651006711409395,81800.0,1.7115384615384615,True
53.7,325,195,50,99729,520,0.625,0.8666666666666667,0.7262569832402236,1291437.5,57,32,3,1408,89,0.6404494382022472,0.95,0.7651006711409395,81800.0,1.7115384615384615,True
53.8,324,195,51,99729,519,0.6242774566473989,0.864,0.7248322147651007,1316437.5,57,32,3,1408,89,0.6404494382022472,0.95,0.7651006711409395,81800.0,1.7115384615384615,True
53.9,324,194,51,99730,518,0.6254826254826255,0.864,0.7256438969764837,1316225.0,57,32,3,1408,89,0.6404494382022472,0.95,0.7651006711409395,81800.0,1.7115384615384615,True
54.0,324,194,51,99730,518,0.6254826254826255,0.864,0.7256438969764837,1316225.0,57,32,3,1408,89,0.6404494382022472,0.95,0.7651006711409395,81800.0,1.7115384615384615,True
54.1,324,194,51,99730,518,0.6254826254826255,0.864,0.7256438969764837,1316225.0,57,32,3,1408,89,0.6404494382022472,0.95,0.7651006711409395,81800.0,1.7115384615384615,True
54.2,324,194,51,99730,518,0.6254826254826255,0.864,0.7256438969764837,1316225.0,57,32,3,1408,89,0.6404494382022472,0.95,0.7651006711409395,81800.0,1.7115384615384615,True
54.3,324,193,51,99731,517,0.6266924564796905,0.864,0.726457399103139,1316012.5,57,32,3,1408,89,0.6404494382022472,0.95,0.7651006711409395,81800.0,1.7115384615384615,True
54.4,324,193,51,99731,517,0.6266924564796905,0.864,0.726457399103139,1316012.5,57,32,3,1408,89,0.6404494382022472,0.95,0.7651006711409395,81800.0,1.7115384615384615,True
54.5,324,193,51,99731,517,0.6266924564796905,0.864,0.726457399103139,1316012.5,57,32,3,1408,89,0.6404494382022472,0.95,0.7651006711409395,81800.0,1.7115384615384615,True
54.6,324,193,51,99731,517,0.6266924564796905,0.864,0.726457399103139,1316012.5,57,32,3,1408,89,0.6404494382022472,0.95,0.7651006711409395,81800.0,1.7115384615384615,True
54.7,324,193,51,99731,517,0.6266924564796905,0.864,0.726457399103139,1316012.5,57,32,3,1408,89,0.6404494382022472,0.95,0.7651006711409395,81800.0,1.7115384615384615,True
54.8,324,193,51,99731,517,0.6266924564796905,0.864,0.726457399103139,1316012.5,57,32,3,1408,89,0.6404494382022472,0.95,0.7651006711409395,81800.0,1.7115384615384615,True
54.9,324,193,51,99731,517,0.6266924564796905,0.864,0.726457399103139,1316012.5,57,32,3,1408,89,0.6404494382022472,0.95,0.7651006711409395,81800.0,1.7115384615384615,True
55.0,324,193,51,99731,517,0.6266924564796905,0.864,0.726457399103139,1316012.5,57,32,3,1408,89,0.6404494382022472,0.95,0.7651006711409395,81800.0,1.7115384615384615,True
55.1,324,193,51,99731,517,0.6266924564796905,0.864,0.726457399103139,1316012.5,57,32,3,1408,89,0.6404494382022472,0.95,0.7651006711409395,81800.0,1.7115384615384615,True
55.2,323,192,52,99732,515,0.6271844660194175,0.8613333333333333,0.7258426966292134,1340800.0,57,32,3,1408,89,0.6404494382022472,0.95,0.7651006711409395,81800.0,1.7115384615384615,True
55.3,323,191,52,99733,514,0.6284046692607004,0.8613333333333333,0.7266591676040495,1340587.5,57,32,3,1408,89,0.6404494382022472,0.95,0.7651006711409395,81800.0,1.7115384615384615,True
55.4,323,191,52,99733,514,0.6284046692607004,0.8613333333333333,0.7266591676040495,1340587.5,57,32,3,1408,89,0.6404494382022472,0.95,0.7651006711409395,81800.0,1.7115384615384615,True
55.5,322,190,53,99734,512,0.62890625,0.8586666666666667,0.7260428410372042,1365375.0,57,32,3,1408,89,0.6404494382022472,0.95,0.7651006711409395,81800.0,1.7115384615384615,True
55.6,322,186,53,99738,508,0.6338582677165354,0.8586666666666667,0.7293318233295584,1364525.0,57,31,3,1409,88,0.6477272727272727,0.95,0.7702702702702702,81587.5,1.6923076923076923,True
55.7,322,185,53,99739,507,0.6351084812623274,0.8586666666666667,0.7301587301587301,1364312.5,57,31,3,1409,88,0.6477272727272727,0.95,0.7702702702702702,81587.5,1.6923076923076923,True
55.8,322,185,53,99739,507,0.6351084812623274,0.8586666666666667,0.7301587301587301,1364312.5,57,31,3,1409,88,0.6477272727272727,0.95,0.7702702702702702,81587.5,1.6923076923076923,True
55.9,322,185,53,99739,507,0.6351084812623274,0.8586666666666667,0.7301587301587301,1364312.5,57,31,3,1409,88,0.6477272727272727,0.95,0.7702702702702702,81587.5,1.6923076923076923,True
56.0,322,183,53,99741,505,0.6376237623762376,0.8586666666666667,0.7318181818181817,1363887.5,57,31,3,1409,88,0.6477272727272727,0.95,0.7702702702702702,81587.5,1.6923076923076923,True
56.1,322,183,53,99741,505,0.6376237623762376,0.8586666666666667,0.7318181818181817,1363887.5,57,31,3,1409,88,0.6477272727272727,0.95,0.7702702702702702,81587.5,1.6923076923076923,True
56.2,322,183,53,99741,505,0.6376237623762376,0.8586666666666667,0.7318181818181817,1363887.5,57,31,3,1409,88,0.6477272727272727,0.95,0.7702702702702702,81587.5,1.6923076923076923,True
56.3,321,183,54,99741,504,0.6369047619047619,0.856,0.7303754266211604,1388887.5,57,31,3,1409,88,0.6477272727272727,0.95,0.7702702702702702,81587.5,1.6923076923076923,True
56.4,321,182,54,99742,503,0.6381709741550696,0.856,0.7312072892938498,1388675.0,57,31,3,1409,88,0.6477272727272727,0.95,0.7702702702702702,81587.5,1.6923076923076923,True
56.5,321,181,54,99743,502,0.6394422310756972,0.856,0.7320410490307868,1388462.5,57,30,3,1410,87,0.6551724137931034,0.95,0.7755102040816326,81375.0,1.6730769230769231,True
56.6,321,181,54,99743,502,0.6394422310756972,0.856,0.7320410490307868,1388462.5,57,30,3,1410,87,0.6551724137931034,0.95,0.7755102040816326,81375.0,1.6730769230769231,True
56.7,321,181,54,99743,502,0.6394422310756972,0.856,0.7320410490307868,1388462.5,57,30,3,1410,87,0.6551724137931034,0.95,0.7755102040816326,81375.0,1.6730769230769231,True
56.8,321,181,54,99743,502,0.6394422310756972,0.856,0.7320410490307868,1388462.5,57,30,3,1410,87,0.6551724137931034,0.95,0.7755102040816326,81375.0,1.6730769230769231,True
56.9,321,181,54,99743,502,0.6394422310756972,0.856,0.7320410490307868,1388462.5,57,30,3,1410,87,0.6551724137931034,0.95,0.7755102040816326,81375.0,1.6730769230769231,True
57.0,320,181,55,99743,501,0.6387225548902196,0.8533333333333334,0.7305936073059361,1413462.5,57,30,3,1410,87,0.6551724137931034,0.95,0.7755102040816326,81375.0,1.6730769230769231,True
57.1,320,180,55,99744,500,0.64,0.8533333333333334,0.7314285714285714,1413250.0,57,30,3,1410,87,0.6551724137931034,0.95,0.7755102040816326,81375.0,1.6730769230769231,True
57.2,320,180,55,99744,500,0.64,0.8533333333333334,0.7314285714285714,1413250.0,57,30,3,1410,87,0.6551724137931034,0.95,0.7755102040816326,81375.0,1.6730769230769231,True
57.3,319,180,56,99744,499,0.6392785571142284,0.8506666666666667,0.7299771167048055,1438250.0,57,30,3,1410,87,0.6551724137931034,0.95,0.7755102040816326,81375.0,1.6730769230769231,True
57.4,319,180,56,99744,499,0.6392785571142284,0.8506666666666667,0.7299771167048055,1438250.0,57,30,3,1410,87,0.6551724137931034,0.95,0.7755102040816326,81375.0,1.6730769230769231,True
57.5,318,178,57,99746,496,0.6411290322580645,0.848,0.730195177956372,1462825.0,57,30,3,1410,87,0.6551724137931034,0.95,0.7755102040816326,81375.0,1.6730769230769231,True
57.6,317,178,58,99746,495,0.6404040404040404,0.8453333333333334,0.728735632183908,1487825.0,57,30,3,1410,87,0.6551724137931034,0.95,0.7755102040816326,81375.0,1.6730769230769231,True
57.7,317,177,58,99747,494,0.6417004048582996,0.8453333333333334,0.7295742232451093,1487612.5,57,30,3,1410,87,0.6551724137931034,0.95,0.7755102040816326,81375.0,1.6730769230769231,True
57.8,317,175,58,99749,492,0.6443089430894309,0.8453333333333334,0.7312572087658593,1487187.5,57,30,3,1410,87,0.6551724137931034,0.95,0.7755102040816326,81375.0,1.6730769230769231,True
57.9,317,174,58,99750,491,0.6456211812627292,0.8453333333333334,0.7321016166281755,1486975.0,57,30,3,1410,87,0.6551724137931034,0.95,0.7755102040816326,81375.0,1.6730769230769231,True
58.0,317,174,58,99750,491,0.6456211812627292,0.8453333333333334,0.7321016166281755,1486975.0,57,30,3,1410,87,0.6551724137931034,0.95,0.7755102040816326,81375.0,1.6730769230769231,True
58.1,317,172,58,99752,489,0.6482617586912065,0.8453333333333334,0.7337962962962962,1486550.0,57,30,3,1410,87,0.6551724137931034,0.95,0.7755102040816326,81375.0,1.6730769230769231,True
58.2,316,172,59,99752,488,0.6475409836065574,0.8426666666666667,0.7323290845886443,1511550.0,57,30,3,1410,87,0.6551724137931034,0.95,0.7755102040816326,81375.0,1.6730769230769231,True
58.3,316,172,59,99752,488,0.6475409836065574,0.8426666666666667,0.7323290845886443,1511550.0,57,30,3,1410,87,0.6551724137931034,0.95,0.7755102040816326,81375.0,1.6730769230769231,True
58.4,316,171,59,99753,487,0.648870636550308,0.8426666666666667,0.7331786542923433,1511337.5,57,30,3,1410,87,0.6551724137931034,0.95,0.7755102040816326,81375.0,1.6730769230769231,True
58.5,316,171,59,99753,487,0.648870636550308,0.8426666666666667,0.7331786542923433,1511337.5,57,30,3,1410,87,0.6551724137931034,0.95,0.7755102040816326,81375.0,1.6730769230769231,True
58.6,316,170,59,99754,486,0.6502057613168725,0.8426666666666667,0.7340301974448317,1511125.0,57,30,3,1410,87,0.6551724137931034,0.95,0.7755102040816326,81375.0,1.6730769230769231,True
58.7,316,170,59,99754,486,0.6502057613168725,0.8426666666666667,0.7340301974448317,1511125.0,57,30,3,1410,87,0.6551724137931034,0.95,0.7755102040816326,81375.0,1.6730769230769231,True
58.8,316,170,59,99754,486,0.6502057613168725,0.8426666666666667,0.7340301974448317,1511125.0,57,30,3,1410,87,0.6551724137931034,0.95,0.7755102040816326,81375.0,1.6730769230769231,True
58.9,316,170,59,99754,486,0.6502057613168725,0.8426666666666667,0.7340301974448317,1511125.0,57,30,3,1410,87,0.6551724137931034,0.95,0.7755102040816326,81375.0,1.6730769230769231,True
59.0,316,169,59,99755,485,0.6515463917525773,0.8426666666666667,0.7348837209302327,1510912.5,57,30,3,1410,87,0.6551724137931034,0.95,0.7755102040816326,81375.0,1.6730769230769231,True
59.1,316,167,59,99757,483,0.6542443064182195,0.8426666666666667,0.7365967365967365,1510487.5,57,30,3,1410,87,0.6551724137931034,0.95,0.7755102040816326,81375.0,1.6730769230769231,True
59.2,315,166,60,99758,481,0.6548856548856549,0.84,0.7359813084112149,1535275.0,57,30,3,1410,87,0.6551724137931034,0.95,0.7755102040816326,81375.0,1.6730769230769231,True
59.3,314,165,61,99759,479,0.6555323590814196,0.8373333333333334,0.7353629976580796,1560062.5,57,30,3,1410,87,0.6551724137931034,0.95,0.7755102040816326,81375.0,1.6730769230769231,True
59.4,314,164,61,99760,478,0.6569037656903766,0.8373333333333334,0.7362250879249708,1559850.0,57,30,3,1410,87,0.6551724137931034,0.95,0.7755102040816326,81375.0,1.6730769230769231,True
59.5,314,164,61,99760,478,0.6569037656903766,0.8373333333333334,0.7362250879249708,1559850.0,57,30,3,1410,87,0.6551724137931034,0.95,0.7755102040816326,81375.0,1.6730769230769231,True
59.6,314,163,61,99761,477,0.6582809224318659,0.8373333333333334,0.7370892018779344,1559637.5,57,30,3,1410,87,0.6551724137931034,0.95,0.7755102040816326,81375.0,1.6730769230769231,True
59.7,314,163,61,99761,477,0.6582809224318659,0.8373333333333334,0.7370892018779344,1559637.5,57,30,3,1410,87,0.6551724137931034,0.95,0.7755102040816326,81375.0,1.6730769230769231,True
59.8,314,163,61,99761,477,0.6582809224318659,0.8373333333333334,0.7370892018779344,1559637.5,57,30,3,1410,87,0.6551724137931034,0.95,0.7755102040816326,81375.0,1.6730769230769231,True
59.9,314,163,61,99761,477,0.6582809224318659,0.8373333333333334,0.7370892018779344,1559637.5,57,30,3,1410,87,0.6551724137931034,0.95,0.7755102040816326,81375.0,1.6730769230769231,True
60.0,314,163,61,99761,477,0.6582809224318659,0.8373333333333334,0.7370892018779344,1559637.5,57,30,3,1410,87,0.6551724137931034,0.95,0.7755102040816326,81375.0,1.6730769230769231,True
60.1,313,163,62,99761,476,0.657563025210084,0.8346666666666667,0.7356051703877791,1584637.5,57,30,3,1410,87,0.6551724137931034,0.95,0.7755102040816326,81375.0,1.6730769230769231,True
60.2,313,163,62,99761,476,0.657563025210084,0.8346666666666667,0.7356051703877791,1584637.5,57,30,3,1410,87,0.6551724137931034,0.95,0.7755102040816326,81375.0,1.6730769230769231,True
60.3,313,162,62,99762,475,0.6589473684210526,0.8346666666666667,0.7364705882352941,1584425.0,57,30,3,1410,87,0.6551724137931034,0.95,0.7755102040816326,81375.0,1.6730769230769231,True
60.4,313,160,62,99764,473,0.6617336152219874,0.8346666666666667,0.7382075471698113,1584000.0,57,30,3,1410,87,0.6551724137931034,0.95,0.7755102040816326,81375.0,1.6730769230769231,True
60.5,312,160,63,99764,472,0.6610169491525424,0.832,0.7367178276269185,1609000.0,57,30,3,1410,87,0.6551724137931034,0.95,0.7755102040816326,81375.0,1.6730769230769231,True
60.6,312,159,63,99765,471,0.6624203821656051,0.832,0.7375886524822696,1608787.5,57,30,3,1410,87,0.6551724137931034,0.95,0.7755102040816326,81375.0,1.6730769230769231,True
60.7,312,159,63,99765,471,0.6624203821656051,0.832,0.7375886524822696,1608787.5,57,30,3,1410,87,0.6551724137931034,0.95,0.7755102040816326,81375.0,1.6730769230769231,True
60.8,312,158,63,99766,470,0.6638297872340425,0.832,0.7384615384615385,1608575.0,57,30,3,1410,87,0.6551724137931034,0.95,0.7755102040816326,81375.0,1.6730769230769231,True
60.9,311,158,64,99766,469,0.6631130063965884,0.8293333333333334,0.7369668246445498,1633575.0,57,30,3,1410,87,0.6551724137931034,0.95,0.7755102040816326,81375.0,1.6730769230769231,True
61.0,311,157,64,99767,468,0.6645299145299145,0.8293333333333334,0.737841043890866,1633362.5,57,30,3,1410,87,0.6551724137931034,0.95,0.7755102040816326,81375.0,1.6730769230769231,True
61.1,311,157,64,99767,468,0.6645299145299145,0.8293333333333334,0.737841043890866,1633362.5,57,30,3,1410,87,0.6551724137931034,0.95,0.7755102040816326,81375.0,1.6730769230769231,True
61.2,311,156,64,99768,467,0.6659528907922913,0.8293333333333334,0.7387173396674585,1633150.0,57,30,3,1410,87,0.6551724137931034,0.95,0.7755102040816326,81375.0,1.6730769230769231,True
61.3,311,155,64,99769,466,0.6673819742489271,0.8293333333333334,0.7395957193816886,1632937.5,57,30,3,1410,87,0.6551724137931034,0.95,0.7755102040816326,81375.0,1.6730769230769231,True
61.4,310,154,65,99770,464,0.6681034482758621,0.8266666666666667,0.7389749702026222,1657725.0,57,30,3,1410,87,0.6551724137931034,0.95,0.7755102040816326,81375.0,1.6730769230769231,True
61.5,310,154,65,99770,464,0.6681034482758621,0.8266666666666667,0.7389749702026222,1657725.0,57,30,3,1410,87,0.6551724137931034,0.95,0.7755102040816326,81375.0,1.6730769230769231,True
61.6,310,153,65,99771,463,0.6695464362850972,0.8266666666666667,0.7398568019093079,1657512.5,57,30,3,1410,87,0.6551724137931034,0.95,0.7755102040816326,81375.0,1.6730769230769231,True
61.7,310,151,65,99773,461,0.6724511930585684,0.8266666666666667,0.7416267942583733,1657087.5,57,30,3,1410,87,0.6551724137931034,0.95,0.7755102040816326,81375.0,1.6730769230769231,True
61.8,310,150,65,99774,460,0.6739130434782609,0.8266666666666667,0.7425149700598803,1656875.0,57,30,3,1410,87,0.6551724137931034,0.95,0.7755102040816326,81375.0,1.6730769230769231,True
61.9,308,150,67,99774,458,0.6724890829694323,0.8213333333333334,0.7394957983193277,1706875.0,57,30,3,1410,87,0.6551724137931034,0.95,0.7755102040816326,81375.0,1.6730769230769231,True
62.0,308,148,67,99776,456,0.6754385964912281,0.8213333333333334,0.7412755716004814,1706450.0,57,30,3,1410,87,0.6551724137931034,0.95,0.7755102040816326,81375.0,1.6730769230769231,True
62.1,308,148,67,99776,456,0.6754385964912281,0.8213333333333334,0.7412755716004814,1706450.0,57,30,3,1410,87,0.6551724137931034,0.95,0.7755102040816326,81375.0,1.6730769230769231,True
62.2,308,146,67,99778,454,0.6784140969162996,0.8213333333333334,0.7430639324487335,1706025.0,57,30,3,1410,87,0.6551724137931034,0.95,0.7755102040816326,81375.0,1.6730769230769231,True
62.3,307,145,68,99779,452,0.6792035398230089,0.8186666666666667,0.7424425634824668,1730812.5,57,30,3,1410,87,0.6551724137931034,0.95,0.7755102040816326,81375.0,1.6730769230769231,True
62.4,307,145,68,99779,452,0.6792035398230089,0.8186666666666667,0.7424425634824668,1730812.5,57,30,3,1410,87,0.6551724137931034,0.95,0.7755102040816326,81375.0,1.6730769230769231,True
62.5,306,145,69,99779,451,0.6784922394678492,0.816,0.7409200968523002,1755812.5,57,30,3,1410,87,0.6551724137931034,0.95,0.7755102040816326,81375.0,1.6730769230769231,True
62.6,306,145,69,99779,451,0.6784922394678492,0.816,0.7409200968523002,1755812.5,57,30,3,1410,87,0.6551724137931034,0.95,0.7755102040816326,81375.0,1.6730769230769231,True
62.7,306,145,69,99779,451,0.6784922394678492,0.816,0.7409200968523002,1755812.5,57,30,3,1410,87,0.6551724137931034,0.95,0.7755102040816326,81375.0,1.6730769230769231,True
62.8,306,144,69,99780,450,0.68,0.816,0.7418181818181818,1755600.0,57,30,3,1410,87,0.6551724137931034,0.95,0.7755102040816326,81375.0,1.6730769230769231,True
62.9,306,141,69,99783,447,0.6845637583892618,0.816,0.7445255474452555,1754962.5,57,29,3,1411,86,0.6627906976744186,0.95,0.780821917808219,81162.5,1.6538461538461537,True
63.0,306,141,69,99783,447,0.6845637583892618,0.816,0.7445255474452555,1754962.5,57,29,3,1411,86,0.6627906976744186,0.95,0.780821917808219,81162.5,1.6538461538461537,True
63.1,304,141,71,99783,445,0.6831460674157304,0.8106666666666666,0.7414634146341463,1804962.5,57,29,3,1411,86,0.6627906976744186,0.95,0.780821917808219,81162.5,1.6538461538461537,True
63.2,304,141,71,99783,445,0.6831460674157304,0.8106666666666666,0.7414634146341463,1804962.5,57,29,3,1411,86,0.6627906976744186,0.95,0.780821917808219,81162.5,1.6538461538461537,True
63.3,304,140,71,99784,444,0.6846846846846847,0.8106666666666666,0.7423687423687423,1804750.0,57,29,3,1411,86,0.6627906976744186,0.95,0.780821917808219,81162.5,1.6538461538461537,True
63.4,304,140,71,99784,444,0.6846846846846847,0.8106666666666666,0.7423687423687423,1804750.0,57,29,3,1411,86,0.6627906976744186,0.95,0.780821917808219,81162.5,1.6538461538461537,True
63.5,304,139,71,99785,443,0.6862302483069977,0.8106666666666666,0.743276283618582,1804537.5,57,29,3,1411,86,0.6627906976744186,0.95,0.780821917808219,81162.5,1.6538461538461537,True
63.6,304,138,71,99786,442,0.6877828054298643,0.8106666666666666,0.744186046511628,1804325.0,57,29,3,1411,86,0.6627906976744186,0.95,0.780821917808219,81162.5,1.6538461538461537,True
63.7,304,136,71,99788,440,0.6909090909090909,0.8106666666666666,0.7460122699386502,1803900.0,57,28,3,1412,85,0.6705882352941176,0.95,0.786206896551724,80950.0,1.6346153846153846,True
63.8,304,134,71,99790,438,0.6940639269406392,0.8106666666666666,0.7478474784747847,1803475.0,57,28,3,1412,85,0.6705882352941176,0.95,0.786206896551724,80950.0,1.6346153846153846,True
63.9,304,132,71,99792,436,0.6972477064220184,0.8106666666666666,0.7496917385943279,1803050.0,57,28,3,1412,85,0.6705882352941176,0.95,0.786206896551724,80950.0,1.6346153846153846,True
64.0,304,132,71,99792,436,0.6972477064220184,0.8106666666666666,0.7496917385943279,1803050.0,57,28,3,1412,85,0.6705882352941176,0.95,0.786206896551724,80950.0,1.6346153846153846,True
64.1,304,132,71,99792,436,0.6972477064220184,0.8106666666666666,0.7496917385943279,1803050.0,57,28,3,1412,85,0.6705882352941176,0.95,0.786206896551724,80950.0,1.6346153846153846,True
64.2,304,132,71,99792,436,0.6972477064220184,0.8106666666666666,0.7496917385943279,1803050.0,57,28,3,1412,85,0.6705882352941176,0.95,0.786206896551724,80950.0,1.6346153846153846,True
64.3,304,131,71,99793,435,0.6988505747126437,0.8106666666666666,0.7506172839506173,1802837.5,57,28,3,1412,85,0.6705882352941176,0.95,0.786206896551724,80950.0,1.6346153846153846,True
64.4,304,131,71,99793,435,0.6988505747126437,0.8106666666666666,0.7506172839506173,1802837.5,57,28,3,1412,85,0.6705882352941176,0.95,0.786206896551724,80950.0,1.6346153846153846,True
64.5,304,131,71,99793,435,0.6988505747126437,0.8106666666666666,0.7506172839506173,1802837.5,57,28,3,1412,85,0.6705882352941176,0.95,0.786206896551724,80950.0,1.6346153846153846,True
64.6,303,130,72,99794,433,0.6997690531177829,0.808,0.75,1827625.0,57,28,3,1412,85,0.6705882352941176,0.95,0.786206896551724,80950.0,1.6346153846153846,True
64.7,303,127,72,99797,430,0.7046511627906977,0.808,0.7527950310559006,1826987.5,57,28,3,1412,85,0.6705882352941176,0.95,0.786206896551724,80950.0,1.6346153846153846,True
64.8,303,126,72,99798,429,0.7062937062937062,0.808,0.753731343283582,1826775.0,57,28,3,1412,85,0.6705882352941176,0.95,0.786206896551724,80950.0,1.6346153846153846,True
64.9,303,126,72,99798,429,0.7062937062937062,0.808,0.753731343283582,1826775.0,57,28,3,1412,85,0.6705882352941176,0.95,0.786206896551724,80950.0,1.6346153846153846,True
65.0,302,126,73,99798,428,0.705607476635514,0.8053333333333333,0.7521793275217933,1851775.0,57,28,3,1412,85,0.6705882352941176,0.95,0.786206896551724,80950.0,1.6346153846153846,True
65.1,302,124,73,99800,426,0.7089201877934272,0.8053333333333333,0.7540574282147317,1851350.0,57,28,3,1412,85,0.6705882352941176,0.95,0.786206896551724,80950.0,1.6346153846153846,True
65.2,302,123,73,99801,425,0.7105882352941176,0.8053333333333333,0.755,1851137.5,57,28,3,1412,85,0.6705882352941176,0.95,0.786206896551724,80950.0,1.6346153846153846,True
65.3,302,122,73,99802,424,0.7122641509433962,0.8053333333333333,0.7559449311639549,1850925.0,57,28,3,1412,85,0.6705882352941176,0.95,0.786206896551724,80950.0,1.6346153846153846,True
65.4,302,120,73,99804,422,0.7156398104265402,0.8053333333333333,0.7578419071518194,1850500.0,57,28,3,1412,85,0.6705882352941176,0.95,0.786206896551724,80950.0,1.6346153846153846,True
65.5,301,120,74,99804,421,0.7149643705463183,0.8026666666666666,0.756281407035176,1875500.0,57,28,3,1412,85,0.6705882352941176,0.95,0.786206896551724,80950.0,1.6346153846153846,True
65.6,301,118,74,99806,419,0.7183770883054893,0.8026666666666666,0.7581863979848866,1875075.0,57,28,3,1412,85,0.6705882352941176,0.95,0.786206896551724,80950.0,1.6346153846153846,True
65.7,301,118,74,99806,419,0.7183770883054893,0.8026666666666666,0.7581863979848866,1875075.0,57,28,3,1412,85,0.6705882352941176,0.95,0.786206896551724,80950.0,1.6346153846153846,True
65.8,301,116,74,99808,417,0.7218225419664268,0.8026666666666666,0.76010101010101,1874650.0,57,27,3,1413,84,0.6785714285714286,0.95,0.7916666666666667,80737.5,1.6153846153846154,True
65.9,301,114,74,99810,415,0.7253012048192771,0.8026666666666666,0.7620253164556962,1874225.0,57,27,3,1413,84,0.6785714285714286,0.95,0.7916666666666667,80737.5,1.6153846153846154,True
66.0,299,112,76,99812,411,0.7274939172749392,0.7973333333333333,0.7608142493638678,1923800.0,57,26,3,1414,83,0.6867469879518072,0.95,0.7972027972027973,80525.0,1.5961538461538463,True
66.1,299,109,76,99815,408,0.7328431372549019,0.7973333333333333,0.7637292464878672,1923162.5,57,26,3,1414,83,0.6867469879518072,0.95,0.7972027972027973,80525.0,1.5961538461538463,True
66.2,297,107,78,99817,404,0.7351485148514851,0.792,0.7625160462130937,1972737.5,57,26,3,1414,83,0.6867469879518072,0.95,0.7972027972027973,80525.0,1.5961538461538463,True
66.3,295,106,80,99818,401,0.7356608478802993,0.7866666666666666,0.7603092783505155,2022525.0,57,26,3,1414,83,0.6867469879518072,0.95,0.7972027972027973,80525.0,1.5961538461538463,True
66.4,294,105,81,99819,399,0.7368421052631579,0.784,0.7596899224806203,2047312.5,57,26,3,1414,83,0.6867469879518072,0.95,0.7972027972027973,80525.0,1.5961538461538463,True
66.5,292,104,83,99820,396,0.7373737373737373,0.7786666666666666,0.7574578469520102,2097100.0,57,25,3,1415,82,0.6951219512195121,0.95,0.8028169014084506,80312.5,1.5769230769230769,True
66.6,291,103,84,99821,394,0.7385786802030457,0.776,0.7568270481144344,2121887.5,57,25,3,1415,82,0.6951219512195121,0.95,0.8028169014084506,80312.5,1.5769230769230769,True
66.7,289,103,86,99821,392,0.7372448979591837,0.7706666666666667,0.7535853976531942,2171887.5,57,25,3,1415,82,0.6951219512195121,0.95,0.8028169014084506,80312.5,1.5769230769230769,True
66.8,289,103,86,99821,392,0.7372448979591837,0.7706666666666667,0.7535853976531942,2171887.5,57,25,3,1415,82,0.6951219512195121,0.95,0.8028169014084506,80312.5,1.5769230769230769,True
66.9,288,102,87,99822,390,0.7384615384615385,0.768,0.7529411764705882,2196675.0,57,25,3,1415,82,0.6951219512195121,0.95,0.8028169014084506,80312.5,1.5769230769230769,True
67.0,285,100,90,99824,385,0.7402597402597403,0.76,0.75,2271250.0,57,25,3,1415,82,0.6951219512195121,0.95,0.8028169014084506,80312.5,1.5769230769230769,True
67.1,283,99,92,99825,382,0.7408376963350786,0.7546666666666667,0.7476882430647293,2321037.5,57,25,3,1415,82,0.6951219512195121,0.95,0.8028169014084506,80312.5,1.5769230769230769,True
67.2,281,94,94,99830,375,0.7493333333333333,0.7493333333333333,0.7493333333333333,2369975.0,57,24,3,1416,81,0.7037037037037037,0.95,0.8085106382978724,80100.0,1.5576923076923077,True
67.3,279,93,96,99831,372,0.75,0.744,0.746987951807229,2419762.5,57,24,3,1416,81,0.7037037037037037,0.95,0.8085106382978724,80100.0,1.5576923076923077,True
67.4,276,89,99,99835,365,0.7561643835616438,0.736,0.7459459459459459,2493912.5,57,23,3,1417,80,0.7125,0.95,0.8142857142857143,79887.5,1.5384615384615385,True
67.5,276,85,99,99839,361,0.7645429362880887,0.736,0.7500000000000001,2493062.5,57,23,3,1417,80,0.7125,0.95,0.8142857142857143,79887.5,1.5384615384615385,True
67.6,275,84,100,99840,359,0.766016713091922,0.7333333333333333,0.7493188010899181,2517850.0,57,23,3,1417,80,0.7125,0.95,0.8142857142857143,79887.5,1.5384615384615385,True
67.7,271,81,104,99843,352,0.7698863636363636,0.7226666666666667,0.7455295735900962,2617212.5,57,21,3,1419,78,0.7307692307692307,0.95,0.8260869565217392,79462.5,1.5,True
67.8,267,80,108,99844,347,0.7694524495677233,0.712,0.739612188365651,2717000.0,57,21,3,1419,78,0.7307692307692307,0.95,0.8260869565217392,79462.5,1.5,True
67.9,265,79,110,99845,344,0.7703488372093024,0.7066666666666667,0.7371349095966621,2766787.5,57,21,3,1419,78,0.7307692307692307,0.95,0.8260869565217392,79462.5,1.5,True
68.0,262,77,113,99847,339,0.7728613569321534,0.6986666666666667,0.7338935574229692,2841362.5,56,21,4,1419,77,0.7272727272727273,0.9333333333333333,0.8175182481751825,104462.5,1.4807692307692308,True
68.1,258,74,117,99850,332,0.7771084337349398,0.688,0.7298444130127297,2940725.0,56,20,4,1420,76,0.7368421052631579,0.9333333333333333,0.8235294117647058,104250.0,1.4615384615384615,True
68.2,255,73,120,99851,328,0.7774390243902439,0.68,0.7254623044096729,3015512.5,56,20,4,1420,76,0.7368421052631579,0.9333333333333333,0.8235294117647058,104250.0,1.4615384615384615,True
68.3,253,70,122,99854,323,0.7832817337461301,0.6746666666666666,0.7249283667621776,3064875.0,56,20,4,1420,76,0.7368421052631579,0.9333333333333333,0.8235294117647058,104250.0,1.4615384615384615,True
68.4,248,70,127,99854,318,0.779874213836478,0.6613333333333333,0.7157287157287158,3189875.0,56,20,4,1420,76,0.7368421052631579,0.9333333333333333,0.8235294117647058,104250.0,1.4615384615384615,True
68.5,243,67,132,99857,310,0.7838709677419354,0.648,0.7094890510948905,3314237.5,56,20,4,1420,76,0.7368421052631579,0.9333333333333333,0.8235294117647058,104250.0,1.4615384615384615,True
68.6,241,62,134,99862,303,0.7953795379537953,0.6426666666666667,0.7109144542772862,3363175.0,56,20,4,1420,76,0.7368421052631579,0.9333333333333333,0.8235294117647058,104250.0,1.4615384615384615,True
68.7,238,58,137,99866,296,0.8040540540540541,0.6346666666666667,0.7093889716840537,3437325.0,56,20,4,1420,76,0.7368421052631579,0.9333333333333333,0.8235294117647058,104250.0,1.4615384615384615,True
68.8,236,56,139,99868,292,0.8082191780821918,0.6293333333333333,0.7076461769115442,3486900.0,56,19,4,1421,75,0.7466666666666667,0.9333333333333333,0.8296296296296296,104037.5,1.4423076923076923,True
68.9,232,53,143,99871,285,0.8140350877192982,0.6186666666666667,0.703030303030303,3586262.5,56,19,4,1421,75,0.7466666666666667,0.9333333333333333,0.8296296296296296,104037.5,1.4423076923076923,True
69.0,224,48,151,99876,272,0.8235294117647058,0.5973333333333334,0.6924265842349304,3785200.0,56,17,4,1423,73,0.7671232876712328,0.9333333333333333,0.8421052631578947,103612.5,1.4038461538461537,True
69.1,221,46,154,99878,267,0.8277153558052435,0.5893333333333334,0.6884735202492213,3859775.0,56,17,4,1423,73,0.7671232876712328,0.9333333333333333,0.8421052631578947,103612.5,1.4038461538461537,True
69.2,215,42,160,99882,257,0.8365758754863813,0.5733333333333334,0.680379746835443,4008925.0,56,16,4,1424,72,0.7777777777777778,0.9333333333333333,0.8484848484848485,103400.0,1.3846153846153846,True
69.3,204,41,171,99883,245,0.8326530612244898,0.544,0.6580645161290323,4283712.5,56,16,4,1424,72,0.7777777777777778,0.9333333333333333,0.8484848484848485,103400.0,1.3846153846153846,True
69.4,202,39,173,99885,241,0.8381742738589212,0.5386666666666666,0.6558441558441559,4333287.5,56,15,4,1425,71,0.7887323943661971,0.9333333333333333,0.8549618320610686,103187.5,1.3653846153846154,True
69.5,192,33,183,99891,225,0.8533333333333334,0.512,0.64,4582012.5,56,14,4,1426,70,0.8,0.9333333333333333,0.8615384615384616,102975.0,1.3461538461538463,True
69.6,175,30,200,99894,205,0.8536585365853658,0.4666666666666667,0.603448275862069,5006375.0,55,13,5,1427,68,0.8088235294117647,0.9166666666666666,0.859375,127762.5,1.3076923076923077,True
69.7,153,25,222,99899,178,0.8595505617977528,0.408,0.5533453887884268,5555312.5,55,12,5,1428,67,0.8208955223880597,0.9166666666666666,0.8661417322834646,127550.0,1.2884615384615385,True
69.8,130,14,245,99910,144,0.9027777777777778,0.3466666666666667,0.5009633911368017,6127975.0,48,7,12,1433,55,0.8727272727272727,0.8,0.8347826086956521,301487.5,1.0576923076923077,True
69.9,78,7,297,99917,85,0.9176470588235294,0.208,0.3391304347826086,7426487.5,36,4,24,1436,40,0.9,0.6,0.7200000000000001,600850.0,0.7692307692307693,True
70.0,0,0,375,99924,0,0.0,0.0,0.0,9375000.0,0,0,60,1440,0,0.0,0.0,0.0,1500000.0,0.0,True
70.1,0,0,375,99924,0,0.0,0.0,0.0,9375000.0,0,0,60,1440,0,0.0,0.0,0.0,1500000.0,0.0,True
70.2,0,0,375,99924,0,0.0,0.0,0.0,9375000.0,0,0,60,1440,0,0.0,0.0,0.0,1500000.0,0.0,True
70.3,0,0,375,99924,0,0.0,0.0,0.0,9375000.0,0,0,60,1440,0,0.0,0.0,0.0,1500000.0,0.0,True
70.4,0,0,375,99924,0,0.0,0.0,0.0,9375000.0,0,0,60,1440,0,0.0,0.0,0.0,1500000.0,0.0,True
70.5,0,0,375,99924,0,0.0,0.0,0.0,9375000.0,0,0,60,1440,0,0.0,0.0,0.0,1500000.0,0.0,True
70.6,0,0,375,99924,0,0.0,0.0,0.0,9375000.0,0,0,60,1440,0,0.0,0.0,0.0,1500000.0,0.0,True
70.7,0,0,375,99924,0,0.0,0.0,0.0,9375000.0,0,0,60,1440,0,0.0,0.0,0.0,1500000.0,0.0,True
70.8,0,0,375,99924,0,0.0,0.0,0.0,9375000.0,0,0,60,1440,0,0.0,0.0,0.0,1500000.0,0.0,True
70.9,0,0,375,99924,0,0.0,0.0,0.0,9375000.0,0,0,60,1440,0,0.0,0.0,0.0,1500000.0,0.0,True
71.0,0,0,375,99924,0,0.0,0.0,0.0,9375000.0,0,0,60,1440,0,0.0,0.0,0.0,1500000.0,0.0,True
71.1,0,0,375,99924,0,0.0,0.0,0.0,9375000.0,0,0,60,1440,0,0.0,0.0,0.0,1500000.0,0.0,True
71.2,0,0,375,99924,0,0.0,0.0,0.0,9375000.0,0,0,60,1440,0,0.0,0.0,0.0,1500000.0,0.0,True
71.3,0,0,375,99924,0,0.0,0.0,0.0,9375000.0,0,0,60,1440,0,0.0,0.0,0.0,1500000.0,0.0,True
71.4,0,0,375,99924,0,0.0,0.0,0.0,9375000.0,0,0,60,1440,0,0.0,0.0,0.0,1500000.0,0.0,True
71.5,0,0,375,99924,0,0.0,0.0,0.0,9375000.0,0,0,60,1440,0,0.0,0.0,0.0,1500000.0,0.0,True
71.6,0,0,375,99924,0,0.0,0.0,0.0,9375000.0,0,0,60,1440,0,0.0,0.0,0.0,1500000.0,0.0,True
71.7,0,0,375,99924,0,0.0,0.0,0.0,9375000.0,0,0,60,1440,0,0.0,0.0,0.0,1500000.0,0.0,True
71.8,0,0,375,99924,0,0.0,0.0,0.0,9375000.0,0,0,60,1440,0,0.0,0.0,0.0,1500000.0,0.0,True
71.9,0,0,375,99924,0,0.0,0.0,0.0,9375000.0,0,0,60,1440,0,0.0,0.0,0.0,1500000.0,0.0,True
72.0,0,0,375,99924,0,0.0,0.0,0.0,9375000.0,0,0,60,1440,0,0.0,0.0,0.0,1500000.0,0.0,True
72.1,0,0,375,99924,0,0.0,0.0,0.0,9375000.0,0,0,60,1440,0,0.0,0.0,0.0,1500000.0,0.0,True
72.2,0,0,375,99924,0,0.0,0.0,0.0,9375000.0,0,0,60,1440,0,0.0,0.0,0.0,1500000.0,0.0,True
72.3,0,0,375,99924,0,0.0,0.0,0.0,9375000.0,0,0,60,1440,0,0.0,0.0,0.0,1500000.0,0.0,True
72.4,0,0,375,99924,0,0.0,0.0,0.0,9375000.0,0,0,60,1440,0,0.0,0.0,0.0,1500000.0,0.0,True
72.5,0,0,375,99924,0,0.0,0.0,0.0,9375000.0,0,0,60,1440,0,0.0,0.0,0.0,1500000.0,0.0,True
72.6,0,0,375,99924,0,0.0,0.0,0.0,9375000.0,0,0,60,1440,0,0.0,0.0,0.0,1500000.0,0.0,True
72.7,0,0,375,99924,0,0.0,0.0,0.0,9375000.0,0,0,60,1440,0,0.0,0.0,0.0,1500000.0,0.0,True
72.8,0,0,375,99924,0,0.0,0.0,0.0,9375000.0,0,0,60,1440,0,0.0,0.0,0.0,1500000.0,0.0,True
72.9,0,0,375,99924,0,0.0,0.0,0.0,9375000.0,0,0,60,1440,0,0.0,0.0,0.0,1500000.0,0.0,True
73.0,0,0,375,99924,0,0.0,0.0,0.0,9375000.0,0,0,60,1440,0,0.0,0.0,0.0,1500000.0,0.0,True
73.1,0,0,375,99924,0,0.0,0.0,0.0,9375000.0,0,0,60,1440,0,0.0,0.0,0.0,1500000.0,0.0,True
73.2,0,0,375,99924,0,0.0,0.0,0.0,9375000.0,0,0,60,1440,0,0.0,0.0,0.0,1500000.0,0.0,True
73.3,0,0,375,99924,0,0.0,0.0,0.0,9375000.0,0,0,60,1440,0,0.0,0.0,0.0,1500000.0,0.0,True
73.4,0,0,375,99924,0,0.0,0.0,0.0,9375000.0,0,0,60,1440,0,0.0,0.0,0.0,1500000.0,0.0,True
73.5,0,0,375,99924,0,0.0,0.0,0.0,9375000.0,0,0,60,1440,0,0.0,0.0,0.0,1500000.0,0.0,True
73.6,0,0,375,99924,0,0.0,0.0,0.0,9375000.0,0,0,60,1440,0,0.0,0.0,0.0,1500000.0,0.0,True
73.7,0,0,375,99924,0,0.0,0.0,0.0,9375000.0,0,0,60,1440,0,0.0,0.0,0.0,1500000.0,0.0,True
73.8,0,0,375,99924,0,0.0,0.0,0.0,9375000.0,0,0,60,1440,0,0.0,0.0,0.0,1500000.0,0.0,True
73.9,0,0,375,99924,0,0.0,0.0,0.0,9375000.0,0,0,60,1440,0,0.0,0.0,0.0,1500000.0,0.0,True
74.0,0,0,375,99924,0,0.0,0.0,0.0,9375000.0,0,0,60,1440,0,0.0,0.0,0.0,1500000.0,0.0,True
74.1,0,0,375,99924,0,0.0,0.0,0.0,9375000.0,0,0,60,1440,0,0.0,0.0,0.0,1500000.0,0.0,True
74.2,0,0,375,99924,0,0.0,0.0,0.0,9375000.0,0,0,60,1440,0,0.0,0.0,0.0,1500000.0,0.0,True
74.3,0,0,375,99924,0,0.0,0.0,0.0,9375000.0,0,0,60,1440,0,0.0,0.0,0.0,1500000.0,0.0,True
74.4,0,0,375,99924,0,0.0,0.0,0.0,9375000.0,0,0,60,1440,0,0.0,0.0,0.0,1500000.0,0.0,True
74.5,0,0,375,99924,0,0.0,0.0,0.0,9375000.0,0,0,60,1440,0,0.0,0.0,0.0,1500000.0,0.0,True
74.6,0,0,375,99924,0,0.0,0.0,0.0,9375000.0,0,0,60,1440,0,0.0,0.0,0.0,1500000.0,0.0,True
74.7,0,0,375,99924,0,0.0,0.0,0.0,9375000.0,0,0,60,1440,0,0.0,0.0,0.0,1500000.0,0.0,True
74.8,0,0,375,99924,0,0.0,0.0,0.0,9375000.0,0,0,60,1440,0,0.0,0.0,0.0,1500000.0,0.0,True
74.9,0,0,375,99924,0,0.0,0.0,0.0,9375000.0,0,0,60,1440,0,0.0,0.0,0.0,1500000.0,0.0,True
75.0,0,0,375,99924,0,0.0,0.0,0.0,9375000.0,0,0,60,1440,0,0.0,0.0,0.0,1500000.0,0.0,True
75.1,0,0,375,99924,0,0.0,0.0,0.0,9375000.0,0,0,60,1440,0,0.0,0.0,0.0,1500000.0,0.0,True
75.2,0,0,375,99924,0,0.0,0.0,0.0,9375000.0,0,0,60,1440,0,0.0,0.0,0.0,1500000.0,0.0,True
75.3,0,0,375,99924,0,0.0,0.0,0.0,9375000.0,0,0,60,1440,0,0.0,0.0,0.0,1500000.0,0.0,True
75.4,0,0,375,99924,0,0.0,0.0,0.0,9375000.0,0,0,60,1440,0,0.0,0.0,0.0,1500000.0,0.0,True
75.5,0,0,375,99924,0,0.0,0.0,0.0,9375000.0,0,0,60,1440,0,0.0,0.0,0.0,1500000.0,0.0,True
75.6,0,0,375,99924,0,0.0,0.0,0.0,9375000.0,0,0,60,1440,0,0.0,0.0,0.0,1500000.0,0.0,True
75.7,0,0,375,99924,0,0.0,0.0,0.0,9375000.0,0,0,60,1440,0,0.0,0.0,0.0,1500000.0,0.0,True
75.8,0,0,375,99924,0,0.0,0.0,0.0,9375000.0,0,0,60,1440,0,0.0,0.0,0.0,1500000.0,0.0,True
75.9,0,0,375,99924,0,0.0,0.0,0.0,9375000.0,0,0,60,1440,0,0.0,0.0,0.0,1500000.0,0.0,True
76.0,0,0,375,99924,0,0.0,0.0,0.0,9375000.0,0,0,60,1440,0,0.0,0.0,0.0,1500000.0,0.0,True
76.1,0,0,375,99924,0,0.0,0.0,0.0,9375000.0,0,0,60,1440,0,0.0,0.0,0.0,1500000.0,0.0,True
76.2,0,0,375,99924,0,0.0,0.0,0.0,9375000.0,0,0,60,1440,0,0.0,0.0,0.0,1500000.0,0.0,True
76.3,0,0,375,99924,0,0.0,0.0,0.0,9375000.0,0,0,60,1440,0,0.0,0.0,0.0,1500000.0,0.0,True
76.4,0,0,375,99924,0,0.0,0.0,0.0,9375000.0,0,0,60,1440,0,0.0,0.0,0.0,1500000.0,0.0,True
76.5,0,0,375,99924,0,0.0,0.0,0.0,9375000.0,0,0,60,1440,0,0.0,0.0,0.0,1500000.0,0.0,True
76.6,0,0,375,99924,0,0.0,0.0,0.0,9375000.0,0,0,60,1440,0,0.0,0.0,0.0,1500000.0,0.0,True
76.7,0,0,375,99924,0,0.0,0.0,0.0,9375000.0,0,0,60,1440,0,0.0,0.0,0.0,1500000.0,0.0,True
76.8,0,0,375,99924,0,0.0,0.0,0.0,9375000.0,0,0,60,1440,0,0.0,0.0,0.0,1500000.0,0.0,True
76.9,0,0,375,99924,0,0.0,0.0,0.0,9375000.0,0,0,60,1440,0,0.0,0.0,0.0,1500000.0,0.0,True
77.0,0,0,375,99924,0,0.0,0.0,0.0,9375000.0,0,0,60,1440,0,0.0,0.0,0.0,1500000.0,0.0,True
77.1,0,0,375,99924,0,0.0,0.0,0.0,9375000.0,0,0,60,1440,0,0.0,0.0,0.0,1500000.0,0.0,True
77.2,0,0,375,99924,0,0.0,0.0,0.0,9375000.0,0,0,60,1440,0,0.0,0.0,0.0,1500000.0,0.0,True
77.3,0,0,375,99924,0,0.0,0.0,0.0,9375000.0,0,0,60,1440,0,0.0,0.0,0.0,1500000.0,0.0,True
77.4,0,0,375,99924,0,0.0,0.0,0.0,9375000.0,0,0,60,1440,0,0.0,0.0,0.0,1500000.0,0.0,True
77.5,0,0,375,99924,0,0.0,0.0,0.0,9375000.0,0,0,60,1440,0,0.0,0.0,0.0,1500000.0,0.0,True
77.6,0,0,375,99924,0,0.0,0.0,0.0,9375000.0,0,0,60,1440,0,0.0,0.0,0.0,1500000.0,0.0,True
77.7,0,0,375,99924,0,0.0,0.0,0.0,9375000.0,0,0,60,1440,0,0.0,0.0,0.0,1500000.0,0.0,True
77.8,0,0,375,99924,0,0.0,0.0,0.0,9375000.0,0,0,60,1440,0,0.0,0.0,0.0,1500000.0,0.0,True
77.9,0,0,375,99924,0,0.0,0.0,0.0,9375000.0,0,0,60,1440,0,0.0,0.0,0.0,1500000.0,0.0,True
78.0,0,0,375,99924,0,0.0,0.0,0.0,9375000.0,0,0,60,1440,0,0.0,0.0,0.0,1500000.0,0.0,True
78.1,0,0,375,99924,0,0.0,0.0,0.0,9375000.0,0,0,60,1440,0,0.0,0.0,0.0,1500000.0,0.0,True
78.2,0,0,375,99924,0,0.0,0.0,0.0,9375000.0,0,0,60,1440,0,0.0,0.0,0.0,1500000.0,0.0,True
78.3,0,0,375,99924,0,0.0,0.0,0.0,9375000.0,0,0,60,1440,0,0.0,0.0,0.0,1500000.0,0.0,True
78.4,0,0,375,99924,0,0.0,0.0,0.0,9375000.0,0,0,60,1440,0,0.0,0.0,0.0,1500000.0,0.0,True
78.5,0,0,375,99924,0,0.0,0.0,0.0,9375000.0,0,0,60,1440,0,0.0,0.0,0.0,1500000.0,0.0,True
78.6,0,0,375,99924,0,0.0,0.0,0.0,9375000.0,0,0,60,1440,0,0.0,0.0,0.0,1500000.0,0.0,True
78.7,0,0,375,99924,0,0.0,0.0,0.0,9375000.0,0,0,60,1440,0,0.0,0.0,0.0,1500000.0,0.0,True
78.8,0,0,375,99924,0,0.0,0.0,0.0,9375000.0,0,0,60,1440,0,0.0,0.0,0.0,1500000.0,0.0,True
78.9,0,0,375,99924,0,0.0,0.0,0.0,9375000.0,0,0,60,1440,0,0.0,0.0,0.0,1500000.0,0.0,True
79.0,0,0,375,99924,0,0.0,0.0,0.0,9375000.0,0,0,60,1440,0,0.0,0.0,0.0,1500000.0,0.0,True
79.1,0,0,375,99924,0,0.0,0.0,0.0,9375000.0,0,0,60,1440,0,0.0,0.0,0.0,1500000.0,0.0,True
79.2,0,0,375,99924,0,0.0,0.0,0.0,9375000.0,0,0,60,1440,0,0.0,0.0,0.0,1500000.0,0.0,True
79.3,0,0,375,99924,0,0.0,0.0,0.0,9375000.0,0,0,60,1440,0,0.0,0.0,0.0,1500000.0,0.0,True
79.4,0,0,375,99924,0,0.0,0.0,0.0,9375000.0,0,0,60,1440,0,0.0,0.0,0.0,1500000.0,0.0,True
79.5,0,0,375,99924,0,0.0,0.0,0.0,9375000.0,0,0,60,1440,0,0.0,0.0,0.0,1500000.0,0.0,True
79.6,0,0,375,99924,0,0.0,0.0,0.0,9375000.0,0,0,60,1440,0,0.0,0.0,0.0,1500000.0,0.0,True
79.7,0,0,375,99924,0,0.0,0.0,0.0,9375000.0,0,0,60,1440,0,0.0,0.0,0.0,1500000.0,0.0,True
79.8,0,0,375,99924,0,0.0,0.0,0.0,9375000.0,0,0,60,1440,0,0.0,0.0,0.0,1500000.0,0.0,True
79.9,0,0,375,99924,0,0.0,0.0,0.0,9375000.0,0,0,60,1440,0,0.0,0.0,0.0,1500000.0,0.0,True
80.0,0,0,375,99924,0,0.0,0.0,0.0,9375000.0,0,0,60,1440,0,0.0,0.0,0.0,1500000.0,0.0,True
80.1,0,0,375,99924,0,0.0,0.0,0.0,9375000.0,0,0,60,1440,0,0.0,0.0,0.0,1500000.0,0.0,True
80.2,0,0,375,99924,0,0.0,0.0,0.0,9375000.0,0,0,60,1440,0,0.0,0.0,0.0,1500000.0,0.0,True
80.3,0,0,375,99924,0,0.0,0.0,0.0,9375000.0,0,0,60,1440,0,0.0,0.0,0.0,1500000.0,0.0,True
80.4,0,0,375,99924,0,0.0,0.0,0.0,9375000.0,0,0,60,1440,0,0.0,0.0,0.0,1500000.0,0.0,True
80.5,0,0,375,99924,0,0.0,0.0,0.0,9375000.0,0,0,60,1440,0,0.0,0.0,0.0,1500000.0,0.0,True
80.6,0,0,375,99924,0,0.0,0.0,0.0,9375000.0,0,0,60,1440,0,0.0,0.0,0.0,1500000.0,0.0,True
80.7,0,0,375,99924,0,0.0,0.0,0.0,9375000.0,0,0,60,1440,0,0.0,0.0,0.0,1500000.0,0.0,True
80.8,0,0,375,99924,0,0.0,0.0,0.0,9375000.0,0,0,60,1440,0,0.0,0.0,0.0,1500000.0,0.0,True
80.9,0,0,375,99924,0,0.0,0.0,0.0,9375000.0,0,0,60,1440,0,0.0,0.0,0.0,1500000.0,0.0,True
81.0,0,0,375,99924,0,0.0,0.0,0.0,9375000.0,0,0,60,1440,0,0.0,0.0,0.0,1500000.0,0.0,True
81.1,0,0,375,99924,0,0.0,0.0,0.0,9375000.0,0,0,60,1440,0,0.0,0.0,0.0,1500000.0,0.0,True
81.2,0,0,375,99924,0,0.0,0.0,0.0,9375000.0,0,0,60,1440,0,0.0,0.0,0.0,1500000.0,0.0,True
81.3,0,0,375,99924,0,0.0,0.0,0.0,9375000.0,0,0,60,1440,0,0.0,0.0,0.0,1500000.0,0.0,True
81.4,0,0,375,99924,0,0.0,0.0,0.0,9375000.0,0,0,60,1440,0,0.0,0.0,0.0,1500000.0,0.0,True
81.5,0,0,375,99924,0,0.0,0.0,0.0,9375000.0,0,0,60,1440,0,0.0,0.0,0.0,1500000.0,0.0,True
81.6,0,0,375,99924,0,0.0,0.0,0.0,9375000.0,0,0,60,1440,0,0.0,0.0,0.0,1500000.0,0.0,True
81.7,0,0,375,99924,0,0.0,0.0,0.0,9375000.0,0,0,60,1440,0,0.0,0.0,0.0,1500000.0,0.0,True
81.8,0,0,375,99924,0,0.0,0.0,0.0,9375000.0,0,0,60,1440,0,0.0,0.0,0.0,1500000.0,0.0,True
81.9,0,0,375,99924,0,0.0,0.0,0.0,9375000.0,0,0,60,1440,0,0.0,0.0,0.0,1500000.0,0.0,True
82.0,0,0,375,99924,0,0.0,0.0,0.0,9375000.0,0,0,60,1440,0,0.0,0.0,0.0,1500000.0,0.0,True
82.1,0,0,375,99924,0,0.0,0.0,0.0,9375000.0,0,0,60,1440,0,0.0,0.0,0.0,1500000.0,0.0,True
82.2,0,0,375,99924,0,0.0,0.0,0.0,9375000.0,0,0,60,1440,0,0.0,0.0,0.0,1500000.0,0.0,True
82.3,0,0,375,99924,0,0.0,0.0,0.0,9375000.0,0,0,60,1440,0,0.0,0.0,0.0,1500000.0,0.0,True
82.4,0,0,375,99924,0,0.0,0.0,0.0,9375000.0,0,0,60,1440,0,0.0,0.0,0.0,1500000.0,0.0,True
82.5,0,0,375,99924,0,0.0,0.0,0.0,9375000.0,0,0,60,1440,0,0.0,0.0,0.0,1500000.0,0.0,True
82.6,0,0,375,99924,0,0.0,0.0,0.0,9375000.0,0,0,60,1440,0,0.0,0.0,0.0,1500000.0,0.0,True
82.7,0,0,375,99924,0,0.0,0.0,0.0,9375000.0,0,0,60,1440,0,0.0,0.0,0.0,1500000.0,0.0,True
82.8,0,0,375,99924,0,0.0,0.0,0.0,9375000.0,0,0,60,1440,0,0.0,0.0,0.0,1500000.0,0.0,True
82.9,0,0,375,99924,0,0.0,0.0,0.0,9375000.0,0,0,60,1440,0,0.0,0.0,0.0,1500000.0,0.0,True
83.0,0,0,375,99924,0,0.0,0.0,0.0,9375000.0,0,0,60,1440,0,0.0,0.0,0.0,1500000.0,0.0,True
83.1,0,0,375,99924,0,0.0,0.0,0.0,9375000.0,0,0,60,1440,0,0.0,0.0,0.0,1500000.0,0.0,True
83.2,0,0,375,99924,0,0.0,0.0,0.0,9375000.0,0,0,60,1440,0,0.0,0.0,0.0,1500000.0,0.0,True
83.3,0,0,375,99924,0,0.0,0.0,0.0,9375000.0,0,0,60,1440,0,0.0,0.0,0.0,1500000.0,0.0,True
83.4,0,0,375,99924,0,0.0,0.0,0.0,9375000.0,0,0,60,1440,0,0.0,0.0,0.0,1500000.0,0.0,True
83.5,0,0,375,99924,0,0.0,0.0,0.0,9375000.0,0,0,60,1440,0,0.0,0.0,0.0,1500000.0,0.0,True
83.6,0,0,375,99924,0,0.0,0.0,0.0,9375000.0,0,0,60,1440,0,0.0,0.0,0.0,1500000.0,0.0,True
83.7,0,0,375,99924,0,0.0,0.0,0.0,9375000.0,0,0,60,1440,0,0.0,0.0,0.0,1500000.0,0.0,True
83.8,0,0,375,99924,0,0.0,0.0,0.0,9375000.0,0,0,60,1440,0,0.0,0.0,0.0,1500000.0,0.0,True
83.9,0,0,375,99924,0,0.0,0.0,0.0,9375000.0,0,0,60,1440,0,0.0,0.0,0.0,1500000.0,0.0,True
84.0,0,0,375,99924,0,0.0,0.0,0.0,9375000.0,0,0,60,1440,0,0.0,0.0,0.0,1500000.0,0.0,True
84.1,0,0,375,99924,0,0.0,0.0,0.0,9375000.0,0,0,60,1440,0,0.0,0.0,0.0,1500000.0,0.0,True
84.2,0,0,375,99924,0,0.0,0.0,0.0,9375000.0,0,0,60,1440,0,0.0,0.0,0.0,1500000.0,0.0,True
84.3,0,0,375,99924,0,0.0,0.0,0.0,9375000.0,0,0,60,1440,0,0.0,0.0,0.0,1500000.0,0.0,True
84.4,0,0,375,99924,0,0.0,0.0,0.0,9375000.0,0,0,60,1440,0,0.0,0.0,0.0,1500000.0,0.0,True
84.5,0,0,375,99924,0,0.0,0.0,0.0,9375000.0,0,0,60,1440,0,0.0,0.0,0.0,1500000.0,0.0,True
84.6,0,0,375,99924,0,0.0,0.0,0.0,9375000.0,0,0,60,1440,0,0.0,0.0,0.0,1500000.0,0.0,True
84.7,0,0,375,99924,0,0.0,0.0,0.0,9375000.0,0,0,60,1440,0,0.0,0.0,0.0,1500000.0,0.0,True
84.8,0,0,375,99924,0,0.0,0.0,0.0,9375000.0,0,0,60,1440,0,0.0,0.0,0.0,1500000.0,0.0,True
84.9,0,0,375,99924,0,0.0,0.0,0.0,9375000.0,0,0,60,1440,0,0.0,0.0,0.0,1500000.0,0.0,True
85.0,0,0,375,99924,0,0.0,0.0,0.0,9375000.0,0,0,60,1440,0,0.0,0.0,0.0,1500000.0,0.0,True
85.1,0,0,375,99924,0,0.0,0.0,0.0,9375000.0,0,0,60,1440,0,0.0,0.0,0.0,1500000.0,0.0,True
85.2,0,0,375,99924,0,0.0,0.0,0.0,9375000.0,0,0,60,1440,0,0.0,0.0,0.0,1500000.0,0.0,True
85.3,0,0,375,99924,0,0.0,0.0,0.0,9375000.0,0,0,60,1440,0,0.0,0.0,0.0,1500000.0,0.0,True
85.4,0,0,375,99924,0,0.0,0.0,0.0,9375000.0,0,0,60,1440,0,0.0,0.0,0.0,1500000.0,0.0,True
85.5,0,0,375,99924,0,0.0,0.0,0.0,9375000.0,0,0,60,1440,0,0.0,0.0,0.0,1500000.0,0.0,True
85.6,0,0,375,99924,0,0.0,0.0,0.0,9375000.0,0,0,60,1440,0,0.0,0.0,0.0,1500000.0,0.0,True
85.7,0,0,375,99924,0,0.0,0.0,0.0,9375000.0,0,0,60,1440,0,0.0,0.0,0.0,1500000.0,0.0,True
85.8,0,0,375,99924,0,0.0,0.0,0.0,9375000.0,0,0,60,1440,0,0.0,0.0,0.0,1500000.0,0.0,True
85.9,0,0,375,99924,0,0.0,0.0,0.0,9375000.0,0,0,60,1440,0,0.0,0.0,0.0,1500000.0,0.0,True
86.0,0,0,375,99924,0,0.0,0.0,0.0,9375000.0,0,0,60,1440,0,0.0,0.0,0.0,1500000.0,0.0,True
86.1,0,0,375,99924,0,0.0,0.0,0.0,9375000.0,0,0,60,1440,0,0.0,0.0,0.0,1500000.0,0.0,True
86.2,0,0,375,99924,0,0.0,0.0,0.0,9375000.0,0,0,60,1440,0,0.0,0.0,0.0,1500000.0,0.0,True
86.3,0,0,375,99924,0,0.0,0.0,0.0,9375000.0,0,0,60,1440,0,0.0,0.0,0.0,1500000.0,0.0,True
86.4,0,0,375,99924,0,0.0,0.0,0.0,9375000.0,0,0,60,1440,0,0.0,0.0,0.0,1500000.0,0.0,True
86.5,0,0,375,99924,0,0.0,0.0,0.0,9375000.0,0,0,60,1440,0,0.0,0.0,0.0,1500000.0,0.0,True
86.6,0,0,375,99924,0,0.0,0.0,0.0,9375000.0,0,0,60,1440,0,0.0,0.0,0.0,1500000.0,0.0,True
86.7,0,0,375,99924,0,0.0,0.0,0.0,9375000.0,0,0,60,1440,0,0.0,0.0,0.0,1500000.0,0.0,True
86.8,0,0,375,99924,0,0.0,0.0,0.0,9375000.0,0,0,60,1440,0,0.0,0.0,0.0,1500000.0,0.0,True
86.9,0,0,375,99924,0,0.0,0.0,0.0,9375000.0,0,0,60,1440,0,0.0,0.0,0.0,1500000.0,0.0,True
87.0,0,0,375,99924,0,0.0,0.0,0.0,9375000.0,0,0,60,1440,0,0.0,0.0,0.0,1500000.0,0.0,True
87.1,0,0,375,99924,0,0.0,0.0,0.0,9375000.0,0,0,60,1440,0,0.0,0.0,0.0,1500000.0,0.0,True
87.2,0,0,375,99924,0,0.0,0.0,0.0,9375000.0,0,0,60,1440,0,0.0,0.0,0.0,1500000.0,0.0,True
87.3,0,0,375,99924,0,0.0,0.0,0.0,9375000.0,0,0,60,1440,0,0.0,0.0,0.0,1500000.0,0.0,True
87.4,0,0,375,99924,0,0.0,0.0,0.0,9375000.0,0,0,60,1440,0,0.0,0.0,0.0,1500000.0,0.0,True
87.5,0,0,375,99924,0,0.0,0.0,0.0,9375000.0,0,0,60,1440,0,0.0,0.0,0.0,1500000.0,0.0,True
87.6,0,0,375,99924,0,0.0,0.0,0.0,9375000.0,0,0,60,1440,0,0.0,0.0,0.0,1500000.0,0.0,True
87.7,0,0,375,99924,0,0.0,0.0,0.0,9375000.0,0,0,60,1440,0,0.0,0.0,0.0,1500000.0,0.0,True
87.8,0,0,375,99924,0,0.0,0.0,0.0,9375000.0,0,0,60,1440,0,0.0,0.0,0.0,1500000.0,0.0,True
87.9,0,0,375,99924,0,0.0,0.0,0.0,9375000.0,0,0,60,1440,0,0.0,0.0,0.0,1500000.0,0.0,True
88.0,0,0,375,99924,0,0.0,0.0,0.0,9375000.0,0,0,60,1440,0,0.0,0.0,0.0,1500000.0,0.0,True
88.1,0,0,375,99924,0,0.0,0.0,0.0,9375000.0,0,0,60,1440,0,0.0,0.0,0.0,1500000.0,0.0,True
88.2,0,0,375,99924,0,0.0,0.0,0.0,9375000.0,0,0,60,1440,0,0.0,0.0,0.0,1500000.0,0.0,True
88.3,0,0,375,99924,0,0.0,0.0,0.0,9375000.0,0,0,60,1440,0,0.0,0.0,0.0,1500000.0,0.0,True
88.4,0,0,375,99924,0,0.0,0.0,0.0,9375000.0,0,0,60,1440,0,0.0,0.0,0.0,1500000.0,0.0,True
88.5,0,0,375,99924,0,0.0,0.0,0.0,9375000.0,0,0,60,1440,0,0.0,0.0,0.0,1500000.0,0.0,True
88.6,0,0,375,99924,0,0.0,0.0,0.0,9375000.0,0,0,60,1440,0,0.0,0.0,0.0,1500000.0,0.0,True
88.7,0,0,375,99924,0,0.0,0.0,0.0,9375000.0,0,0,60,1440,0,0.0,0.0,0.0,1500000.0,0.0,True
88.8,0,0,375,99924,0,0.0,0.0,0.0,9375000.0,0,0,60,1440,0,0.0,0.0,0.0,1500000.0,0.0,True
88.9,0,0,375,99924,0,0.0,0.0,0.0,9375000.0,0,0,60,1440,0,0.0,0.0,0.0,1500000.0,0.0,True
89.0,0,0,375,99924,0,0.0,0.0,0.0,9375000.0,0,0,60,1440,0,0.0,0.0,0.0,1500000.0,0.0,True
89.1,0,0,375,99924,0,0.0,0.0,0.0,9375000.0,0,0,60,1440,0,0.0,0.0,0.0,1500000.0,0.0,True
89.2,0,0,375,99924,0,0.0,0.0,0.0,9375000.0,0,0,60,1440,0,0.0,0.0,0.0,1500000.0,0.0,True
89.3,0,0,375,99924,0,0.0,0.0,0.0,9375000.0,0,0,60,1440,0,0.0,0.0,0.0,1500000.0,0.0,True
89.4,0,0,375,99924,0,0.0,0.0,0.0,9375000.0,0,0,60,1440,0,0.0,0.0,0.0,1500000.0,0.0,True
89.5,0,0,375,99924,0,0.0,0.0,0.0,9375000.0,0,0,60,1440,0,0.0,0.0,0.0,1500000.0,0.0,True
89.6,0,0,375,99924,0,0.0,0.0,0.0,9375000.0,0,0,60,1440,0,0.0,0.0,0.0,1500000.0,0.0,True
89.7,0,0,375,99924,0,0.0,0.0,0.0,9375000.0,0,0,60,1440,0,0.0,0.0,0.0,1500000.0,0.0,True
89.8,0,0,375,99924,0,0.0,0.0,0.0,9375000.0,0,0,60,1440,0,0.0,0.0,0.0,1500000.0,0.0,True
89.9,0,0,375,99924,0,0.0,0.0,0.0,9375000.0,0,0,60,1440,0,0.0,0.0,0.0,1500000.0,0.0,True
90.0,0,0,375,99924,0,0.0,0.0,0.0,9375000.0,0,0,60,1440,0,0.0,0.0,0.0,1500000.0,0.0,True
90.1,0,0,375,99924,0,0.0,0.0,0.0,9375000.0,0,0,60,1440,0,0.0,0.0,0.0,1500000.0,0.0,True
90.2,0,0,375,99924,0,0.0,0.0,0.0,9375000.0,0,0,60,1440,0,0.0,0.0,0.0,1500000.0,0.0,True
90.3,0,0,375,99924,0,0.0,0.0,0.0,9375000.0,0,0,60,1440,0,0.0,0.0,0.0,1500000.0,0.0,True
90.4,0,0,375,99924,0,0.0,0.0,0.0,9375000.0,0,0,60,1440,0,0.0,0.0,0.0,1500000.0,0.0,True
90.5,0,0,375,99924,0,0.0,0.0,0.0,9375000.0,0,0,60,1440,0,0.0,0.0,0.0,1500000.0,0.0,True
90.6,0,0,375,99924,0,0.0,0.0,0.0,9375000.0,0,0,60,1440,0,0.0,0.0,0.0,1500000.0,0.0,True
90.7,0,0,375,99924,0,0.0,0.0,0.0,9375000.0,0,0,60,1440,0,0.0,0.0,0.0,1500000.0,0.0,True
90.8,0,0,375,99924,0,0.0,0.0,0.0,9375000.0,0,0,60,1440,0,0.0,0.0,0.0,1500000.0,0.0,True
90.9,0,0,375,99924,0,0.0,0.0,0.0,9375000.0,0,0,60,1440,0,0.0,0.0,0.0,1500000.0,0.0,True
91.0,0,0,375,99924,0,0.0,0.0,0.0,9375000.0,0,0,60,1440,0,0.0,0.0,0.0,1500000.0,0.0,True
91.1,0,0,375,99924,0,0.0,0.0,0.0,9375000.0,0,0,60,1440,0,0.0,0.0,0.0,1500000.0,0.0,True
91.2,0,0,375,99924,0,0.0,0.0,0.0,9375000.0,0,0,60,1440,0,0.0,0.0,0.0,1500000.0,0.0,True
91.3,0,0,375,99924,0,0.0,0.0,0.0,9375000.0,0,0,60,1440,0,0.0,0.0,0.0,1500000.0,0.0,True
91.4,0,0,375,99924,0,0.0,0.0,0.0,9375000.0,0,0,60,1440,0,0.0,0.0,0.0,1500000.0,0.0,True
91.5,0,0,375,99924,0,0.0,0.0,0.0,9375000.0,0,0,60,1440,0,0.0,0.0,0.0,1500000.0,0.0,True
91.6,0,0,375,99924,0,0.0,0.0,0.0,9375000.0,0,0,60,1440,0,0.0,0.0,0.0,1500000.0,0.0,True
91.7,0,0,375,99924,0,0.0,0.0,0.0,9375000.0,0,0,60,1440,0,0.0,0.0,0.0,1500000.0,0.0,True
91.8,0,0,375,99924,0,0.0,0.0,0.0,9375000.0,0,0,60,1440,0,0.0,0.0,0.0,1500000.0,0.0,True
91.9,0,0,375,99924,0,0.0,0.0,0.0,9375000.0,0,0,60,1440,0,0.0,0.0,0.0,1500000.0,0.0,True
92.0,0,0,375,99924,0,0.0,0.0,0.0,9375000.0,0,0,60,1440,0,0.0,0.0,0.0,1500000.0,0.0,True
92.1,0,0,375,99924,0,0.0,0.0,0.0,9375000.0,0,0,60,1440,0,0.0,0.0,0.0,1500000.0,0.0,True
92.2,0,0,375,99924,0,0.0,0.0,0.0,9375000.0,0,0,60,1440,0,0.0,0.0,0.0,1500000.0,0.0,True
92.3,0,0,375,99924,0,0.0,0.0,0.0,9375000.0,0,0,60,1440,0,0.0,0.0,0.0,1500000.0,0.0,True
92.4,0,0,375,99924,0,0.0,0.0,0.0,9375000.0,0,0,60,1440,0,0.0,0.0,0.0,1500000.0,0.0,True
92.5,0,0,375,99924,0,0.0,0.0,0.0,9375000.0,0,0,60,1440,0,0.0,0.0,0.0,1500000.0,0.0,True
92.6,0,0,375,99924,0,0.0,0.0,0.0,9375000.0,0,0,60,1440,0,0.0,0.0,0.0,1500000.0,0.0,True
92.7,0,0,375,99924,0,0.0,0.0,0.0,9375000.0,0,0,60,1440,0,0.0,0.0,0.0,1500000.0,0.0,True
92.8,0,0,375,99924,0,0.0,0.0,0.0,9375000.0,0,0,60,1440,0,0.0,0.0,0.0,1500000.0,0.0,True
92.9,0,0,375,99924,0,0.0,0.0,0.0,9375000.0,0,0,60,1440,0,0.0,0.0,0.0,1500000.0,0.0,True
93.0,0,0,375,99924,0,0.0,0.0,0.0,9375000.0,0,0,60,1440,0,0.0,0.0,0.0,1500000.0,0.0,True
93.1,0,0,375,99924,0,0.0,0.0,0.0,9375000.0,0,0,60,1440,0,0.0,0.0,0.0,1500000.0,0.0,True
93.2,0,0,375,99924,0,0.0,0.0,0.0,9375000.0,0,0,60,1440,0,0.0,0.0,0.0,1500000.0,0.0,True
93.3,0,0,375,99924,0,0.0,0.0,0.0,9375000.0,0,0,60,1440,0,0.0,0.0,0.0,1500000.0,0.0,True
93.4,0,0,375,99924,0,0.0,0.0,0.0,9375000.0,0,0,60,1440,0,0.0,0.0,0.0,1500000.0,0.0,True
93.5,0,0,375,99924,0,0.0,0.0,0.0,9375000.0,0,0,60,1440,0,0.0,0.0,0.0,1500000.0,0.0,True
93.6,0,0,375,99924,0,0.0,0.0,0.0,9375000.0,0,0,60,1440,0,0.0,0.0,0.0,1500000.0,0.0,True
93.7,0,0,375,99924,0,0.0,0.0,0.0,9375000.0,0,0,60,1440,0,0.0,0.0,0.0,1500000.0,0.0,True
93.8,0,0,375,99924,0,0.0,0.0,0.0,9375000.0,0,0,60,1440,0,0.0,0.0,0.0,1500000.0,0.0,True
93.9,0,0,375,99924,0,0.0,0.0,0.0,9375000.0,0,0,60,1440,0,0.0,0.0,0.0,1500000.0,0.0,True
94.0,0,0,375,99924,0,0.0,0.0,0.0,9375000.0,0,0,60,1440,0,0.0,0.0,0.0,1500000.0,0.0,True
94.1,0,0,375,99924,0,0.0,0.0,0.0,9375000.0,0,0,60,1440,0,0.0,0.0,0.0,1500000.0,0.0,True
94.2,0,0,375,99924,0,0.0,0.0,0.0,9375000.0,0,0,60,1440,0,0.0,0.0,0.0,1500000.0,0.0,True
94.3,0,0,375,99924,0,0.0,0.0,0.0,9375000.0,0,0,60,1440,0,0.0,0.0,0.0,1500000.0,0.0,True
94.4,0,0,375,99924,0,0.0,0.0,0.0,9375000.0,0,0,60,1440,0,0.0,0.0,0.0,1500000.0,0.0,True
94.5,0,0,375,99924,0,0.0,0.0,0.0,9375000.0,0,0,60,1440,0,0.0,0.0,0.0,1500000.0,0.0,True
94.6,0,0,375,99924,0,0.0,0.0,0.0,9375000.0,0,0,60,1440,0,0.0,0.0,0.0,1500000.0,0.0,True
94.7,0,0,375,99924,0,0.0,0.0,0.0,9375000.0,0,0,60,1440,0,0.0,0.0,0.0,1500000.0,0.0,True
94.8,0,0,375,99924,0,0.0,0.0,0.0,9375000.0,0,0,60,1440,0,0.0,0.0,0.0,1500000.0,0.0,True
94.9,0,0,375,99924,0,0.0,0.0,0.0,9375000.0,0,0,60,1440,0,0.0,0.0,0.0,1500000.0,0.0,True
95.0,0,0,375,99924,0,0.0,0.0,0.0,9375000.0,0,0,60,1440,0,0.0,0.0,0.0,1500000.0,0.0,True
95.1,0,0,375,99924,0,0.0,0.0,0.0,9375000.0,0,0,60,1440,0,0.0,0.0,0.0,1500000.0,0.0,True
95.2,0,0,375,99924,0,0.0,0.0,0.0,9375000.0,0,0,60,1440,0,0.0,0.0,0.0,1500000.0,0.0,True
95.3,0,0,375,99924,0,0.0,0.0,0.0,9375000.0,0,0,60,1440,0,0.0,0.0,0.0,1500000.0,0.0,True
95.4,0,0,375,99924,0,0.0,0.0,0.0,9375000.0,0,0,60,1440,0,0.0,0.0,0.0,1500000.0,0.0,True
95.5,0,0,375,99924,0,0.0,0.0,0.0,9375000.0,0,0,60,1440,0,0.0,0.0,0.0,1500000.0,0.0,True
95.6,0,0,375,99924,0,0.0,0.0,0.0,9375000.0,0,0,60,1440,0,0.0,0.0,0.0,1500000.0,0.0,True
95.7,0,0,375,99924,0,0.0,0.0,0.0,9375000.0,0,0,60,1440,0,0.0,0.0,0.0,1500000.0,0.0,True
95.8,0,0,375,99924,0,0.0,0.0,0.0,9375000.0,0,0,60,1440,0,0.0,0.0,0.0,1500000.0,0.0,True
95.9,0,0,375,99924,0,0.0,0.0,0.0,9375000.0,0,0,60,1440,0,0.0,0.0,0.0,1500000.0,0.0,True
96.0,0,0,375,99924,0,0.0,0.0,0.0,9375000.0,0,0,60,1440,0,0.0,0.0,0.0,1500000.0,0.0,True
96.1,0,0,375,99924,0,0.0,0.0,0.0,9375000.0,0,0,60,1440,0,0.0,0.0,0.0,1500000.0,0.0,True
96.2,0,0,375,99924,0,0.0,0.0,0.0,9375000.0,0,0,60,1440,0,0.0,0.0,0.0,1500000.0,0.0,True
96.3,0,0,375,99924,0,0.0,0.0,0.0,9375000.0,0,0,60,1440,0,0.0,0.0,0.0,1500000.0,0.0,True
96.4,0,0,375,99924,0,0.0,0.0,0.0,9375000.0,0,0,60,1440,0,0.0,0.0,0.0,1500000.0,0.0,True
96.5,0,0,375,99924,0,0.0,0.0,0.0,9375000.0,0,0,60,1440,0,0.0,0.0,0.0,1500000.0,0.0,True
96.6,0,0,375,99924,0,0.0,0.0,0.0,9375000.0,0,0,60,1440,0,0.0,0.0,0.0,1500000.0,0.0,True
96.7,0,0,375,99924,0,0.0,0.0,0.0,9375000.0,0,0,60,1440,0,0.0,0.0,0.0,1500000.0,0.0,True
96.8,0,0,375,99924,0,0.0,0.0,0.0,9375000.0,0,0,60,1440,0,0.0,0.0,0.0,1500000.0,0.0,True
96.9,0,0,375,99924,0,0.0,0.0,0.0,9375000.0,0,0,60,1440,0,0.0,0.0,0.0,1500000.0,0.0,True
97.0,0,0,375,99924,0,0.0,0.0,0.0,9375000.0,0,0,60,1440,0,0.0,0.0,0.0,1500000.0,0.0,True
97.1,0,0,375,99924,0,0.0,0.0,0.0,9375000.0,0,0,60,1440,0,0.0,0.0,0.0,1500000.0,0.0,True
97.2,0,0,375,99924,0,0.0,0.0,0.0,9375000.0,0,0,60,1440,0,0.0,0.0,0.0,1500000.0,0.0,True
97.3,0,0,375,99924,0,0.0,0.0,0.0,9375000.0,0,0,60,1440,0,0.0,0.0,0.0,1500000.0,0.0,True
97.4,0,0,375,99924,0,0.0,0.0,0.0,9375000.0,0,0,60,1440,0,0.0,0.0,0.0,1500000.0,0.0,True
97.5,0,0,375,99924,0,0.0,0.0,0.0,9375000.0,0,0,60,1440,0,0.0,0.0,0.0,1500000.0,0.0,True
97.6,0,0,375,99924,0,0.0,0.0,0.0,9375000.0,0,0,60,1440,0,0.0,0.0,0.0,1500000.0,0.0,True
97.7,0,0,375,99924,0,0.0,0.0,0.0,9375000.0,0,0,60,1440,0,0.0,0.0,0.0,1500000.0,0.0,True
97.8,0,0,375,99924,0,0.0,0.0,0.0,9375000.0,0,0,60,1440,0,0.0,0.0,0.0,1500000.0,0.0,True
97.9,0,0,375,99924,0,0.0,0.0,0.0,9375000.0,0,0,60,1440,0,0.0,0.0,0.0,1500000.0,0.0,True
98.0,0,0,375,99924,0,0.0,0.0,0.0,9375000.0,0,0,60,1440,0,0.0,0.0,0.0,1500000.0,0.0,True
98.1,0,0,375,99924,0,0.0,0.0,0.0,9375000.0,0,0,60,1440,0,0.0,0.0,0.0,1500000.0,0.0,True
98.2,0,0,375,99924,0,0.0,0.0,0.0,9375000.0,0,0,60,1440,0,0.0,0.0,0.0,1500000.0,0.0,True
98.3,0,0,375,99924,0,0.0,0.0,0.0,9375000.0,0,0,60,1440,0,0.0,0.0,0.0,1500000.0,0.0,True
98.4,0,0,375,99924,0,0.0,0.0,0.0,9375000.0,0,0,60,1440,0,0.0,0.0,0.0,1500000.0,0.0,True
98.5,0,0,375,99924,0,0.0,0.0,0.0,9375000.0,0,0,60,1440,0,0.0,0.0,0.0,1500000.0,0.0,True
98.6,0,0,375,99924,0,0.0,0.0,0.0,9375000.0,0,0,60,1440,0,0.0,0.0,0.0,1500000.0,0.0,True
98.7,0,0,375,99924,0,0.0,0.0,0.0,9375000.0,0,0,60,1440,0,0.0,0.0,0.0,1500000.0,0.0,True
98.8,0,0,375,99924,0,0.0,0.0,0.0,9375000.0,0,0,60,1440,0,0.0,0.0,0.0,1500000.0,0.0,True
98.9,0,0,375,99924,0,0.0,0.0,0.0,9375000.0,0,0,60,1440,0,0.0,0.0,0.0,1500000.0,0.0,True
99.0,0,0,375,99924,0,0.0,0.0,0.0,9375000.0,0,0,60,1440,0,0.0,0.0,0.0,1500000.0,0.0,True
99.1,0,0,375,99924,0,0.0,0.0,0.0,9375000.0,0,0,60,1440,0,0.0,0.0,0.0,1500000.0,0.0,True
99.2,0,0,375,99924,0,0.0,0.0,0.0,9375000.0,0,0,60,1440,0,0.0,0.0,0.0,1500000.0,0.0,True
99.3,0,0,375,99924,0,0.0,0.0,0.0,9375000.0,0,0,60,1440,0,0.0,0.0,0.0,1500000.0,0.0,True
99.4,0,0,375,99924,0,0.0,0.0,0.0,9375000.0,0,0,60,1440,0,0.0,0.0,0.0,1500000.0,0.0,True
99.5,0,0,375,99924,0,0.0,0.0,0.0,9375000.0,0,0,60,1440,0,0.0,0.0,0.0,1500000.0,0.0,True
99.6,0,0,375,99924,0,0.0,0.0,0.0,9375000.0,0,0,60,1440,0,0.0,0.0,0.0,1500000.0,0.0,True
99.7,0,0,375,99924,0,0.0,0.0,0.0,9375000.0,0,0,60,1440,0,0.0,0.0,0.0,1500000.0,0.0,True
99.8,0,0,375,99924,0,0.0,0.0,0.0,9375000.0,0,0,60,1440,0,0.0,0.0,0.0,1500000.0,0.0,True
99.9,0,0,375,99924,0,0.0,0.0,0.0,9375000.0,0,0,60,1440,0,0.0,0.0,0.0,1500000.0,0.0,True
100.0,0,0,375,99924,0,0.0,0.0,0.0,9375000.0,0,0,60,1440,0,0.0,0.0,0.0,1500000.0,0.0,True
